,652,653,654,655,656,657,658,659,660,661,662,663,664,665,666,667,668,669,670,671,672
A,-0.0907750129699707,-3.7916376888751984,-7.555173367261887,0.08631753921508789,-1.917556881904602,-3.7197831869125366,-0.9656248092651367,-0.3957233428955078,-2.0957326889038086,-0.7074170112609863,-1.0667864084243774,-0.6729366779327393,-1.5861772298812866,-0.5830926895141602,-1.8189618587493896,1.4032803773880005,-0.22394967079162598,0.0,-1.0858685970306396,-4.0636773109436035,-0.9020295143127441
C,-3.8202853202819824,-6.42698934674263,-8.935915917158127,-3.9169416427612305,-6.151315331459045,-3.9511436223983765,-4.683618545532227,-1.718153953552246,-5.6419572830200195,-4.420062303543091,-4.453261494636536,-6.413066148757935,-6.668759703636169,-4.257187128067017,-3.446643114089966,-0.8768582344055176,-2.1281042098999023,-1.5116865634918213,-2.6114773750305176,-3.4536304473876953,-2.5891499519348145
D,-4.548960208892822,-2.4493627846240997,-11.413768738508224,-0.691368579864502,-2.2081719636917114,-10.221701979637146,-0.49199914932250977,-5.000973224639893,-1.728243112564087,-0.964759111404419,-2.092793107032776,0.0,0.48137474060058594,-0.19488883018493652,-2.8296287059783936,-2.8903064727783203,-1.1201815605163574,-4.4840309619903564,-0.7406156063079834,-9.838208675384521,-1.4001107215881348
E,-4.578138828277588,-4.099124222993851,-11.037351578474045,0.40221405029296875,-1.636116862297058,-9.46030080318451,0.482940673828125,-4.125943660736084,0.0,0.0,-1.0410062074661255,0.2971479892730713,-0.08655738830566406,-0.10014986991882324,-2.5667173862457275,-2.440736770629883,0.7882938385009766,-4.494246244430542,-0.4498004913330078,-9.145667552947998,-0.4982166290283203
F,-6.692185878753662,-5.28695085644722,-5.728903740644455,-2.4094066619873047,-2.8779011964797974,-0.882351279258728,-1.8805952072143555,1.3605694770812988,-3.4286584854125977,-3.6874802112579346,-2.4727126359939575,-4.0298449993133545,-4.722469687461853,-1.880448579788208,-0.3477935791015625,0.9069695472717285,-0.4586343765258789,-1.2988383769989014,0.0,-0.08942556381225586,-2.0069527626037598
G,-1.1852006912231445,-4.285919934511185,-10.198300331830978,-1.8793916702270508,-2.249442219734192,-7.948949217796326,-2.4423365592956543,-2.2375545501708984,-2.6804628372192383,-1.3420121669769287,-1.279884934425354,-0.3034965991973877,0.0,1.5254878997802734,-2.0854923725128174,-0.36698412895202637,-2.168790817260742,-1.963346242904663,-2.0437850952148438,-7.633805751800537,-1.8671975135803223
H,-5.777528285980225,-3.5339517891407013,-10.09702679514885,-0.668616771697998,-2.2058082818984985,-6.934575438499451,-0.045409202575683594,-1.8961796760559082,-2.4391865730285645,-2.5894949436187744,-1.275203824043274,-2.1598355770111084,-2.2731980085372925,-0.8927931785583496,-1.287189245223999,-1.053558349609375,0.04174447059631348,-2.1745941638946533,-0.43003416061401367,-8.846625804901123,-1.18259859085083
I,-4.833822727203369,-4.31821945309639,0.0,-0.008731842041015625,-4.157885670661926,-0.26552915573120117,-1.381380558013916,1.7794855833053589,-2.5926764011383057,-2.295243263244629,-0.6235154867172241,-3.1532461643218994,-4.2651766538619995,-2.276862382888794,0.450982928276062,1.201113224029541,1.2514275312423706,1.1978557109832764,0.4528663158416748,0.0,0.25897932052612305
K,-6.01822566986084,-4.720113545656204,-11.27677246928215,-0.9348304271697998,-2.8347498178482056,-10.636370062828064,0.6101326942443848,-5.153554439544678,-1.55367112159729,-1.5298776626586914,0.0,-0.6229150295257568,-1.1634033918380737,0.11663818359375,-1.6845157146453857,-2.0541224479675293,-1.0755062103271484,-6.06928277015686,-0.8202648162841797,-11.81531286239624,-0.01739811897277832
L,-4.844578742980957,-4.717891484498978,-2.830022305250168,0.6772680282592773,-2.689177632331848,0.0,-1.3372023105621338,2.205053448677063,-2.6313438415527344,-2.189185619354248,-0.5395761728286743,-2.888517141342163,-3.3826926946640015,-1.2235639095306396,0.4367278814315796,0.7077703475952148,0.8950285911560059,0.7542660236358643,0.1884012222290039,-0.6163845062255859,0.25327634811401367
M,-5.50908899307251,-5.4967420399188995,-3.7703995406627655,-1.6396732330322266,-3.250069260597229,-1.9453238248825073,-2.279501438140869,0.8748359680175781,-3.4417948722839355,-2.7011892795562744,-1.6548811197280884,-3.4194142818450928,-4.330800890922546,-1.9005730152130127,-0.9465692043304443,0.015717506408691406,-0.3070039749145508,-0.01802229881286621,-1.2131905555725098,-2.4696648120880127,-0.9974589347839355
N,-4.970020771026611,0.0,-9.776468247175217,-1.136186122894287,-1.8467873334884644,-7.937774062156677,0.0,-2.4919347763061523,-2.654085159301758,-1.3948261737823486,-1.9244142770767212,-0.7547640800476074,0.08111739158630371,-0.042532920837402344,-1.210817575454712,-1.1897993087768555,-1.0674304962158203,-1.9656589031219482,-0.3258476257324219,-9.404553890228271,-0.8866362571716309
P,-4.221053123474121,-5.675643235445023,-7.520232647657394,-3.7955760955810547,-7.068776726722717,-9.331032156944275,-7.093047618865967,-4.239974021911621,-5.013486385345459,-0.26540231704711914,-1.9109913110733032,0.0328061580657959,-1.2909411191940308,-1.7806284427642822,-2.254499673843384,-3.539181709289551,-4.106218338012695,-5.1537439823150635,-6.068748950958252,-9.446282863616943,-5.843892574310303
Q,-5.614868640899658,-4.204818516969681,-9.600228279829025,0.0,-1.979021668434143,-7.694339156150818,0.3442807197570801,-2.651674270629883,-1.5336413383483887,-1.4409809112548828,-1.0948039293289185,-1.1658737659454346,-1.6545952558517456,-0.24405503273010254,-1.7901933193206787,-1.1900897026062012,0.23220157623291016,-2.101545572280884,-1.021960735321045,-9.2307448387146,-0.3197040557861328
R,-6.169702053070068,-4.286862164735794,-10.63302418589592,-0.41075944900512695,-2.500925660133362,-9.631768584251404,0.6832413673400879,-4.039953231811523,-1.281766414642334,-1.8922946453094482,0.29607677459716797,-0.9422833919525146,-1.8548511266708374,0.0,-1.0700275897979736,-1.5478854179382324,-0.3446657657623291,-5.613351106643677,-0.4243316650390625,-11.141602993011475,0.0
S,0.0,-2.0521803200244904,-9.274435013532639,-0.10821890830993652,0.0,-5.836295962333679,0.4466285705566406,-0.6289501190185547,-1.5516293048858643,-0.6916582584381104,-1.025370717048645,-0.2968862056732178,-1.0882128477096558,-0.3492889404296875,-1.0272190570831299,0.6650118827819824,0.0,-1.1825621128082275,0.19963622093200684,-6.876243591308594,0.05721330642700195
T,-2.3456149101257324,-3.1092465221881866,-7.546610325574875,0.6774121522903442,-1.7724071741104126,-5.022542357444763,0.17953920364379883,0.0,-1.4596333503723145,-1.131894826889038,-0.7018777132034302,-0.9897055625915527,-1.9218705892562866,-0.8730044364929199,0.04046750068664551,0.820216178894043,0.8104910850524902,-0.4193699359893799,1.4610340595245361,-5.3996686935424805,1.9743732213974
V,-3.4497828483581543,-4.17619064450264,-2.5993532836437225,0.6506061553955078,-3.5710946321487427,-0.31022071838378906,-0.7691383361816406,1.413922667503357,-1.8360967636108398,-1.5468578338623047,-0.6402503252029419,-2.4948909282684326,-3.8404005765914917,-1.7251265048980713,0.0,1.5750635862350464,1.416999101638794,1.3101861476898193,0.7011549472808838,-0.9652271270751953,0.7457599639892578
W,-9.389970302581787,-7.3391173183918,-10.729744881391525,-4.98673152923584,-4.128178715705872,-4.884464144706726,-3.219733238220215,-2.027890682220459,-4.460221290588379,-5.113690614700317,-4.003028035163879,-5.6731908321380615,-6.749913573265076,-4.2837278842926025,-2.821782350540161,-1.9246501922607422,-2.126455307006836,-4.930456876754761,-1.2353997230529785,-7.179427623748779,-3.292365550994873
Y,-6.960838317871094,-4.931222707033157,-8.592452973127365,-2.2494311332702637,-2.7795945405960083,-3.7497986555099487,-1.5754790306091309,0.2837691307067871,-3.113842487335205,-3.557297945022583,-2.54191792011261,-3.712322950363159,-4.259544730186462,-2.2482492923736572,-0.45897555351257324,0.0,-0.05321788787841797,-2.032453775405884,0.09009456634521484,-4.137879371643066,-1.9379076957702637
