,144,145,146,147,148,149,150,151,152,153,154,155,156,157,158,159,160,161,162,163,164
A,-7.6596112826955505,-8.254878795240074,-4.608758989721537,-5.988882541656494,-10.510913093574345,-10.840775437187403,0.0,-6.518449903815053,-10.267113858950324,0.0,-4.590325601398945,-5.927500135498121,-4.598212996846996,-8.276364491699496,-9.331831682095071,-10.424867558525875,-9.170761345885694,-10.633962150895968,-12.644990722532384,0.0,-12.70152887282893
C,-10.104561148036737,-8.240164554212242,-5.094243112951517,-3.642526865005493,-4.509198387153447,-12.784854359459132,-10.474319527857006,-11.678745390265249,-7.860346013796516,-4.7413855833001435,-6.126505620777607,-3.152493841247633,-0.8745859063928947,-11.38211624455289,-11.322251546749612,-7.936682391213253,-10.905136107467115,-7.352048393571749,-11.384357253904454,-9.04759005154483,-11.118903841357678
D,-2.5041483024251647,-1.7215483547188342,-7.855822149664164,-10.605348110198975,0.0,-6.058071560692042,-7.912977765314281,-2.589779974310659,-2.804450208437629,0.4173172670416534,0.16910814493894577,2.1175156764220446,-2.904606620199047,-2.0282313091738615,-11.791249502071878,-6.445501017617062,-5.361230789683759,-6.604944225633517,-2.57482794940006,-6.841534410370514,-11.945256914477795
E,-3.520048914302606,-3.7344420314766467,-7.187397543340921,-10.005927801132202,-7.460088451392949,-8.10361475450918,-8.962219784967601,-3.7620154632022604,-6.021607572329231,-0.555309419054538,-2.0927336290478706,-0.055314428405836225,-3.06952551973518,-4.507030175445834,-12.38097881115391,-9.785213160561398,0.0,-10.872986790025607,-5.072820464964025,-5.910512243164703,-9.345015253406018
F,-5.3012035468709655,-4.778583324048668,-2.7656336463987827,-4.068125009536743,-5.209224422462285,-6.927229828666896,-6.388169358484447,-7.480212093680166,0.0,-1.9101401609368622,7.07916235178709,0.12053739349357784,-0.7625492013758048,-1.8221952183230314,-6.649291265377542,-6.587384867714718,-8.059828757308424,-1.8637165988329798,-6.742354671354406,-9.457520280731842,-9.306006636004895
G,-2.8071029761922546,-4.329220092389733,-9.3267758525908,-6.882038354873657,-7.107897003181279,-10.131065316032618,-6.565990994684398,-3.1112328780582175,-6.271320516359992,-6.191630725283176,1.032103292644024,0.0,0.0,-7.17003218960599,-13.086649644741556,-8.394999194191769,-7.520455359481275,-7.528640266740695,-9.765741149778478,-9.798045192612335,-13.01107570109889
H,-7.663442907680292,-0.8956654430367053,-3.7879391349852085,-5.578296422958374,-8.479867060668766,-9.35999435884878,-12.026344846002758,-9.500376821844839,-7.666910344851203,-7.393322114367038,-2.516452081501484,-4.138251669006422,-7.5062454141443595,-6.716653512237826,-12.438713300594827,-6.123665022896603,-7.717595576308668,-7.112492081010714,-5.466251174802892,-14.486437116516754,-4.483032907824963
I,-5.506509123195428,-7.05832556495443,-2.323295656591654,-2.8704302310943604,-3.7557642059400678,0.0,-6.836354802362621,-7.053696752875112,-9.490969354403205,-5.146101121325046,-5.490712650120258,-0.9290450878906995,-0.30376700533088297,-7.711934970138827,-3.786935079464456,-8.315385508583859,-8.659296511672437,-2.515939232194796,-8.345002333517186,-10.083124433411285,-9.771082128863782
K,-3.5367944816243835,-4.330509460065514,-8.916697088629007,-8.951888799667358,-6.7610714035108685,-7.576656765770167,-11.661652634851635,-7.790331484167837,-4.185194188845344,-2.7998009962029755,-0.14241719990968704,-4.493039495544508,-8.363182345754467,-4.379566834686557,-10.258180368313333,-10.60296409134753,-3.6292724600061774,-4.421904560411349,-4.814899246091954,-12.75531378830783,-6.883216108661145
L,-7.687082109798212,0.0,0.5735220275819302,-0.9095652103424072,-6.145086486823857,-7.676594204735011,-6.339500020258129,-10.51969164737966,-6.516858155024238,-5.387791757006198,-4.229316480457783,-0.8067230053711683,-1.4624746240442619,-5.923958943603793,-10.889963376888772,-6.590870308922604,-8.208144186995924,-8.059256550157443,0.0,-10.97154310788028,-7.348860945086926
M,-7.3414891341817565,-7.132304227445275,-5.481534067541361,-5.920762300491333,-8.02660866547376,-8.283524460624903,-9.22988040279597,-6.768975378363393,-9.26765888382215,-6.106693391222507,-4.214360482990742,-4.15043009002693,-3.333881179220043,-7.191020177124301,-3.4548513773770537,-11.06147353653796,-9.269197463057935,-6.973183151567355,-5.818242828245275,-10.696214948548004,-10.86274167476222
N,-6.659807978023309,-3.9989893794991076,-6.99914700165391,-5.9175941944122314,-3.3013703422620893,-6.713006443809718,-10.953171799890697,-8.864860178320669,-5.928991491091438,-6.202050332445651,-1.6938622072339058,-3.4845775433350354,-7.6435344613855705,-7.058837102173129,-8.831621158489725,-6.900800395058468,-7.396077155135572,0.0,-6.513841430540197,-10.225168500794098,-9.767014707904309
P,-12.953407404769678,0.8307072757743299,0.0,-1.0394980907440186,-9.35433550644666,-7.70153135759756,-7.3404169185087085,-9.449370504706167,-2.4372264688136056,-11.292800311464816,-0.7315046861767769,-1.6837667294312268,-4.259723464376293,-8.5161892635806,-5.033276784786722,0.0,-7.005384444259107,-2.4485735858324915,-1.3342826765729114,-12.078610335243866,-9.381885732989758
Q,-9.449175176967401,-0.452298438642174,-1.9441042579710484,-3.1944897174835205,-10.599671562202275,-11.505854077171534,-11.577098201029003,-11.286829115240835,-5.863938981783576,-7.974473122972995,-5.158583886921406,-4.815980321960524,-8.414783755666576,-9.058789418457309,-12.613896119961282,-7.034737277077511,-5.85698342230171,-11.490251537645236,-2.4510572355939075,-14.376319681061432,0.0
R,-4.84261876140954,-0.06264714011922479,-4.856510702520609,-8.255594253540039,-4.792083461768925,-7.598662800621241,-9.992416928522289,-6.59886324533727,-5.460258657229133,-2.9097749036736786,0.16107916086912155,2.9357057742308825,0.17697163450066,-3.6798502666933928,-10.364196288952371,-7.9191426516044885,-9.028982161544263,-7.650041576707736,-3.652289192075841,-15.178336535347626,-6.80199023662135
S,-9.579189596523065,-4.943021571729332,-2.8493078388273716,0.0,-7.213865001685917,-8.814099259208888,-6.718880484811962,-9.784333826391958,-6.0016066377284005,-0.5822302144952118,-5.363020665943623,-2.567304975586012,-1.5680568612879142,-7.415246175049106,-9.758081186184427,-4.053245234536007,-11.760997532866895,-4.652474399888888,-8.673944751615636,-7.093035493744537,-12.383984054904431
T,-11.000936804164667,-7.606146133039147,-3.811314646154642,-4.356712579727173,-10.85232134629041,-9.521975941490382,-6.058823178522289,-9.106783987372182,-9.948178941500373,-1.8986665052361786,-8.135337360203266,-6.0601180859375745,-4.905684272176586,-11.106375621078769,0.0,-6.005067753838375,-10.973116873763502,-6.525452610338107,-9.1003139418317,-4.9017026766669005,-12.995986189227551
V,0.0,-7.920197045896202,-3.6316595710814,-6.015289545059204,-5.908108909614384,-9.159546441864222,-5.164512704126537,0.0,-10.934559041750617,-1.6832538885064423,0.0,-0.22790849884040654,0.14056893216911703,0.0,-10.528640020260355,-9.606946873711422,-7.286277293227613,-7.273389335954562,-8.304977576131932,-3.8751919611822814,-9.452605451922864
W,-5.537831125606317,-4.467630660627037,-0.7061281837522984,-4.017693758010864,-5.934276779182255,-9.73563379747793,-6.523501466028392,-7.739580274908803,-9.829754049074836,-1.6101418775506318,0.20397447794675827,2.3456970385741442,1.8384954534703866,-4.428878472564975,-8.285736310848733,-6.045666384743527,-7.782910346053541,-3.4258522952441126,-6.84606818377506,-10.669959817780182,-9.15253373561427
Y,-5.345837889064569,-5.6984308124519885,-3.317750994116068,-4.929940462112427,-3.453035076148808,-10.70072979433462,-7.596617768518627,-11.082165838568471,-8.997468048823066,-1.872483376879245,0.2595822736620903,-0.3037723370362073,-2.9498413003748283,-4.805792496918002,-9.024560201534769,-7.439970660256222,-5.53337764646858,-2.330863472307101,-10.306839744444005,-11.208168779266998,-8.473089422564954
