,75,76,77,78,79,80,81,82,83,84,85,86,87,88,89,90,91,92,93,94,95
A,0.0,0.8318137526512146,0.0,1.7060601711273193,4.28337174654007,-7.412161391228437,4.003086641430855,-2.3012170791625977,-3.938666820526123,-1.1525979042053223,-5.180861860513687,-0.6816654205322266,-7.1498230174183846,-1.9156908988952637,1.3807387351989746,-0.5325570106506348,1.4909031391143799,-1.2930138111114502,-2.9084930419921875,-4.515412330627441,-0.5362329483032227
C,-3.4101494550704956,-1.2535855770111084,-2.5484803915023804,-3.5418148040771484,1.9641993045806885,-9.757595103234053,0.0,-5.340100288391113,-3.745067596435547,-2.441542387008667,-6.2344845831394196,-4.128185510635376,-10.157227344810963,-2.965423822402954,0.5533077716827393,-1.27508544921875,-1.8759887218475342,-6.985499382019043,-4.5138280391693115,-5.447194576263428,-5.273648977279663
D,-1.6381903886795044,-11.117526292800903,-4.367090106010437,0.8723902702331543,-1.4557056427001953,-5.5542703084647655,-5.772176265716553,-2.537116050720215,-8.256204605102539,-9.097952127456665,-10.447500616312027,-8.735098600387573,-12.30606634169817,-2.6539342403411865,-4.21848726272583,2.35604465007782,-3.0391862392425537,0.255698025226593,-6.883185148239136,-11.682182312011719,-2.2950010299682617
E,-0.6897395849227905,-8.648209810256958,-3.4654234647750854,0.6472158432006836,-0.7066841125488281,-7.074617426842451,-5.174018383026123,-2.1081066131591797,-6.966612815856934,-8.340107202529907,-10.32956638932228,-7.251210927963257,-11.878393955528736,-5.042546033859253,-4.317820072174072,-0.47007036209106445,-1.819091558456421,0.0,-6.715207815170288,-10.947551727294922,-1.3298180103302002
F,-3.121498465538025,-3.993952512741089,-2.6347473859786987,-3.4353837966918945,-0.24618291854858398,-13.009074252098799,-4.7339301109313965,-8.319398880004883,1.8588963150978088,-4.631070852279663,-4.9081906378269196,-8.745178937911987,-12.284923382103443,-2.407703399658203,0.6208815574645996,-4.233409881591797,-2.4320037364959717,-6.996363639831543,-5.262091398239136,-6.665886878967285,-7.080662488937378
G,-1.6574465036392212,-5.4800708293914795,-3.1670507192611694,0.2893245220184326,0.02379322052001953,0.0,1.1260778903961182,-2.487800121307373,-4.956179141998291,-4.565843820571899,-9.401056677103043,-4.400408029556274,-7.856262035667896,-2.113555669784546,-0.9122047424316406,-0.902315616607666,-0.8284242153167725,-2.358402967453003,-6.061392545700073,-8.742525100708008,-2.878596544265747
H,-1.5689963102340698,-8.783506631851196,-0.5869519710540771,-1.9319658279418945,0.9558234214782715,-5.740920107811689,-4.679233074188232,-2.5304064750671387,-3.5178298950195312,-8.163801431655884,-9.828506857156754,-8.267390012741089,-10.461062259972095,-0.1035604476928711,-1.9990887641906738,0.0,-1.7871577739715576,-3.834336757659912,-5.550695180892944,-9.812252044677734,-2.3600339889526367
I,-2.0362237691879272,-3.003148317337036,-3.6967161893844604,-3.2009286880493164,0.4794459342956543,-13.697986643761396,-2.2205066680908203,-7.475299835205078,-3.3458852767944336,0.0,-2.3356997072696686,-7.542135953903198,-10.382322140038013,-2.7584493160247803,0.0,-3.1753053665161133,0.45995354652404785,-6.9098615646362305,-1.823782205581665,0.0,-6.217193365097046
K,-1.4711755514144897,-8.483791589736938,-1.2958406209945679,-0.639279842376709,-0.6329646110534668,-5.327832262963057,-4.932994365692139,-0.17300772666931152,-7.549781799316406,-10.437424898147583,-12.284691244363785,-8.88098406791687,-11.12364561110735,-6.538741827011108,-4.913442611694336,-1.0331368446350098,-1.2684962749481201,-3.788389205932617,-9.024343252182007,-11.602523803710938,-0.608691930770874
L,-1.092551589012146,0.0,-3.05756413936615,-0.9348959922790527,1.8553135395050049,-11.941266100853682,-3.452880382537842,-6.036108016967773,0.0,-1.1958065032958984,-3.0390094816684723,-6.120422601699829,-9.17162973433733,-3.4038617610931396,1.585085153579712,-2.3630428314208984,0.9110593795776367,-5.207372665405273,-1.3912091255187988,-2.993366003036499,-4.627381086349487
M,-1.7671922445297241,-2.213751792907715,-3.965722441673279,-2.5531129837036133,0.0,-12.50505070015788,-2.860487937927246,-5.499972343444824,-1.507417917251587,-2.5611586570739746,-5.013263136148453,-2.2534046173095703,-10.588090725243092,-3.982121229171753,0.42138195037841797,-3.175766944885254,-0.7399618625640869,-5.689258575439453,-2.1130828857421875,-3.9247965812683105,-5.213176488876343
N,-2.1605995893478394,-9.813312768936157,-2.5164650678634644,-1.512913703918457,0.5469937324523926,-5.164687197655439,-4.835443019866943,-3.346790313720703,-5.771821975708008,-7.185229539871216,-9.15702286362648,-6.191867113113403,-9.542795963585377,0.0,-1.5749669075012207,2.2232733964920044,-3.2732293605804443,-3.325967311859131,-5.865442991256714,-7.4913225173950195,-2.905287981033325
P,-3.120932936668396,-7.287474870681763,-6.998582243919373,-1.6105928421020508,-3.098029136657715,-6.45222095772624,-0.6679296493530273,-2.8263940811157227,-10.071428298950195,-7.917591333389282,-9.809455305337906,-6.601275205612183,0.0,-5.467779874801636,-1.5100817680358887,-1.8289375305175781,2.9641690254211426,-3.5549654960632324,-5.127744436264038,-9.998348236083984,-3.510277032852173
Q,-0.8254011869430542,-7.389711618423462,-1.513471007347107,-0.011483430862426758,0.7552585601806641,-5.798932116478682,-4.49355936050415,0.0,-4.127774238586426,-7.2743980884552,-9.333847433328629,-5.389236211776733,-9.202545948326588,-3.5926921367645264,-2.128838539123535,-0.4239468574523926,-1.8742663860321045,-2.046288251876831,-4.6199891567230225,-9.498180389404297,-0.8961458206176758
R,-0.17565762996673584,-8.397535562515259,-1.5829938650131226,0.0,-0.056209564208984375,-5.247936766594648,-4.775777339935303,0.5755614638328552,-6.07383918762207,-9.983282327651978,-12.326531797647476,-8.543326139450073,-11.2679937556386,-5.854549169540405,-3.384665012359619,-0.38289976119995117,-0.04938840866088867,-3.728501319885254,-7.852731466293335,-10.44485855102539,0.0
S,-1.3116639852523804,-4.632708787918091,-1.9269636869430542,-0.06620621681213379,2.0339953899383545,-6.760381739586592,0.06975173950195312,-1.624720573425293,-4.221565246582031,-5.0931103229522705,-7.922058492898941,1.4057707488536835,-7.269500561058521,-2.0391528606414795,0.6176061630249023,1.8183609247207642,0.0,-2.0996930599212646,-3.141436815261841,-6.9726762771606445,-2.139944314956665
T,-0.4698730707168579,-3.6156704425811768,-3.167084574699402,-1.0954885482788086,1.1888859272003174,-9.800703089684248,-0.02755880355834961,-1.867130994796753,-4.423305988311768,-2.9269602298736572,-5.639645963907242,0.0,-8.446918316185474,-2.0593137741088867,2.4843239784240723,0.3850898742675781,0.5848872661590576,-2.9843921661376953,-0.5698206424713135,-4.343929290771484,-2.0774004459381104
V,-1.2634910345077515,-0.9161710739135742,-1.9383989572525024,-1.3340153694152832,0.8120830059051514,-11.540656130760908,0.6557972431182861,-5.291014671325684,-3.2615694999694824,0.1615028977394104,0.0,-5.7423646450042725,-9.43503076583147,-1.7398040294647217,1.046138048171997,-1.4721174240112305,1.3811089992523193,-4.964315414428711,0.0,-0.19390439987182617,-4.263801336288452
W,-3.15788733959198,-7.596985101699829,-3.0130409002304077,-5.104692459106445,-1.5089373588562012,-13.007365267723799,-7.545030117034912,-8.011165618896484,-2.470752716064453,-8.058255434036255,-9.067306905984879,-10.749497175216675,-14.179628200829029,-5.086885213851929,-2.8498125076293945,-5.1187424659729,-3.529649496078491,-7.006548881530762,-6.938173055648804,-9.40517807006836,-6.935192823410034
Y,-2.3547381162643433,-5.192688703536987,-0.880494236946106,-3.560850143432617,0.5477080345153809,-11.32939152047038,-5.761389255523682,-6.745141983032227,0.5965933799743652,-6.288999319076538,-7.511085420846939,-9.039973020553589,-12.842937298119068,-2.314941644668579,-1.2622699737548828,-3.108367919921875,-2.8015897274017334,-6.116250991821289,-6.621851682662964,-7.919863700866699,-5.69749903678894
