,48,49,50,51,52,53,54,55,56,57,58,59,60,61,62,63,64,65,66,67,68
A,-6.180855120765045,-11.434112263843417,-8.80942520312965,0.0,-13.718879129737616,-13.759010463487357,-7.758941700682044,0.0,-12.618560633156449,-9.532585306908004,-7.742164596915245,-9.868571808969136,0.0,-16.27779597393237,-10.57683522370644,-4.777808953262138,0.0,-6.059554305407801,-11.591625694971299,-2.7500307138543576,-7.484851790446555
C,-5.888706292258576,-11.222827626392245,-6.583984462544322,-5.669172738678753,-15.74539890512824,-13.728925853502005,-14.478583505377173,-5.587508796714246,-8.278412661049515,-10.50559823110234,-12.463481768965721,-13.494469216500875,-7.154189771506935,-12.387008849298581,-9.170821734936908,-5.4095805177457805,-9.891918283246923,-6.337718692157068,-10.390926842432236,-3.5615536745171994,-7.412849379557883
D,-5.712196435080841,-18.448928548023105,-14.000766603276134,-9.98722503054887,-10.869098093360662,-17.111050754319876,0.0,-12.08634531404823,-11.529685577843338,-6.84622208669316,0.0,-13.81741290393984,-10.996722883079201,-15.255207005655393,-9.217770167859271,-4.210365582443046,-8.930492501996923,-1.9691340592835331,-7.0872540519048925,-4.135383325396106,-10.061771346110618
E,-5.996994103537872,-17.66423769108951,-16.494240609928966,-8.799652551300824,-12.1358064673841,-19.786593585740775,-7.0282745864242315,-5.257190584205091,-8.641101440880448,-7.777969523216598,-4.377796038985252,-14.165897896920796,-9.756438917014748,-14.426818791544065,-9.40560204652138,-4.26635770890789,-7.51766214921372,-2.517968860003748,-10.540497307520127,-3.807052331743762,-7.7767905721848365
F,-8.245777215110138,-11.292491627857089,-6.334896175190806,-4.405391667969525,-13.967611458152533,-8.002987056504935,-14.520533731207252,-10.330760597251356,-6.851634880993515,-5.836445017601363,-9.277957782149315,-11.991215279733296,-12.800777143333107,-1.9757842456456274,-6.147647449048236,-4.264959622360038,-7.5038033540477045,-11.255748954150476,-12.826080803613877,-4.093490320025012,-4.900859786052024
G,-6.095256890403107,-16.010101033374667,-8.602653352543712,-8.566738580353558,-13.486844446510077,-13.485149532090873,-7.641163041815162,-5.361358522437513,-10.557343563530594,0.0,-9.105377182364464,-11.244552186166402,-6.983619517181069,-16.61806697002612,-11.157699176343158,0.0,-6.630527835630346,0.0,-8.406754021387314,0.7511332456488162,-8.638549757975852
H,-9.375225152121857,-15.110751820728183,-9.245307771489024,-7.794212793000042,-13.948947336524725,-11.994600444566458,-11.911865403875709,-11.893090843223035,-4.995875439140946,-8.864727183128707,-4.454101428389549,-11.19052081409609,-11.491759961936623,-8.091262761270627,-8.164822169812396,-2.6964037904508587,-9.543586831830908,-6.879393306109705,-8.069710259180283,-4.117011743364856,-6.337028456706321
I,-11.03671559249051,0.0,-11.541599361225963,-8.609260057099164,0.0,-3.655189662706107,-12.096068551763892,-8.313846229575574,-12.749385914299637,-12.511259241844527,-13.10882268846035,-10.528132966195699,-12.724090403411537,-8.942947570001706,0.0,-9.4808910379179,-7.171303134702612,-6.621962752673426,-8.857632164697861,-5.007015186129138,-6.217746687907493
K,-6.124099816428497,-15.795726491138339,-11.855777589604259,-9.101324533112347,-14.040887262672186,-17.263676791917533,-10.205673387274146,-11.697746156714857,-5.069583973381668,-11.134523554588668,-9.451701983809471,0.0,-12.13520402321592,-14.462768736993894,-8.903609820874408,1.0826374998323445,-8.006069284223486,-0.35100051436165813,-5.5166363761236425,-4.207076745806262,-6.930786086100852
L,-7.145324792014435,-5.97414000146091,-5.5881195943802595,-8.081982468254864,-13.758485939353704,-8.598640590440482,-13.539668252691627,-7.633208869956434,-9.855722269508988,-11.619255228783004,-14.600895747542381,-13.177585175668355,-11.155105418059975,0.0,-6.698127576382831,-9.821494389510917,-13.172520023130346,-10.677774634692469,-8.720676903467393,-2.914005237398669,0.0
M,-7.747226800071076,-8.416743947193027,-10.309761134907603,-7.02829120028764,-9.337806846946478,-8.162750392686576,-11.309345414862037,-4.989581703208387,-9.036372980568558,-10.311426325584762,-11.92538534104824,-5.902061036264058,-11.802360242698342,-5.593548003351316,-6.975356885464862,-6.9301703462369915,-10.364383798383642,-10.267923560473719,-8.366436485986924,-1.174617963610217,-4.09773631193093
N,-2.9572063342202455,-15.295440388843417,-12.008788911625743,-10.135048364289105,-12.235423471778631,-15.945380359422415,-7.128738572821021,-10.190883516333997,-7.6061116070486605,-7.142387553001754,-0.29653535783290863,-5.6178279430023395,-11.826842969749123,-14.004009190713987,-9.488991328747943,-4.084266949630546,-11.901260476850439,-6.955999579760828,-5.23750734780333,-3.6576191957574338,-8.597476912516868
P,-13.384884204016998,-9.95082445256412,0.0,-11.288820718415082,-13.786996271461248,-11.586678653489798,-15.386603524908423,-6.898883461020887,-5.523030838463455,-11.424274607445113,-11.241344317793846,-9.859599641000386,-6.369567579124123,-13.574228469049558,-11.504467555554584,-8.026410389877128,-3.554924112104345,-5.5940081742737675,-6.297283653955674,-5.167350488482043,-3.769267989177024
Q,-4.429550255881622,-11.338573170825839,-11.527561036869884,-6.8515343414619565,-12.36257877573371,-12.321224361192435,-11.020790269598365,-9.051803468726575,-5.905582508537918,-10.777708216453902,-6.116165027022362,-6.588157227670308,-11.860931104514748,-10.61034769169055,-11.847092219861224,-6.571973134017753,-11.895988565229345,-8.412197318408289,-8.68446779702208,-6.0564152773004025,-4.823497725505149
R,-6.541561211692169,-15.032623006030917,-7.315238801762462,-11.685417626984417,-19.000583078712225,-14.812408595811576,-12.058471849188209,-14.706735490821302,-6.363271793816239,-9.543228312279098,-10.25610338151455,-8.877170553838369,-10.876990980003029,-12.662079039728269,-10.551373073132709,0.2741848936311726,-7.206161599897314,0.9006321760680294,-8.911793236475205,-3.187057214556262,-7.500068617839133
S,0.0,-13.557983113452792,-6.299804536625743,-4.279250119812787,-13.045405771583319,-14.550792842637748,-9.914028337225318,-4.670070528052747,-9.375820240471512,-5.009105845238082,-5.573139056563377,-11.256003907357808,-5.318847364280373,-16.26479548565112,-11.115181514294818,-5.3926008233793254,-7.757412296079565,-2.7908579972718144,-9.178238396387314,-3.2120244081597775,-8.576782179850852
T,-4.593696679221466,-10.621875477954745,-11.547431794926524,-3.2052583443000913,-10.260240938514471,-12.693452983628958,-10.22349183820188,-2.0965803852304816,-9.502889713738114,-10.111801310325973,-6.817279681563377,-9.328055909310933,-4.874328321311623,-13.74365634075366,-7.271293231518939,-4.86366109941082,-4.711773019575048,-3.575635638568201,0.0,-2.0234868105035275,-6.6219937334244605
V,-10.610649432288483,-7.031619859859347,-10.834644405171275,-5.806593869812787,-4.022253181785345,0.0,-12.511595895513892,-2.9988933792337775,-13.758355936501175,-10.32489983632695,-12.03134523332119,-13.21358924213564,-5.612754529807717,-12.079120818292722,-6.341071912320331,-8.494676400161552,-5.801231723569799,-6.747883048388758,-10.58329809163115,0.0,-5.62248225309304
W,-3.0151406184304506,-12.388118458911777,-7.7264862935990095,-10.380445932038128,-16.348124887794256,-9.115455775987357,-16.211733987554908,-11.543054222129285,-7.087120851967484,-4.76299683644902,-11.284255847334862,-10.863606026803609,-10.232474988792092,-4.98190302005969,-9.604290553601459,-2.398882199264335,-8.976963144086767,-11.191406932208338,-9.205502037744736,-4.133926111040637,-5.662239027995383
Y,-9.298301781760529,-13.447383595630527,-10.002143947407603,-8.852684472687542,-12.43927040323615,-8.90620246483013,-15.184199502691627,-12.020656227134168,0.0,-5.642276926781051,-7.5095594972372055,-10.90151934925234,-9.784717267844826,-7.180446568643674,-6.34054143098183,-2.151487637496757,-8.330375772260595,-9.99992057356576,-10.28944826577208,-5.242061334429309,-5.520435286540305
