,65,66,67,68,69,70,71,72,73,74,75,76,77,78,79,80,81,82,83,84,85
A,-6.059554305407801,-11.591625694971299,-2.7500307138543576,-7.484851790446555,-14.433529083849862,-4.8756104949861765,-9.036117623036262,-5.18892665207386,-4.93728628847748,-12.19524373911554,0.0,-11.199740177195054,0.0,-10.320816481485963,-15.101703525753692,-0.8761555552482605,-9.60004439484328,-11.308833743212745,-8.491550797596574,-13.451965391606791,4.286205142736435
C,-6.337718692157068,-10.390926842432236,-3.5615536745171994,-7.412849379557883,-20.663392250658944,-6.29082908667624,-8.875575134938117,-2.241488888859749,-7.486194998957217,-11.0806646575802,-2.291566491127014,-12.498344188730698,-10.062062447657809,-7.395103896036744,-13.793692589970306,-1.8910481333732605,0.0,-10.754710818408057,-8.566974991932511,-14.583335936040385,-4.002720028162003
D,-1.9691340592835331,-7.0872540519048925,-4.135383325396106,-10.061771346110618,-20.38735491526313,-9.13021101988852,-6.6875230767182074,-8.213844135403633,-3.997445018030703,0.0,-5.665803551673889,-10.031718975107651,-4.349260514369234,-12.74589773453772,-24.208834649296477,0.5849078297615051,-6.842754210345447,-16.20258298027329,-7.489967221394181,-8.51763969656895,-1.8198510706424713
E,-2.517968860003748,-10.540497307520127,-3.807052331743762,-7.7767905721848365,-14.522392456652597,-7.76088728941977,0.0,-6.9505805522203445,-2.072640330530703,-8.925762080179993,-6.566318154335022,-8.47375178913353,-5.820960944285616,-10.997191870585084,-20.178425790043548,-1.0742413401603699,-7.786788786761463,-8.86578335869126,-7.759976262226701,-7.130775988072855,-3.046058803796768
F,-11.255748954150476,-12.826080803613877,-4.093490320025012,-4.900859786052024,-14.405356590868905,-5.638222122564912,-9.59289939183509,-3.1808585673570633,-9.214168936945498,-14.041369461046997,-10.192805886268616,-8.822151905100327,-10.015069907298312,-8.740236723795533,-16.941988946171477,-2.979827582836151,-12.601734007708728,-11.332225466845557,-7.262954676523805,-8.46957021948765,-5.320221096277237
G,0.0,-8.406754021387314,0.7511332456488162,-8.638549757975852,-18.389649574877694,-7.97121443785727,-8.923900673573371,-4.124977067112923,-4.031060130335391,-7.7029438247554936,-8.3582683801651,-10.962598568003159,-6.110145753016695,-9.714827025309205,-16.692679406376556,0.0,-9.926254357211292,-10.21261181938462,-4.8584183398634195,-12.126541197270853,0.28062424063682556
H,-6.879393306109705,-8.069710259180283,-4.117011743364856,-6.337028456706321,-11.691398804308847,-7.007603073492646,-8.396801064198371,1.0215300768613815,-7.168393046595156,-10.144862197863404,-7.750987648963928,-10.288959270517807,-6.985137885203585,-6.30589290894568,-22.18554210779257,-1.5571438670158386,-11.920665587298572,-9.21871533500962,-11.199905747547746,-12.776562273473246,-7.602471500635147
I,-6.621962752673426,-8.857632164697861,-5.007015186129138,-6.217746687907493,-13.763499443652108,-4.499435568228364,-9.862068245594855,-4.415557816624641,-6.502479464747012,-16.472701095568482,-3.7656131982803345,-11.735570674936753,-15.142877524485812,-9.15152975358069,-8.126501084538177,-6.798255622386932,-14.513637389056385,-13.774802828906104,-10.392959946766496,0.0,-5.482726961374283
K,-0.35100051436165813,-5.5166363761236425,-4.207076745806262,-6.930786086100852,0.0,-6.578079605475068,-8.765152046864387,-1.8389167338609695,-5.593197734095156,-16.52235510252649,-8.534583687782288,-9.992374187509995,-12.461426680674776,-5.052399599924684,-14.090605736942962,0.5863993763923645,-9.783508147113025,-7.4916725407820195,-9.740269059315324,-6.485741198033793,-3.7953416407108307
L,-10.677774634692469,-8.720676903467393,-2.914005237398669,0.0,-13.940402214648202,-4.173332357779145,-10.099178383534309,-1.2989806681871414,-5.663200289942324,-11.867711090075318,-4.568244576454163,0.0,-13.834127371897921,-6.677492583170533,-9.52891540643759,-2.7000576853752136,-14.811222876422107,-12.712459231493995,0.0,-8.308345854253275,-5.65950408577919
M,-10.267923560473719,-8.366436485986924,-1.174617963610217,-4.09773631193093,-12.3387872625608,-5.541592026129365,-9.745383331959601,-5.9189643412828445,-8.605736167170107,-15.255366348254029,-4.405603051185608,-6.194323307077866,-13.052323287120089,-6.744732344523072,0.0,-1.932872474193573,-14.783280218951404,-10.530269290087745,-10.008064622059464,-6.9408722519583534,-3.7095300257205963
N,-6.955999579760828,-5.23750734780333,-3.6576191957574338,-8.597476912516868,-12.154403870226815,-5.477711105719209,-7.9670067526749335,-3.130580857396126,-5.480389506556094,-6.809265159594361,-9.944471001625061,-10.84973884205101,-9.077463334193453,-10.775204146280885,-19.418934823246673,1.0806620717048645,-7.991290892474353,-12.356876040576026,-10.889240140095353,-8.098743975133402,-5.319367557764053
P,-5.5940081742737675,-6.297283653955674,-5.167350488482043,-3.769267989177024,-17.863236611010507,0.0,-10.01145179051673,-0.5395044833421707,-2.0637330124154687,-11.78420641325647,-3.0596882104873657,-5.055364376108628,-6.0401269847061485,-15.33791776932776,-15.03669643518515,-6.149291694164276,-11.013896788470447,-11.879405642626807,1.1887470539659262,-8.98575264212559,5.452094882726669
Q,-8.412197318408289,-8.68446779702208,-6.0564152773004025,-4.823497725505149,-7.752960388781503,-5.8021053317934275,-6.133636543934699,0.0,-5.624691874720156,-14.78929903410608,-5.25415575504303,-9.280696636240464,-9.59303087531589,-8.069272482767701,-14.201423646183684,-1.7107006907463074,-13.007007445208728,0.0,-8.695869797840714,-10.846966326207621,-7.332001835107803
R,0.9006321760680294,-8.911793236475205,-3.187057214556262,-7.500068617839133,-7.552780335070565,-6.218864584341645,-9.091854164784309,0.5193176716566086,-4.170609385706484,-13.563452624308411,-7.446664571762085,-8.658714061777573,-13.306500380625948,0.0,-16.10453033563681,-0.019210517406463623,-11.230983580462635,-11.66418411838822,-8.197971696034074,-10.844559252233012,-4.799331814050674
S,-2.7908579972718144,-9.178238396387314,-3.2120244081597775,-8.576782179850852,-18.110787575365975,-5.433174276724458,-10.965976784413215,-5.132686570286751,-4.578705699183047,-9.25280001066858,-3.993402123451233,-8.472490078012925,-5.6341211253311485,-10.333944762125611,-14.24386024591513,2.8009799122810364,-6.262188042514026,-14.187938357470557,-7.48729788698256,-12.140789091557963,-1.027454525232315
T,-3.575635638568201,0.0,-2.0234868105035275,-6.6219937334244605,-15.941783969523385,-4.2013246063143015,-11.412395546620246,-7.623092606663704,-5.471809775568545,-9.528108619677369,-1.2981928586959839,-9.170093303720932,-7.415952628245577,-10.476974928751588,-13.095474244328216,-0.1210286021232605,-10.69878753554076,-11.668094302294776,-8.611431473866105,-8.345825254888041,-1.617859035730362
V,-6.747883048388758,-10.58329809163115,0.0,-5.62248225309304,-16.00165290129371,-6.010856771841645,-9.038101265614387,-5.239479020237923,0.0,-9.634823822008912,2.776039242744446,-9.800320392649155,-8.022815650096163,-9.733151877298951,-12.226821781368926,-2.446708381175995,-13.364448155276477,-15.436607028124854,-6.631901139393449,-8.771595120400889,0.0
W,-11.191406932208338,-9.205502037744736,-4.133926111040637,-5.662239027995383,-13.227135841967538,-7.126671219244599,-8.530414650624152,-1.9781145602464676,-5.950859458185732,-10.940473579394165,-7.158143639564514,-10.187146907846909,-12.34716815291904,-3.8768038395792246,-15.278652192326263,-1.4862210154533386,-9.733146036975086,-8.533305789111182,-8.487675065174699,-9.40076500174473,-8.186215549707413
Y,-9.99992057356576,-10.28944826577208,-5.242061334429309,-5.520435286540305,-12.709046547533944,-6.938034439459443,-10.779197762196418,-0.4859728366136551,-9.185443312861025,-16.999136947619263,-9.937949776649475,-12.61166453937767,-8.840372031321749,-6.834663832560182,-19.697703362675384,-1.9372822642326355,-10.811229552142322,-9.125796939013526,-11.80811726488173,-9.394543230504496,-5.598304897546768
