,133,134,135,136,137,138,139,140,141,142,143,144,145,146,147,148,149,150,151,152,153
A,-14.560968304169364,-7.602935951203108,-7.205894458456896,-8.071710490155965,-9.841501199640334,-13.261304446030408,-17.260784553189296,-8.137745103798807,-7.124927354976535,-10.160051776561886,-1.2204322814941406,-5.63299941457808,-5.208105204626918,-11.624838040908799,-9.513922147452831,-9.563029964454472,-10.57033331785351,-7.944570607505739,-6.729160502552986,-12.15128857921809,-4.928813822567463
C,-15.455603623879142,-7.319644849747419,-8.077068317099474,-9.595678233075887,-9.710689389146864,-11.558059163857251,-13.724394248623867,-9.486774764023721,-8.069008184596896,-7.99040742078796,-2.537559986114502,-5.457426065579057,-6.515649555251002,-10.963920997222885,-4.638517193496227,-6.642089803703129,-6.338890031911433,-2.7825059359893203,-2.747768595814705,-12.074983428232372,-4.826785929501057
D,-7.1131363158347085,-11.938760679215193,-12.355009067221545,-13.900164507795125,-13.927480542100966,-11.407067724037915,-12.436735795636196,-9.884344420395792,-8.835199667140841,-4.8491351143456995,0.5598289966583252,-7.013426059857011,-7.11753630451858,-9.414877341827378,-6.390993408858776,-7.727209051139653,-9.84543986711651,-7.443138546310365,-7.089835837483406,-8.28083951305598,-7.052181132137775
E,-13.796139741432853,-11.587885778397322,-12.203870761557482,-12.804572962690145,-17.59256347361952,-15.304366536904126,-11.219157861371059,-9.818813643418252,-8.50097687356174,-7.721411420498043,-1.9942214488983154,-8.751615757122636,-5.527948139235377,-11.407261298736557,-7.180572800338268,-8.211856801994145,-7.785701707936823,-5.364673084579408,-5.824924185872078,-9.521442244760692,-8.072918303310871
F,-14.95785429526586,-11.26285807415843,-11.519447314902209,-9.279415034223348,-8.826582753099501,-6.453998513985425,-9.46898262371542,-5.250183424912393,-8.881527258083224,-9.167634441051632,-2.7889981269836426,-7.91087388433516,-8.6109921913594,-6.347128079971299,-4.261169247329235,-6.6586167411878705,-5.3040923634544015,-4.558799690566957,-6.789375498890877,-10.350959370844066,-9.819633848965168
G,-10.949066186440177,-8.060025852173567,0.0,-10.217170618940145,-9.678053700365126,-11.399249501992017,-17.362544463772792,-9.0128558492288,-10.55832321755588,0.0,-2.3568196296691895,0.0,-6.969680545851588,-9.394081281265244,-9.789516739547253,-8.721553524024785,-5.838909105397761,0.0,-4.385753825306892,-9.579688618890941,-7.8519191816449165
H,-12.375349069130607,-11.817796390503645,-14.133708942099474,-12.91657628910616,-10.505451046861708,-5.766772695351392,-12.946169541974086,-11.849446616135538,-6.915930105373263,-6.8361317650415,-1.1982886791229248,-11.306371921673417,-7.1219098549336195,-10.869335578521714,-8.7305071875453,-6.769317586906254,-10.849491075612605,-7.079185909591615,-9.162372305989265,-12.769023726694286,-9.589723952114582
I,-17.676155114662834,-8.146438281983137,-11.173194873495959,-7.331771754194051,-7.497983776964247,-5.761863656807691,-14.241131232876796,-6.109680495224893,-7.801101995632052,-9.280990077648312,6.704975112341344,-5.422636026516557,-4.2474405746907,-6.300686048110947,-3.3308179900050163,-8.347657878883183,-6.732900575734675,-8.796428150497377,-3.3903085738420486,0.0,-7.780998595058918
K,-12.649110818398185,-7.939439456909895,-9.162273395224474,-15.004013918805867,-14.20938476268202,-9.177651830483228,-14.298206971783657,-10.694487891159952,-6.304058386012912,-5.276909543666989,1.7994415760040283,-7.473755115643144,-5.655918834730983,-11.252167152008042,-10.402837090194225,-6.693578680045903,-13.636005357839167,-12.762819713912904,-11.761203482747078,-9.803657363168895,-10.652386076748371
L,-17.317944431793876,-8.950458209961653,-11.003740298910998,-8.329359077382833,-6.70805545989424,0.0,-12.501969741482753,0.0,-9.051624609157443,-12.20725197950378,0.0,-6.93690680898726,-6.871460078284144,0.0,0.0,0.0,0.0,-7.454886383377016,0.0,-6.010917733423412,-10.806124098598957
M,-15.193968797218986,-8.79745189473033,-10.851972568198107,-8.791559122968465,0.0,-3.971374460030347,-12.379672454495449,-4.9302028035745025,-2.763892961665988,-10.403873874340206,-0.3440132141113281,-8.246839994564652,-5.641680000349879,-5.432485745986924,-1.961293987929821,-3.644199569709599,-5.0623111287131906,-9.022628254257143,-0.9708444625139236,-9.448079655878246,-10.578096754848957
N,0.0,-8.353116672486067,-13.65162276045885,-10.859420679975301,-8.73480209056288,-13.211509176064283,-17.48378245701315,-14.121127448044717,-8.16574509255588,-3.7168390289880335,2.384612798690796,-8.871000522747636,-10.319543598219752,-10.872517036041245,-8.09533529728651,-5.5691909389570355,-12.433170274831355,-8.709401554428041,-5.045154765248299,-10.183578322641551,-6.964237578213215
P,-19.874929452431388,-6.54971281811595,-17.65867613570299,-13.56689824955538,-15.162102543748915,-9.790694661904126,-15.704178498883266,-9.419460616074502,-14.298384023830295,-7.306740237865597,-3.6332290172576904,-8.335257047787309,-10.09330534748733,-8.193245338043198,-10.627672486007214,-10.669221599586308,-10.03190226946026,-13.162214702926576,-12.403266623616219,-7.495262215845287,-6.577125437557697
Q,-13.044681573403068,-11.565099399536848,-12.350999820395373,-15.33410730259493,-11.004481160081923,-7.447249837685376,-14.137664483685512,-10.996385893784463,-5.3220866452902555,-7.7968842522241175,0.6950943470001221,-9.548021549358964,-9.401625392958522,-10.94469110830687,-10.47033529728651,-8.937665899284184,-12.020923570729792,-6.374925083480775,-6.809142783284187,-14.125421117059886,-11.5197089985013
R,-15.814578080666251,-9.96836058422923,-8.494422900839709,-18.815014742780477,-14.862125241197646,-10.616849370766431,-16.753779100079555,-11.121757826767862,-6.287405325099826,-6.217888547573239,-2.036492109298706,-7.5272600594908,-3.2556703072041273,-10.623670981964096,-11.54573755711317,-6.702335317619145,-13.776641801930964,-9.114448017440736,-11.393138602375984,-11.791246007196605,-11.981766112148762
S,-10.811441445839591,-7.260008495301008,-9.924190509482287,-11.701404475141317,-12.22856315318495,-13.389687963295728,-17.622211860318203,-10.029564223252237,-9.008135152980685,-6.799122287426144,-2.4138340950012207,-7.296698087826371,-6.996734378859401,-12.56301705702208,-5.78050022572279,-8.289237697608769,-10.713342622853816,-5.589458412490785,-4.880256846547127,-7.357421944849193,0.0
T,-15.703474069130607,0.0,-10.229412067099474,-5.954463862348348,-8.966534459032118,-9.8302206476219,-16.159336494107265,-8.741474471054971,-10.27341110818088,-10.915082408580929,-0.48766326904296875,-6.387111658230424,-6.194048164412379,-11.234426663955674,-4.501058392226696,-6.96755572129041,-9.782960847951472,-6.8576077884063125,-5.305500224232674,-9.320045064203441,-5.729347117245197
V,-15.87333681632299,-8.400790851563215,-8.990997302695177,0.0,-9.08611234370619,-7.782115407753736,-14.397121833462734,-4.352504930458963,0.0,-12.241161777172238,1.1129302978515625,-7.095653528347611,0.0,-7.231300519546494,-3.508319668471813,-6.287594039924443,-8.777540163137019,-9.381280369125307,-4.236740306019783,-7.062309334985912,-9.695711500942707
W,-13.20889475394506,-17.48536555096507,-15.266313541098498,-13.460847758222371,-14.567782246507704,-6.862365194130689,-9.207454131741542,-12.795508704148233,-11.394232107326388,-4.736773683223873,-6.9017109870910645,-15.518015140667558,-15.442589519545436,-12.444349454483017,-11.022848419845104,-14.951117237098515,-10.9858607808128,-10.388204044662416,-10.737510398030281,-13.589761327020824,-13.807644255459309
Y,-11.034994149697013,-12.052202146500349,-14.136270511313342,-8.797540568280965,-12.726375424303114,-6.947827764321119,0.0,-9.494716963730752,-9.703058553859591,-9.045554830227047,-6.610039234161377,-14.530510181561112,-4.3843023758381605,-9.1411897407379,-4.06144504994154,-7.546731670387089,-9.95762248430401,-8.566048092208803,-11.005458548665047,-13.764506886713207,-11.943201430141926
