,23,24,25,26,27,28,29,30,31,32,33,34,35,36,37,38,39,40,41,42,43
A,0.0,1.2024459838867188,2.2653579711914062,1.3130418062210083,0.0,1.0398330688476562,0.9425278902053833,0.08378612995147705,0.0,-2.3220748901367188,-0.561309814453125,-1.2740402221679688,0.0,-1.6639175415039062,-6.5738754738122225,-3.077636480331421,0.9265670776367188,-3.6728363633155823,-5.277343787252903,-5.63252279907465,-4.006447050720453
C,-2.797965884208679,-0.7710723876953125,-0.9691390991210938,-2.108123779296875,-3.0909650325775146,-1.5949478149414062,-1.5158615112304688,-4.191886901855469,-3.320579409599304,-4.006561040878296,-2.812293767929077,-3.511657476425171,-2.7147445678710938,-4.276763916015625,-7.787635849788785,-3.3925397396087646,-3.2512056827545166,-3.4928284287452698,-6.817482031881809,-3.2336578145623207,-7.98377201333642
D,-0.903732180595398,-0.35062408447265625,-2.091033935546875,-0.2156982421875,-2.09765625,-2.44659423828125,-0.316619873046875,0.0,-2.0942152738571167,-3.3578262329101562,-3.070831060409546,0.0,-3.9732894897460938,-5.9200897216796875,-5.262405442073941,-7.060348749160767,-2.226707696914673,-7.572310984134674,-4.756889380514622,-10.414230085909367,-6.150848601013422
E,-0.5611952543258667,0.6316909790039062,-1.46820068359375,0.624176025390625,-1.0934371948242188,-1.617523193359375,0.6583633422851562,0.6439591646194458,-1.4140318632125854,-3.5108182430267334,-3.2439191341400146,-1.6912002563476562,-1.7077865600585938,-4.7824554443359375,0.0,-6.722717046737671,-1.8986589908599854,-6.649543821811676,-6.735725440084934,-10.880645491182804,-6.394684050232172
F,-2.156944155693054,1.632965087890625,-1.3236312866210938,-1.47332763671875,-1.7628402709960938,-0.236968994140625,-1.3109893798828125,-3.409332275390625,-3.3876417875289917,-3.3301773071289062,0.0,-3.7788236141204834,-2.794647216796875,-2.1494598388671875,-6.905593918636441,-3.205451726913452,-2.813598871231079,-3.144935667514801,-7.594818152487278,-5.384155489504337,-7.3457796312868595
G,-1.7812422513961792,-0.8315505981445312,1.3858261108398438,0.0,-1.847930908203125,0.42513275146484375,-0.3544464111328125,-0.8927688598632812,-0.8713759183883667,0.0,-1.0691070556640625,-1.8683013916015625,-0.0638427734375,-4.7734222412109375,-7.505325363948941,-6.301788091659546,2.4766845107078552,-5.8033676743507385,-5.9566803351044655,-7.144142366945744,-6.531563017517328
H,-1.8632506132125854,0.0,-1.8788375854492188,-0.762725830078125,-2.14703369140625,-1.6386871337890625,-0.6385421752929688,-1.5037765502929688,-2.8379515409469604,-3.9868619441986084,-2.9980924129486084,-2.4033050537109375,-3.3029937744140625,-5.916252136230469,-8.400176571682096,-6.724120855331421,-2.292717218399048,-5.872055113315582,-4.001739539206028,-7.767463900148869,-7.5206453539431095
I,-1.2531508207321167,2.0076597929000854,-0.9047698974609375,-0.796356201171875,-1.5807342529296875,0.09203338623046875,0.0,-3.328155517578125,-2.939201235771179,-3.0783843994140625,0.43572235107421875,-2.951698064804077,-1.5129241943359375,-0.04021453857421875,-5.721694992855191,0.0,-4.811088800430298,-1.8310166001319885,-8.366622485220432,-7.651367403566837,-6.839660856872797
K,-0.9893416166305542,0.38669586181640625,-2.4874496459960938,1.0899505615234375,-1.9087600708007812,-1.355804443359375,0.08394622802734375,-0.7690658569335938,-2.415611147880554,-3.706237554550171,-2.9151532649993896,-2.1231765747070312,-2.078704833984375,-5.943641662597656,-6.817726181820035,-7.991432428359985,-3.740593194961548,-8.58248096704483,-6.534431494772434,-10.305869795382023,-7.887573454529047
L,-0.6304396390914917,2.507614016532898,-0.5723037719726562,0.19719696044921875,-0.5078353881835938,1.1989822387695312,0.46974945068359375,-2.2453384399414062,-2.1693495512008667,-2.5422439575195312,-0.5279693603515625,-3.383147954940796,-1.3557510375976562,0.18585205078125,-6.218200730159879,-1.1152420043945312,-2.169159173965454,0.0,-6.7530670538544655,-6.457977510988712,-5.1991121508181095
M,-2.138572573661804,0.335723876953125,-2.3059768676757812,-1.358612060546875,-2.238311767578125,-0.1889190673828125,-0.8172683715820312,-3.4069137573242188,-3.2590330839157104,-3.9733426570892334,-2.100654363632202,-3.553504705429077,-2.7094802856445312,-2.3449020385742188,-7.304458664730191,-3.184600591659546,-1.9413988590240479,-1.629493772983551,-8.358748950064182,-8.960281111299992,-7.322967741638422
N,-1.5973433256149292,-0.27899932861328125,-2.2128372192382812,-0.81134033203125,-2.4949491024017334,-1.8886184692382812,-0.9035186767578125,-1.314453125,-2.8827513456344604,-4.013755559921265,-3.158546209335327,-2.069366455078125,-4.6063079833984375,-6.1452789306640625,-8.650588558986783,-5.337989568710327,-0.9097442626953125,-6.574905455112457,0.0,-7.07222006469965,-7.404701445251703
P,-2.280929446220398,-1.7282791137695312,-1.4590911865234375,0.7572784423828125,-1.9121170043945312,-2.6040191650390625,-0.6171340942382812,-1.5556488037109375,-2.112235903739929,-3.7310330867767334,-3.393127202987671,-1.3256378173828125,-5.344970703125,-4.7486114501953125,-10.461097287014127,-4.076255559921265,0.0,-5.540931761264801,-3.7649383917450905,-9.863280989229679,0.0
Q,-0.9857100248336792,0.33611297607421875,-1.6961898803710938,0.5786895751953125,-1.732513427734375,-1.7245407104492188,0.15547943115234375,-0.44793701171875,-2.1970289945602417,-3.921264410018921,-3.397010564804077,-2.501739501953125,-3.0326614379882812,-5.4147796630859375,-5.165512131527066,-5.581466436386108,-1.965088129043579,-5.648300230503082,-5.463188208639622,-9.991866804659367,-7.1898958422243595
R,-0.4885634183883667,1.0346527099609375,-1.6612014770507812,1.1628342866897583,-1.3525009155273438,-0.6575088500976562,0.6537933349609375,-0.49814605712890625,-1.8305128812789917,-3.4042434692382812,-3.053138494491577,-1.2116546630859375,-1.4387893676757812,-5.3245849609375,-7.391037033870816,-7.794281244277954,-2.294609308242798,-7.980407297611237,-5.699089087545872,-8.448020674288273,-7.407081816345453
S,-1.0402601957321167,0.16443634033203125,-0.094940185546875,-0.0149993896484375,-1.6527862548828125,-1.0112457275390625,-0.20861053466796875,-1.0223007202148438,-1.6093443632125854,-3.350555419921875,-2.520911931991577,-1.4344253540039062,-2.0731048583984375,-4.478569030761719,-5.461586045101285,-5.358283758163452,-0.16268157958984375,-5.050239622592926,-4.6922150030732155,0.0,-4.931129667907953
T,-0.9969862699508667,0.49657440185546875,-1.1268539428710938,-0.26085662841796875,-2.0260009765625,-1.3095016479492188,-0.2429656982421875,-1.623809814453125,-2.242545962333679,-3.365264892578125,-2.1116559505462646,-0.94488525390625,-2.94085693359375,-3.7679672241210938,-7.535690354183316,-4.044624090194702,-1.8278658390045166,-2.085456907749176,-5.069831885397434,-3.779266335070133,-5.788055632263422
V,-1.2355879545211792,1.2713546752929688,0.0,-0.40187835693359375,-1.3163681030273438,0.0,0.1201324462890625,-2.3593826293945312,-2.1143263578414917,-2.18841552734375,0.2243194580078125,-2.409423828125,-0.8927459716796875,0.0,-5.849319504573941,0.2547760605812073,-2.9135897159576416,-0.6777039170265198,-7.118469275534153,-6.472725130617619,-6.094421599060297
W,-3.3128660917282104,-0.455291748046875,-3.170379638671875,-2.636077880859375,-3.939452886581421,-3.6669464111328125,-2.8047637939453125,-4.486724853515625,-4.1739195585250854,-4.875343084335327,-3.0263516902923584,-3.999549627304077,-3.8189697265625,-4.75665283203125,-7.301544236019254,-6.185516119003296,-6.813140630722046,-5.017501890659332,-9.273742236196995,-10.474471785128117,-9.388091776520014
Y,-1.8555220365524292,0.31311798095703125,-0.8760604858398438,-1.7509002685546875,-1.4187850952148438,-1.6978683471679688,-1.3037338256835938,-3.1311187744140625,-3.1693800687789917,-3.816955327987671,-0.46425628662109375,-3.519378423690796,-2.977203369140625,-3.496856689453125,-8.12084917910397,-4.851485967636108,-4.447632074356079,-4.999610960483551,-6.879920996725559,-6.778679110109806,-8.448440287262201
