,170,171,172,173,174,175,176,177,178,179,180,181,182,183,184,185,186,187,188,189,190
A,-9.045674027409405,0.0,-6.887146143941209,0.0,-8.261771875084378,-14.131725194165483,-9.271622140251566,-11.239196345210075,-6.887946944916621,-13.22103114426136,-12.625248312950134,-11.451320585038047,0.0,-8.232689004857093,-13.704818886239082,-8.410520888864994,-8.53648724872619,-7.450290707289241,-8.860257666092366,-8.731861778185703,0.0
C,0.0,-9.631560811772943,-11.611889033345506,-8.61618784442544,-13.23529787606094,-15.176212193677202,-12.772221047722269,-8.137027308344841,-13.68207536288537,-12.691444352269173,-14.627331137657166,-8.896564420487266,-11.358543777372688,-12.7736817416735,-18.02214352460578,-8.180115081369877,-14.129855778999627,-13.586299923597835,-6.026344339828938,-11.77593011467252,-10.822383632417768
D,-18.466564835514873,-14.938060292974114,-11.751060633687302,-12.702476296573877,-12.128333764732815,-12.728237034985796,-11.113941628776956,-12.376872584223747,0.0,-14.558753922581673,-14.929020285606384,-17.568962987686973,-13.544582748319954,-7.227737527806312,-12.851207893807441,-14.454044677317142,-14.55361142475158,-7.7606621062150225,-16.02050070045516,-17.765178390429355,-19.42173551535234
E,-16.506504715885967,-11.08988524414599,-12.731178431538865,-13.119685921818018,-14.1667210633168,-15.086921574780717,-12.95951886876719,-14.32949022948742,-7.458869796479121,-15.114597275853157,-19.491634726524353,-16.84441846254049,-10.443840408232063,-7.263092142064124,-11.219108742196113,-17.366588927805424,-9.58403363544494,0.0,-12.39635233161971,-12.9824196776608,-12.916072597261518
F,-9.078653038945049,-14.352321157231927,-14.541725306538865,-12.725898537784815,-12.786098199547268,-8.888862492749467,-12.192226846062113,-10.155093714594841,-12.566760879242793,-7.193977311253548,0.11743545532226562,-17.382561620499473,-16.488621139433235,-12.96561060519889,-12.187866371590644,-13.114132262766361,-13.049621251411736,-14.860328701674007,-13.276750128250569,-16.37928933708463,-17.61375974630937
G,-14.551948250737041,-9.127196798101068,0.0,-8.663680825382471,0.0,-16.359818341443315,0.0,-7.912010237574577,-9.29309068270959,-13.640804246068,-16.963981986045837,-14.91874307038961,-9.3135761260055,0.0,-13.622753303963691,-9.485567428171635,-12.011386540718377,-11.75869372242596,-14.113206427078694,-16.376525588915683,-9.648162593599409
H,-11.213149727787822,-14.153647908940911,-15.269298701314256,-15.519614968448877,-16.441910463036038,-10.325744511792436,-15.471600015007425,-9.100200220942497,-11.479320388520136,-12.043231919407845,-9.427460074424744,-9.845970090653282,-15.61291923513636,-8.834831338841468,-7.389927071053535,-10.734449721872807,-13.965079930610955,-9.055210140882991,-7.32528881309554,-15.637308784411289,-17.110995998140424
I,-8.303824128117412,-8.586532125249505,-15.416061549214646,-11.589599404484034,-11.130885797203518,-8.50847995490767,-15.0879025052418,-13.366286799311638,-15.052047591889277,-10.03612895309925,-9.92231023311615,-16.792672094132286,-10.860031509306282,-14.91293726535514,-9.859245460946113,-15.935226775705814,-4.736622002907097,-15.87081530445721,-15.94235948799178,-10.715575881884433,-10.325620403047651
K,-15.815437020268291,-12.80726576782763,-14.648124842671677,-14.304458413273096,-15.400928216637112,-12.609313847729936,-15.830383736931253,-11.076823756098747,-12.912656646454707,-15.118419602513313,-15.57486379146576,-10.757686551834922,-12.770027542021126,-7.661949258763343,-6.771557014901191,-14.264143325388432,-12.172530797310174,-8.11114504688885,-7.878397028427571,-12.649941154406406,-13.922864665742964
L,-7.628957928624004,-14.310786733403802,-16.637500910786912,-9.791122231632471,-14.081741052330472,0.0,-15.394215066276956,-8.447940394282341,-13.092119079316035,0.0,-9.171493887901306,-16.252564367081504,-14.075642013456672,-11.551040750462562,-6.275177162606269,-12.94987902790308,-9.128364232368767,-14.629261044203304,-11.525481741409749,-14.349086471484043,-12.056791057344526
M,-9.51599377533421,-12.089362630620599,-15.439846186665818,-12.722194466739893,-15.0711400086293,-8.38555515022017,-16.38998456700938,-12.242900416254997,-15.963970046723261,-10.502422288060188,-12.179256796836853,-18.961331304337364,-13.80109062185511,-14.470783334691077,-8.2402726826258,-14.589451171457767,-9.424953130073845,-16.67923357838299,-12.280641119461507,-12.584946342394687,-13.284974803682417
N,-14.393472374882549,-15.559100637212396,-13.709877162007615,-15.027385506778955,-16.292393403709866,-12.029582860181108,-12.373970467888284,-6.170867964625359,-8.33908448764123,-12.976360276341438,-12.057678580284119,-16.925011571671348,-14.686882400419563,-7.839721780735999,-8.623603981453925,-9.261303283274174,-15.535220769234002,-13.083385494886898,-14.447677175980061,-17.226192184374668,-19.667360057588667
P,-14.696531952824444,-12.531592855229974,-13.29047408583574,-11.361434731632471,-12.281150537193753,-7.365642430493608,-13.592365701042581,-12.736182734370232,-18.041255813324824,-10.269081071019173,-13.534572958946228,-15.512103971268516,-9.80862464895472,-11.303592782933265,-13.062492531258613,-8.025020934641361,-8.621146825142205,-14.685596493422054,-13.288993399124593,-15.078850456164218,-13.828588237520307
Q,-14.275006951298565,-12.479136953130364,-14.706909327534959,-16.07269648090005,-18.264935212791897,-9.557536961743608,-15.811790902458597,-11.844859644770622,-12.244144302094355,-13.008251145482063,-16.15933644771576,-11.417781766678672,-13.401775741484016,-8.653701883275062,0.0,-11.998047210276127,-11.781860020942986,-8.56951907032635,-7.3080902504734695,-13.613588043139316,-11.469867458101362
R,-14.64203900238499,-10.339835653081536,-12.447658686665818,-12.650092873722315,-12.526042657555081,-12.023734929272905,-11.241627175651956,-6.411804243922234,-13.78256593295373,-12.846450760960579,-11.447803854942322,0.0,-12.643780136015266,-6.229538064915687,-6.748275917489082,-11.099274016916752,-12.951320317573845,-10.32695772999432,0.0,-10.996865936205722,-11.323148479219526
S,-10.230857552494854,-7.789394387975335,-10.212173609761521,-6.756110940128565,-10.959415155113675,-11.657756688306108,-8.39774366124766,0.0,-9.890468459809199,-12.3440513163805,-14.383732199668884,-12.405815061356407,-7.07180013647303,-7.195800882298499,-11.347046059090644,0.0,-11.71331372577697,-11.356216458021663,-8.607623617630452,-7.587536998675205,-9.431844463106245
T,-10.140992821659893,-7.3223800752311945,-12.300071864156052,-6.769050393253565,-13.724975305260159,-11.090717198560014,-12.616672952019144,-8.009467646479607,-11.800437789643183,-11.236270859837532,-12.25645101070404,-10.193988736893516,-6.997993373777717,-10.590908151585609,-7.504142921883613,-3.779811955988407,-6.785907891578972,-11.608867672621273,-9.25074342964217,0.0,-8.678277721162885
V,-6.044294537510723,-3.8947448823601007,-12.001724391011521,-5.224487099796534,-12.482051568687893,-11.660354497143999,-13.948307473503519,-12.83840899169445,-10.515514236176386,-10.645145371556282,-13.331398367881775,-14.368881162430625,-7.585296535398811,-13.220966440159827,-9.815662544686347,-12.39397082477808,0.0,-11.911590603529476,-10.805469076614827,-9.869021125719883,-5.605354537721723
W,-8.320003212895244,-16.05516386963427,-14.464645533589646,-12.920959267765284,-15.326373773277737,-15.734996678540483,-13.723389108025003,-10.249465510249138,-12.944015365326777,-12.948036149144173,-8.316219687461853,-9.910884794022422,-18.853226089384407,-12.564224344212562,-14.835884254891425,-14.354448653757572,-21.924907353706658,-13.163433102308773,-9.43958620307967,-21.289550491259433,-16.59252523398027
Y,-10.756022156681865,-14.73014403320849,-11.98792281630449,-13.719634804874659,-14.996253686607815,-12.278747441479936,-14.367458779655863,-10.288058802485466,-11.039111953461543,-10.554447129368782,0.0,-11.598316129471641,-17.97840538015589,-11.672683816868812,-11.264290016610175,-15.025953628122807,-14.683673528023064,-11.805862454115413,-12.741630117874593,-19.152810760424472,-18.906093349214643
