,62,63,64,65,66,67,68,69,70,71,72,73,74,75,76,77,78,79,80,81,82
A,-14.391212293179706,-10.813873292598146,0.0,-13.026679279762902,-16.211754207353806,-7.841384912608191,-13.008609523851192,-15.155208771349862,-5.426681721583009,-10.656280706112739,-9.029525592923164,-6.8605574974790215,-11.576095603930298,0.0,-12.492754703562241,0.0,-8.820442641153932,-11.561511994572356,-4.95819465816021,-6.057426537387073,-11.742366458056495
C,-13.91342527535744,-13.785701753291505,-13.564167361997534,-14.859492542702355,-15.027649287920212,-10.620463873026893,-13.515800228196895,-22.930169289233163,-12.154285633936524,-16.670962522213813,-10.663635089993477,-13.157410086132586,-16.082152389513794,-7.450898885726929,-14.355521923105698,-12.941060011973605,-10.715187514200807,-13.49897670862265,-8.855983659625053,0.0,-14.266101504443213
D,-18.00066072610207,-13.360198976191896,-16.239773135923315,-11.788019421059289,-15.32380331013701,-13.837100530741736,-14.841769924241817,-18.103312676073983,-11.428970539942384,-7.388855169003364,-8.157539203763008,-13.928364218212664,0.0,-7.500703573226929,-16.295779949228745,-7.297319357981905,-11.859102690592408,-25.74558544275351,-6.63101951777935,-10.7433963669464,-17.101852084277198
E,-17.518257924588397,-14.284523011836427,-15.764076572202612,-12.586331608254113,-16.929233913164353,-13.472812200663611,-15.121646633226192,-14.596283142687753,-9.60533925332129,0.0,-9.532977893948555,-10.92641490790993,-8.257862113940064,-7.2736241817474365,-15.233227497141343,-8.059707587352023,-10.471221411600709,-20.93697834131308,-7.78971092402935,-11.030189122073352,-9.41088833916001
F,-10.868923017056659,-13.294179917964357,-12.586101871274877,-18.52382683988253,-16.071487788896775,-11.079288030741736,-9.507594814378535,-18.055518334032968,-10.098739827051759,-15.361049840634223,-9.55754454433918,-14.560051382519305,-17.89458753966028,-12.258716344833374,-9.641243701975327,-12.345636313548312,-10.87462087906897,-16.224436761112884,-10.512695237994194,-13.65148505102843,-14.798701907275245
G,-15.165702649625018,0.0,-8.706875186704565,0.0,-15.527996425371384,-8.20018723118119,-15.289863338548457,-18.61734885466285,-10.769554341211915,-11.494129369442817,-10.000770404934883,-11.804157675243914,-9.550790809618775,-10.531455755233765,-16.054189449350815,-9.366691535105929,-10.08802648819983,-17.83742427942343,0.0,-7.705902184359729,-12.5509373198729
H,-16.080334493191913,-14.494148255977052,-18.081795078061987,-16.75161576505343,-14.419659023027634,-13.681380773661658,-11.544624080735957,-12.254013245226815,-10.711223805323243,-11.777797887509223,-1.560226395726204,-15.870373190380633,-12.022074722277466,-9.285381078720093,-15.936137920420151,-7.750007575144991,-7.73161312378943,-21.021395684452727,-9.738632127642632,-14.32951697241515,-10.799869204638526
I,0.0,-17.121844293269532,-9.334419589780737,-12.774489643532434,-10.763180141191697,-7.60620882618241,-11.388263454515254,-17.679476921679452,-7.416343891993165,-15.934990117733832,-10.677894428372383,-7.856429995037615,-19.441206954943482,-7.562579870223999,-12.005048519175034,-16.03044313727878,-10.287859404459596,-5.952039719792083,-14.108444139361382,-15.74566229712218,-17.294891024706885
K,-15.4323728766758,-11.300212861689943,-17.48669086053269,-12.30001664395968,-12.481998805742478,-13.648566747782752,-13.170333614427363,0.0,-9.981453144922853,-12.278946111386176,-7.803058460354805,-14.68611949775368,-16.36457922362024,-9.973960638046265,-16.165233379404526,-14.527581160655245,-5.35334106720984,-13.685400963993743,-7.246166154742241,-12.355666722171009,-6.988338614581153
L,-6.718498059781268,-18.06577205816211,-15.195583682798315,-14.858446361977258,-10.852386836748337,-6.763103510020301,0.0,-16.250224297167733,-6.040847981348634,-15.267421910946723,-6.135948017239571,-7.430358828045428,-13.921521209704224,-6.899566411972046,0.0,-14.760457938304171,-7.201578581705689,-8.233879090519622,-10.057914659380913,-16.532932843081653,-14.6031834136229
M,-9.216300794156268,-15.831377031001466,-14.426037174009252,-17.999037029701867,-12.47135961506865,-7.54993441211991,-8.365787258226192,-15.139003937365487,-9.06654759682715,-16.097953031247016,-9.544063404202461,-12.65248912665993,-18.589495681750122,-7.271165609359741,-8.776270633738022,-15.482125228038058,-9.171581709757447,0.0,-10.131748124957085,-16.437027539126575,-13.773372317431495
N,-17.666298696072772,-13.100799562129396,-17.0423205907573,-14.539621593910852,-10.454643611650681,-12.614104772685096,-13.43499349601916,-10.789421265246347,-9.363681996241212,-11.914791295712348,-8.566684558987617,-15.924080313183367,-9.016616844164673,-12.266401052474976,-16.553382640879136,-12.498506491770968,-11.767658675089478,-19.096058846684173,-5.961170122027397,-10.291827763430774,-14.535525942919776
P,-16.1536224570591,-17.19341755071582,-10.33566318108933,-15.671228649574914,-14.519096736650681,-14.14568283664994,-10.128612270433223,-18.890084450365975,0.0,-15.82566089410102,-10.015498951077461,-11.657749594189227,-15.268604301440064,-7.53158164024353,-13.57442260364769,-9.698612158885226,-17.16536375321448,-17.300581933232024,-14.043723985552788,-13.325358952395618,-14.595325137255713
Q,-18.47529680398293,-17.017216684016603,-19.570297580503393,-16.171161892372766,-15.480415706377244,-14.992190862772986,-10.915080776292598,-7.859283630969003,-8.923137867823243,-8.315841863339301,0.0,-13.782902182079852,-15.184417747484986,-6.053067922592163,-15.626125103037339,-11.715337699046358,-8.166959250345826,-13.376701356144622,-9.021835252642632,-15.055118168704212,0.0
R,-16.661709615262225,-11.927860261592286,-15.84231601312058,-10.790033581215539,-15.5707858845999,-11.748115087626502,-12.389884700853145,-7.37397784483619,-9.235550129786134,-12.777431676571723,-5.095443561673164,-12.636581839062274,-12.888930343615357,-7.637101888656616,-14.597739940683823,-15.582104628672823,0.0,-14.763626099796966,-8.009399339556694,-13.07592352759093,-10.235244418261573
S,-16.416909047635272,-12.401130677852052,-10.061298709653784,-11.067087414223352,-12.528477077226853,-11.54473831760697,-13.623527278978145,-16.85826224577613,-7.768097126856446,-14.00806064385688,-9.644069507718086,-12.321480215527117,-10.926643394457642,-5.645211935043335,-13.448091274301987,-8.3499488288071,-10.717901671305299,-13.085451127262786,-2.679679796099663,-6.222744072787464,-14.718555117724463
T,-11.763515302212909,-13.172513963374513,-8.773479800962377,-12.581719639259973,0.0,-8.091113592265174,-10.357772579271113,-14.141613190295175,-6.6978227738291025,-15.048847387020942,-9.762435749173164,-11.352348745800555,-11.372789405810181,-3.038328170776367,-12.412738567392807,-9.835378592601046,-10.914963210001588,-10.770454407902434,-6.614246293902397,-10.909869755618274,-12.275882388232276
V,-6.980003186734393,-15.732957841548341,-8.0180285985698,-13.77159524198214,-11.788589839678025,0.0,-10.771857967454707,-19.345479195239022,-7.968887532129884,-13.97611255425727,-10.340507343411446,0.0,-12.018040679919068,-0.5293502807617188,-8.761303669016343,-8.6186255866196,-10.059979880228639,-9.128814698429778,-8.503585740923882,-11.638946141116321,-18.017440463183448
W,-16.62007982400246,-14.264497758540529,-17.322124820493627,-20.744278194863,-16.21764409993193,-13.193355108378455,-12.35982488640002,-18.934945290209725,-12.260170185938478,-14.795986364071723,-9.761298969388008,-13.16862911079079,-15.254568122851197,-9.036996603012085,-12.939527278940659,-16.18597406684421,-6.149913275614381,-15.071842194767669,-11.534042283892632,-14.589233006350696,-10.799739504931495
Y,-13.24753172066994,-12.986173631343263,-14.882400851987768,-18.198704006630578,-13.32155263875029,-12.968246008036658,-11.978000392991817,-16.702721779467538,-11.738258564844728,-15.847313115780707,-7.802608326077461,-16.41345924232155,-20.184378646838013,-11.376594305038452,-14.238030200998764,-10.162324851145968,-9.370438063517213,-17.755564690800384,-10.482623979449272,-13.499820317141712,-12.47652783500962
