,1,2,3,4,5,6,7,8,9,10,11,12,13,14,15,16,17,18,19,20,21,22,23,24,25,26,27,28,29,30,31,32,33,34,35,36,37,38,39,40,41,42,43,44,45,46,47,48,49,50,51,52,53,54,55,56,57,58,59,60,61,62,63,64,65,66,67,68,69,70,71,72,73,74,75,76,77,78,79,80,81,82,83,84,85,86,87,88,89,90,91,92,93,94,95,96,97,98,99,100,101,102,103,104,105,106,107,108,109,110,111,112,113,114,115,116,117,118,119,120,121,122,123,124,125
A,0.09033940993248214,0.09591362959300491,0.08705264590322949,0.08997425229174166,0.09070862308528578,0.09800348523515097,0.08147827400280401,0.1177196184950355,0.058405685184855526,0.02025462048721708,0.0003612859331182888,0.00432223933048689,0.0046286669231771875,0.0010741470538004054,0.34048093218962816,0.01057607948288922,0.007147161178687209,0.0011469167279203488,0.0015459363039075776,0.02091855746416712,0.0001926186700811536,0.0056779447975350145,0.8856529460061752,0.0030167792138772825,0.008324321550160007,0.010991945951037937,0.02166933901906809,0.0008384086903961428,0.009452719791764201,0.05090298321231877,0.002562538729504855,0.13481968210902862,0.006655190591985965,0.01829370455372594,1.2279164229081046e-05,0.003564858162712047,0.0001799946572818229,0.00016734952189232389,0.9361754969137482,0.005149235251641097,0.0031235101094738834,0.00012668880696950247,0.0113634838588967,0.00016599399884224337,0.002073131108242063,2.4402550401052427e-05,0.00035644093147789067,0.014858882165915159,0.013057965193646697,0.0016216971186703334,0.00294147094610589,0.17599678556953569,0.014521751657209547,0.010696747337991726,0.011805700809205049,0.03163668090043284,0.010821278782195744,0.0012220041858140096,0.00044214310862312616,0.9717198809737618,0.002360729180643436,0.0003611348799176149,0.00045864987688017903,0.0005085605871173079,0.005266057428834597,5.841124984747562e-05,0.008093497968100405,0.03150947953689454,0.0006675130366838591,0.0029392318423358006,0.4156613850753187,0.00123701441666881,0.007910978781434404,0.0027171657878020073,0.007793594607290243,0.008063516855134362,0.011392564333730011,0.9043244886477747,0.0008642953392409436,0.000507212618457097,0.0162083673214243,0.00021405085065338023,0.0062756464627830265,0.013478528862263514,0.0018162388674125675,0.014188325395160746,0.03477258264276666,0.0005246665046572881,4.268619392071362e-05,0.007961730510180388,0.9875061504325617,0.006115845029883425,8.829749562571888e-05,9.876080014909304e-05,0.0001036312976290397,0.956397455555012,0.004590844380741473,0.05602189930531739,0.06741051594335815,0.057769158275624684,0.08280435724359224,0.07346342349811483,0.095914086945921,0.10528597818204992,0.08276099521367836,0.05965695816416668,0.06707602404857516,0.056499164180530984,0.05299232209612822,0.04377502141091954,0.01892539091285726,0.0968774842825544,0.06460999998168347,0.011896779327157788,0.05213567514709642,0.0019334057116367762,0.012569374443269579,0.0010303175712425322,0.0006836796570812902,0.007776292281822901,0.002385198023726334,0.001178547446713055,0.0016245925612687374,0.00039181086146647403,0.0003502701983521073
C,0.014123147691978477,0.013086701037016545,0.012616842822230008,0.010823317169345455,0.013697151354852615,0.011795932220042429,0.011285024712129903,0.008504190997785668,0.004697450254979944,0.0004143878404506145,5.921007356267017e-05,0.0005962656684265397,0.00012312038441407108,0.00014992961885645348,0.0002501033508770576,0.00034026592962049465,0.0005010825880672684,9.803766603432526e-05,0.00045293070908125475,0.0011925080249788923,0.9955963364823575,0.00010622855534909753,0.0002055495690136451,0.0005335382743695827,0.0005232985529228762,0.007387360840523339,0.0002650305855813245,0.0012209295826111817,0.0004082828992275148,0.0013069819226706897,0.005219418997718164,0.0018069018138923338,0.0003630681881590517,0.0014458205909003755,0.00020436506937097717,0.00036744409932110215,0.002071150020788511,1.5486446886346644e-05,7.76796431466945e-05,2.6894002434828916e-05,0.00011417209852333049,2.1002416199020777e-05,0.00017595391084706695,4.886189453114403e-05,4.575620072559885e-06,0.0004241213211986835,4.762445324031374e-06,0.00016190785188828074,0.0012894657936502096,8.942304717815827e-05,0.00332601053278219,0.0008533592350419185,0.0003182797389131764,0.0009061011829662454,0.0003351396621563029,4.9693069534733345e-05,5.687507086286695e-05,4.007588275193842e-05,0.0007007528820452173,2.720606434036933e-05,2.1496804162887873e-05,7.903263766244984e-06,0.0006833967442787274,3.2355546785619235e-05,0.00020613593746777109,0.0001722207038535564,5.561804870664817e-05,0.00020167694520613984,1.8455653555304065e-05,8.031481954826906e-06,1.7785922728934442e-05,2.1556092515381473e-05,6.533401379563478e-05,0.0002572255351774553,5.432711922817821e-05,0.0005305618591625043,3.776665684732669e-05,0.00012495743682673652,0.00037071769549585905,4.9399264256925084e-05,0.0041965495696273235,0.00022200443770147352,0.00046066744698957437,0.0006717530859086196,0.0005906054200528663,0.00039473401751936946,0.0002835023520822033,3.2787199205803204e-06,1.1661389914735801e-05,1.4842423701568508e-05,6.549774221292677e-06,8.629190762954142e-05,0.0007148398172812885,0.0006605370686068117,0.9954972089384572,0.00043597152093210854,0.0005903241460645616,0.001509437204730084,0.0019780559228231827,0.0022667549368720406,0.001564935933699431,0.004937237446498221,0.0068943458711043255,0.004272232057014279,0.010254486334074275,0.0017808225877202375,0.0025381500504966324,0.01144928894277942,0.004467900369850931,0.005301446041313961,0.0025883426325562777,0.0043242554627831095,0.008471109006929543,0.0011635068802463627,0.006183733444639325,0.001146554195493143,0.0002464812387219506,1.1929748870655358e-05,3.394349098024872e-05,9.138202433844595e-05,0.00014131230430734407,3.894818632836654e-05,5.2286653178736156e-05,9.026774637722373e-06,0.0003405129659425085
D,0.05005944752800663,0.050414300604824165,0.052959457701678946,0.05367527669887673,0.06555566424848609,0.051124768892276774,0.03567488074905537,0.03539873354395349,0.05268107014289127,0.00035385027835768056,0.0001694347728339351,0.0014131311742369734,0.00040087867588196706,0.001441502314713819,0.019519449342462348,0.0018089535809831712,0.0001621782903769179,0.0002155238289661155,0.0001209725313225924,0.0001500304564901363,2.3234677985724994e-05,0.0002517737540031257,0.0017106782580047389,0.0001548260052782863,0.0026769017241977796,0.07273416767083717,0.009670597336641853,0.0005365682290109253,0.006487292701098069,0.07209316571647308,0.006046046124146755,0.040217010995340995,0.0004953135238358567,0.015103314544226944,3.4650566965860563e-06,0.00042081095052051037,4.654850641984278e-05,0.00010091577225749397,0.000759900194897648,2.0316772185775554e-05,0.0016885720768039438,0.0001525479510746854,0.004206915892203144,6.7410539465278355e-06,0.002953265169765639,8.956399596940398e-06,1.2979293163923966e-05,0.0014734414731835412,0.005412228890472069,0.00020335585544740715,0.009594512036778479,0.001870261074003743,0.02135510123889337,0.058849734108439924,0.01653351917144094,0.568748984665742,0.0003432988660430474,0.013285955450006057,0.00021785794677266248,0.00032456126808158814,0.005230877607973556,0.00011577842960469961,7.414830986635376e-05,0.00019919925586757577,0.012967559165689075,1.2694441320375618e-05,0.00020259975346964088,0.0017588504693370702,3.931551495073537e-05,5.702415552524844e-05,0.00038421368257802167,0.9774223422117699,0.0008758421406906273,0.0001836443596629729,0.0001308699973433531,0.004330602723021443,0.0001566089217696464,0.001561309038460173,0.0006653733928665469,4.114226980479341e-05,0.2381857274600054,7.221684901286456e-05,0.008772636945879141,0.017291727599534366,0.0004391217399122348,0.0017484647824371872,0.00040821048303226425,0.6749181867707579,0.9972979322645628,5.271177102822877e-05,0.00012309772506701578,0.0005202281683955079,0.0002726818522517531,0.0002819933976978412,3.4248362806990886e-05,0.000328551864630428,0.00034247286080151484,0.32134258918131875,0.05213215754362272,0.06064603648177961,0.028149130058449767,0.04122811417578846,0.04453958205393159,0.03416988006769263,0.0633225448179109,0.15501250810769882,0.23031987931784675,0.029637893418073623,0.041529463552987096,0.03652353326818598,0.2112820103836226,0.0884775537025185,0.06703221981131574,0.7561425221500154,0.009576896101888699,0.000565795554730269,0.0020829031071003994,7.459386438212753e-05,0.00010360125750971552,7.449739221083991e-05,0.00023514178527651926,2.0125587869691658e-05,0.00039007477153746946,7.605283803164946e-05,2.524605556792011e-05
E,0.06527588200921523,0.0640816659145919,0.0659780360061835,0.062390423146564976,0.07193457162408998,0.07031513381864594,0.06698641585748909,0.03955134934172238,0.4959570587382958,0.00033534875496912006,0.0009357541182153866,0.006632292434807795,0.00046995292093580937,0.0013636732782412227,0.29708605499888857,0.0011845861149603018,0.0005523927722943338,0.0011827190486109432,0.00032772539743450264,0.0004798065702693781,4.368365380736906e-06,0.005777488638050007,0.000810128948549646,0.0001136765616711361,0.00242651115325068,0.01205222885849209,0.00256163222992537,0.0003197964643973984,0.0027602958005660343,0.012978161869589173,0.0010670521276070766,0.043552689661041234,0.0003567337301635238,0.004077239667705154,6.213431812773886e-06,0.00043536968685485886,0.0001542762358083121,0.0010628338021626683,0.0013309930162571915,3.2203626975120086e-05,0.007973059573601544,0.004184490467159559,0.04564494893681908,2.5103828433463055e-05,0.9525343436870245,1.5281914545125077e-05,3.215986175410491e-05,0.0006259779377127414,0.01716961038472559,0.0003009006794829663,0.0018906845378600767,0.00049188589261737,0.003750953012481843,0.0012383423013622706,0.003946939404963484,0.09150257382404875,0.00018896245534449332,0.001833298266037897,9.892227200582543e-05,0.0002384307567844925,0.0038639877002313015,0.002267913928904631,7.800613595824885e-05,0.004138752130704167,0.003918749619200219,8.389205438230533e-05,0.00033589608220967903,0.0007892516087893406,9.297062574957625e-05,3.934008132164372e-05,0.0012559207110232854,0.011585227291788408,0.0033183812867999584,6.254671121443161e-05,7.713550625666051e-05,0.001707990144299303,0.0003026810682495413,0.0022511256012077195,0.0004039112755645377,0.00010578272768375128,0.5466453234597101,0.00026514965892029165,0.002636616934202425,0.007695376963748215,0.0006100882328972055,0.0033236530381142676,0.00014101357493901534,0.3198881170759716,0.0009196327609963773,0.00022197395212482742,0.00010867480933052336,0.0009106982869490071,4.1648525875214704e-05,5.446391513348935e-05,1.789911245383263e-05,0.00030393267707490084,0.0003501506311225902,0.08474549473888807,0.02378567477730422,0.030464511881302225,0.01378194093705266,0.023689768785245806,0.01504049443085429,0.026236560642811255,0.026925609231879487,0.03478697780764003,0.023124328778024353,0.017140014963477664,0.022358386382186995,0.013807041532540193,0.012926492260269366,0.04078458980829352,0.02330611743510491,0.019910895776670125,0.0037070409615728712,0.0005276410446706062,0.0005024394210115669,0.0011251775065205093,7.427187820498525e-05,8.078229120371094e-05,0.002270768524740786,3.5809100168911884e-05,5.2424860281009154e-05,6.778951818994169e-05,1.1367401042010256e-05
F,0.034373312491091754,0.03965465520657758,0.036489109799842025,0.03425867243657739,0.03125277889250899,0.024491970443139163,0.033289959721223304,0.020379803604564636,0.011519729606917814,0.0005816982387045084,0.00024638699654974027,0.00013105621747450845,0.00011459807933543203,6.020751641701341e-05,0.0003943694081991554,0.0007829875066079382,0.0013481472347675833,0.00018494178190960872,0.00041486590196619124,0.000821488574618855,0.0005923890894313478,9.334883431628975e-05,0.000505181944467944,0.003009423013640134,7.8611198122443e-05,0.024793421247295864,0.0007994267587273845,0.905780398599635,0.0007749562429331765,0.00522002132519737,0.07411872934882517,0.03576756689215134,0.011121393559786093,0.012450880735346987,0.00010322166626417695,0.003532828035098519,0.00010139396721471734,6.86041692081161e-05,0.00020034521639432492,5.425571967618196e-05,1.309813062248951e-05,4.101138985678649e-05,1.0397396138959615e-05,0.0013317713453946149,2.7015823949138316e-05,0.0022549426962087545,0.0004350046707746428,3.415488194465371e-05,0.011447902327365872,0.0037635174169722996,0.004888373385452139,0.004251321034506753,0.02851193089195578,0.021956339626832404,0.00026069458037024997,0.005320929092678283,0.0004101639774705068,0.0021134323479909283,0.004403238266628548,0.00010452330448315167,0.00011042546217577275,4.6805131771044275e-05,0.6773270995595267,2.9018596879312664e-05,6.21919139025184e-05,1.1745097680581946e-05,0.0006708999837135896,0.00020571586743698423,0.002821980020647633,3.731498782062888e-05,7.441623059069575e-05,4.7141063317403154e-05,0.0002126814228094536,0.0006595903221357474,0.0001011979590616812,0.0031680949192402553,0.00037811507935405284,0.0009006979946119488,0.04273977376706027,0.00047908848002366927,0.009291860066612104,0.005720333122127082,0.000968626045094472,0.005000376386243291,0.0007582887297882139,0.0004088894019766118,0.0015071925177388272,8.033534941212587e-06,5.133287638686312e-05,4.2112468287661055e-05,2.2306183535826473e-05,0.0014120137265874833,0.0017571990351504937,0.03740849583328342,0.00020784503001476833,0.00024393558177463848,0.00028327749436683243,0.009298987370978944,0.014707242965004036,0.03300388650811884,0.05315909211767809,0.04668123240958339,0.025250422235581358,0.04452582187315176,0.08291393910220918,0.0693343449425909,0.03520609142457251,0.06706780457666431,0.11316127675768835,0.1530511763878886,0.08790223932600308,0.02584960701057733,0.08541168915829642,0.009487110620346788,0.029602844486485005,0.00551983352581558,0.00042683793538234835,2.9592715339371987e-05,9.061974801220055e-06,6.25180861544985e-05,0.0013231135592640332,5.192296608935941e-05,0.00011348884158492742,0.00016235454983195625,0.0001849022783022534
G,0.06994696498056872,0.07251549532280482,0.05690961074970899,0.06464454548482725,0.07675175973649556,0.07796726447699943,0.13073743806098775,0.18033829326312437,0.04062066562490773,0.0008293754041710744,0.00029861315505818323,0.0007161127060505255,0.0005079038349599746,0.9891633849130296,0.027924931478410173,0.004693966233939413,0.0008466666627795049,0.0006113296552319102,0.0002204932662484186,0.0008123082865005009,0.0002897091271410027,0.0006841358886461716,0.028816282699286513,0.0011082119063407596,0.9675489728199229,0.4238390826951593,0.003512868408615864,0.0005448932186842602,0.004594532280680696,0.29366035761365006,0.003623974436753863,0.22158924151221354,0.001569534165177945,0.07494247854903482,0.00010957500645537235,0.0007067879858060884,0.0007979452792146977,6.146354598745766e-05,0.0020959598193567193,8.223735200157769e-05,0.9738668965319079,0.0003410553860147105,0.9282544931636671,3.6154890820254645e-05,0.0009683858988853014,0.00031766415849338297,1.226026661318294e-05,0.975578577626073,0.39665383949875344,0.0005542565770190878,0.018204128799992964,0.05438417169720078,0.07756498370959232,0.012591642182883098,0.9208128687004461,0.019881129823359756,0.0009488625913292323,0.003651516477795752,0.00020267280159593588,0.0037491988123079987,0.00041344756378735393,0.0002454790931308369,9.755762122965184e-05,0.0006619130227856939,0.9640137951261277,0.00014199166992101127,0.0012311246297521887,0.0007389654152065724,1.7392330247067634e-05,5.2695687126657604e-05,0.0021267656177413534,0.0015128721828926947,0.0010470708195274778,0.0022835139117417733,0.00013758656351978274,0.01014181024281769,0.00021392350843298382,0.011388110638137385,0.0003076995676920349,0.0002875231355131988,0.014180831178062521,0.00027860257377321533,0.003482917655682913,0.04309691773600444,0.002441426062949717,0.006347832657780187,0.0037258717285532307,0.002013294151702573,0.00022698082233428554,0.0004951569586645128,0.007653410654729531,0.0039718607786476245,0.00011470610799540603,9.332827194819593e-05,0.0004233323212793403,0.0063394083849780064,0.004253131698725662,0.15380355096357506,0.0913497066565451,0.18087063698110936,0.13081133239118875,0.18716368703727546,0.2521684080558517,0.11882863899702306,0.18957484398408495,0.240146691631513,0.1794280511109066,0.1309402328748811,0.07927099166000852,0.07822219881560352,0.08431318584417949,0.24464130485833463,0.22206565449600152,0.06834225321170391,0.020414754626029243,0.009452949672369572,0.9739804212939009,0.0001697935489919195,0.9977177136875144,0.0002262002930401975,0.0004457613439487417,8.018032058893204e-05,7.115129055862768e-05,0.0002068750486892567,0.00011712911366876698
H,0.02530741921339053,0.020608852959768803,0.022535238974327635,0.024601157686276114,0.025256419036680036,0.026427840521293832,0.01978800791024202,0.013327827524356756,0.007256206734116595,7.65588122846807e-05,0.00027426126964219923,0.001285316609614085,0.0008839763527460677,7.88038805341621e-05,0.00046167350381722677,0.0005449062101058255,3.993437763149317e-05,0.0013432159986665117,1.3902775122932253e-05,0.0002816722095685208,1.1602917326554046e-05,0.00022750722718172588,0.0001266547403496707,9.985113419682965e-05,6.769474423909572e-05,0.004130046276223276,0.0013717602640925285,0.0013652080812617691,0.001212350519897547,0.00423918741876889,0.04256248062571833,0.01392303727222081,0.0003148429835989591,0.34307916427878193,7.721952070604667e-06,5.701143144647845e-05,0.00578175758746075,0.004805193365342526,0.0002777764233922076,0.0004754438322604987,0.00010929926796474546,0.006196035571589369,7.879598983936487e-05,0.0004918150637770385,0.00022559578795580286,0.0005160647890430095,5.372279399826386e-06,2.287179644323119e-05,0.001422601149470039,0.0001532073831198252,0.005433191537413292,0.0013134256208211365,0.0032027595994722946,0.017512199931756442,0.00032710901733759074,0.02375994827274439,0.00032145067894647395,0.0035856465961136524,0.005112680287682392,3.6368398230788875e-05,0.0077732597087507,0.0001852408013224159,0.0008009736235061819,0.006349237286636411,0.00029398807306549416,0.0006355813302680864,5.375285289183643e-05,0.000140206853510713,2.0241289849083775e-05,1.6397008696052934e-05,4.444409808334319e-05,0.0002888136824901471,0.0002436005848333023,5.725962702449748e-05,6.667225206787314e-05,0.0022398241137192845,0.00010002631208197931,8.729493552364674e-05,0.002283517178336963,2.2404531292622047e-05,0.007035086565556739,0.0002248871402496368,0.009247742276936992,0.004967523320136159,0.0003746991462197924,0.013010704445078876,0.0005941557632655255,0.00015879444209662317,0.00015568046327984927,2.987178203869306e-05,3.614149666941557e-06,0.00021708187375499383,0.0007131348160307247,0.0032151859927485476,2.8743361283942107e-05,5.0643272723856054e-05,0.0015649262328746541,0.027567043115555075,0.012629200086260442,0.013140464630342798,0.011665923790495381,0.01073564882266909,0.005668884766565753,0.019170783031352705,0.014951412172226392,0.008925112240516765,0.010373131955219961,0.06691141106254722,0.018360103013461724,0.016926294378797245,0.010086690023266728,0.014008797636666268,0.0209064566118767,0.0077643912213241325,0.003610849561824764,0.0005680490194112579,0.00011348451241176364,0.0017624176554886164,1.3321802875130305e-05,4.376569816160628e-05,0.002384270125805507,5.753465664839857e-06,0.0001215497075162123,1.051086170872471e-05,2.024897413943276e-05
I,0.04783598618525902,0.05687769347334861,0.05308040613283584,0.0430941024489482,0.03828060533454926,0.03252540493489401,0.04623122797077153,0.02787417182438308,0.02606529568960708,0.023784705065171774,0.0003759331065432757,0.0006102520387560118,0.0002969773210718793,0.00012489965337251563,0.00044395997163807903,0.0005359754832128567,0.04359502408715694,0.0004349884918170197,0.052741343055704805,0.0002935527025257546,3.6623065691408474e-05,0.0006162806897786771,0.001461011952628931,0.0006010184655817565,0.00026488731344776986,0.000971527736435176,0.023591217648923746,0.009893921374618225,0.003960915709237982,0.007894146080213047,0.011528043567780161,0.006463708421744252,0.451303724485195,0.003699306712691212,9.529447203002495e-06,0.061024829491262346,0.0004160710091034297,7.021124763483573e-05,0.0005329135528806696,6.312046785135896e-05,2.3883071388650838e-05,3.85516279251404e-05,3.115477465433666e-05,0.0006779381966064757,0.00019423254530250193,2.3160345202727872e-05,0.009488884118385062,3.5547174407396874e-05,0.004296215371076256,0.9140916372354514,0.02189513605837992,0.0021008667665400388,0.019002461779337915,0.00794963283487363,0.0003569530614865455,0.009989309621318327,0.035466992173599554,0.002902814793676665,0.0009316496071402303,0.0006171320179661147,0.0002624847798581248,0.0006030868827736067,0.002825478120540819,0.00019004245680577752,9.754199206449676e-05,4.5363185701577826e-05,0.022415336876181434,0.003517186030313701,0.10340153464824708,0.0005423567497871716,0.0010376500597127803,8.530219432281247e-05,0.018320189647708568,0.00032053048143742814,0.007469680603167904,0.002015685043740994,0.01744915908596125,0.001691039320060225,0.0008033592915492924,0.0036119258392219773,0.00376756458599023,0.0011702527964976106,0.00291312991803228,0.004709871318545969,0.002802805713086975,0.001356314168783812,0.00023169878629342823,5.609252657955142e-06,6.369811883669177e-06,0.0012036199403149647,2.626346337332588e-05,0.0183992171988405,2.8190909177436217e-05,0.00014590041056075363,6.053759740932404e-05,0.0015022302762845489,0.0022412429085435772,0.008017696128676083,0.01727287255295107,0.02483483428126589,0.022858208193666157,0.046224052955827176,0.014508953879304122,0.018078395334502534,0.013336263547990813,0.04220447241711674,0.01710501311710258,0.017964226054886387,0.03783667047739711,0.029782360018612165,0.06666466065379215,0.03160835539214065,0.020235733117326512,0.003408796414764886,0.0826844122488654,0.0004614472521868799,0.0001666567132455857,0.00010358861164369404,7.601603571565715e-06,0.0008834744735600208,0.0032667273732097965,0.0010881419477975242,0.005628919893119393,0.0006649842106010532,2.7894140043620588e-05
K,0.04863899347964332,0.04080027732034041,0.05968172611688901,0.045122624528731406,0.0456021133549313,0.040145439203370985,0.0352006610636867,0.02708943217721307,0.015840550605988015,0.00020648891560471288,0.9725679880097098,0.39611433227634446,0.0006813923367073418,0.0006779162148664845,0.0012575848736564028,0.002043847615238249,0.00011211414633122926,0.8106015239334425,7.881147137666217e-05,0.00024112928714644638,4.306878816805533e-06,0.9085601749089386,0.0001255838029572927,0.0002755863641328708,0.00029859208210422867,0.001377946317256156,0.0034249540841687024,0.0007728439490225225,0.003895136475098499,0.004527281850635721,0.0011815065831129708,0.007167785616884788,0.00041346175862664263,0.0033013958976352044,1.3331550915065217e-05,0.00011585718221054831,0.05645306017916037,0.0010209170708842927,0.0013515612090415333,3.0434003834700404e-05,0.000606819597470091,0.09628695880911278,0.000692241525593703,3.09091130897099e-05,0.0025633367633788443,2.767809554414488e-05,2.229722947020639e-05,2.8163929609994317e-05,0.001274734792372019,0.0002741132689339539,0.006093015501660194,0.00020171099121929376,0.010360427763580834,0.005876244083639,0.0004148411747684104,0.009502603724344286,0.0017219738850914725,0.04447610409140676,0.0001379495824763932,0.0001678440440540902,0.0023201432568033913,0.9698350897299516,4.58514943362568e-05,0.056909665022969,0.0006097113264596618,0.0010750324884372052,0.0001193906504014789,0.0006051355826147531,0.0001005873568229636,9.846653255851845e-05,0.0073497127825008874,8.356682323503264e-05,0.2258974021652273,2.3933552214707913e-05,0.0004994266449707153,0.007662042772971144,0.0010383692388471826,7.80390243515726e-05,0.0002635369965829895,0.0001147192358188674,0.004227785899852114,0.00013332358702133464,0.08185148244488147,0.027910507703450653,0.00011874567520557703,0.014670799760625767,2.4722691802607392e-05,6.801688169268487e-05,1.2708540950887535e-05,0.0004225361253810098,5.606851291436965e-06,0.0019398403319224285,2.1690131227978964e-05,3.46682353195072e-05,1.7273002678077678e-05,3.166878864455874e-05,0.04256299816085861,0.00449755422853102,0.010101037959654797,0.005867192159444974,0.00418689951224218,0.006558165947666406,0.004442774325028515,0.01277848952841398,0.006735531328787369,0.0024998734719545983,0.0033245200593563376,0.008799395254985147,0.01619185939102793,0.0075852851964172486,0.008441387298171706,0.015750995229504114,0.006330835294883472,0.0020569978739631138,0.0009703059607959349,0.00025366182119065874,7.822732012669015e-05,0.006778755075545748,1.6786588946632136e-05,0.00023077611001682372,0.0021147004942569246,5.176136814679481e-06,0.00027938508292016476,1.719790210607969e-05,3.9321139482550366e-05
L,0.10002407997770688,0.11113110917266258,0.09974621286629853,0.10102502620089852,0.09228974256136409,0.10092254307990518,0.1345154660289164,0.05191633613516612,0.03881703346032478,0.0057787009305761425,0.0004354350859062638,0.00044664709164309567,0.0036362158042677257,0.0002735499768099188,0.0005290730723357906,0.0025096445364397187,0.019106964090808507,0.0027344226432520443,0.010599596199077714,0.002875206768865212,5.059263430679411e-05,0.0004871909488144325,0.0007232975076187331,0.0028276305668435853,0.00022194728067933086,0.0013459338040837337,0.002341003404242208,0.04479609930244014,0.0008668311672707012,0.0032098337307948943,0.011646770308585236,0.007510284911018625,0.08191307516144251,0.004340331488336411,0.00011403129082396477,0.006420007268904876,0.0012541188083251339,0.0011624864898487125,0.0006830435936026474,0.0007781065725972996,4.393707606426837e-05,0.000659405726389843,0.00010146903172124316,0.9826137536062521,0.0006293959862818131,0.0006284579125832423,0.010059796381228257,3.941624068980259e-05,0.004523328699535207,0.005192737666352302,0.00448445481790569,0.006469348108064956,0.007453118712972197,0.0035141433652955104,0.00022955720698299926,0.004430802007810389,0.0023795146383201278,0.0006706409066157783,0.00040326908074969024,9.407586424801881e-05,0.002522010400876791,0.0008014634125668392,0.30242062234353206,0.0009157557130540274,8.676226282678949e-05,0.0003295692572550387,0.005938340229480147,0.0001867043459365107,0.03299998384397522,3.201377581633848e-05,0.0005656345116239391,6.342603953519013e-05,0.001040643892151107,0.0005736656725930791,0.00028803113430240563,0.0020087306275253973,0.000935165762378243,0.0014205255601855255,0.0017623319381780726,0.014830617610748519,0.023642310376840076,0.9646283716026265,0.001568281823028841,0.009653048835618516,0.826813470361023,0.0011260808429498221,0.00047856995726076445,7.737395549422764e-06,1.4603689791209082e-05,0.00018304689086040806,2.669374740298223e-05,0.008025644541376905,0.000171914008103147,0.0008502017462420486,6.873481839215848e-05,0.00025737227202836957,0.002105083441034164,0.031947603350387224,0.03039357399813687,0.02933724864745622,0.03950749692020857,0.06608571965149207,0.023836682849161128,0.04172932735065267,0.025497322719281405,0.0565269066468806,0.03390079134919463,0.044952366560092744,0.036969773643732134,0.044972723661463265,0.02708497609324511,0.031251072604410984,0.02227043344717932,0.004006168934396938,0.02054537961129334,0.00201706092380492,0.00019045431409252407,0.0006614072696677699,4.20064949565352e-05,0.0002521175862079113,0.8857430944599172,0.001649751318925404,0.0001860410252726224,0.0009231264523710289,0.00015256017197346736
M,0.019681338558755094,0.02167316247237768,0.021705518300097603,0.01764575462772753,0.016164820307560307,0.01692308239132231,0.019064818015773807,0.01076795313203424,0.008902300429170324,0.0018343309689635948,0.00023002793516107702,0.0002207070130100537,0.00012249544010323928,8.149977353220366e-05,0.0008128751608346039,0.000655344540010724,0.004068944527278681,0.00124679134780608,0.0022761161991107707,0.0005686292415280381,5.700118173629104e-06,0.0014480063270636938,0.0006205979327579004,0.0001322641049975592,7.253006449188348e-05,0.00031773232914060793,0.004080878850447994,0.0009737218959686655,0.0009651920874432653,0.002358167390549768,0.001825184607158523,0.0041736022261922604,0.31728482160677507,0.0043021214294894205,1.9280731965163992e-05,0.004761962101371482,0.0010465531917981793,0.00015093759784684318,0.0006337782089283525,3.831050362674833e-05,1.8362850458505463e-05,0.0004969600945290791,1.31157927987119e-05,0.001226585759172134,0.00013262496945446497,5.112187525450147e-05,0.9737883258441681,1.1738143920145023e-05,0.005822266197727423,0.031094573515053424,0.0012962291552446204,0.0017107573841856818,0.0008102046668066866,0.0005022209699259767,0.00012623497664327908,0.0018900842017949158,0.003702006566782694,0.0009052249516676821,0.00010528373401640674,8.163356893001989e-05,0.0004406098747380684,0.002373527873814646,0.003096771231752728,0.00035825411757515834,5.529691139480405e-05,8.49535084759365e-05,0.0025441686569732803,0.0008696982592486961,0.8480020976964676,0.00030629103668626973,0.00069001735273486,2.759886312610076e-05,0.014120070387469498,6.868940681274004e-05,0.0017454326265953436,0.0010188609065320152,0.008909710945445582,0.0029821658765955272,0.000540214737893941,0.9733665240164707,0.007318179498090097,0.005968024438677039,0.0007593731604615709,0.0026615621138349047,0.0020184618048228113,0.0013819153844261817,0.0001517918746291664,6.243410355602331e-06,3.597924563175885e-06,0.0018226589590358525,2.8763680610471806e-05,0.01678261280660792,2.195535340052422e-05,6.185711898950292e-05,1.1290895957335516e-05,0.0005200607520577213,0.0013675588456890622,0.0047401546179484605,0.00408754515531388,0.006194437393241591,0.01492208215463346,0.01511799178177245,0.005348878642700101,0.013208285292831329,0.005832986916548347,0.017450274056177873,0.016479626842709667,0.02148691679114138,0.019353409288271842,0.03516938775532298,0.009159474589357584,0.014944405625167146,0.035173437960647064,0.0018620610738952822,0.4085705155881501,0.00159874602673325,5.505239293455852e-05,0.00037506864015465633,3.9406994571359435e-05,0.0005046152086641274,0.040712056463022936,0.00017627470613153657,0.00048148331799442804,0.0001777994520520116,1.0792615919425773e-05
N,0.03516751794212312,0.031748147788492116,0.03627676187727299,0.03936115688528503,0.03800473334886071,0.034581929910999266,0.02740489206271764,0.028542809494945216,0.014838306638519738,0.0001802169176228823,0.0015320066710837151,0.0008607771751237507,0.000451670097477605,0.000749623809933567,0.002074641167595266,0.0406571837449178,0.00018698392356629386,0.006548837963793428,4.5989618158666896e-05,0.0017077718901565445,1.0754302828466739e-05,0.002578319259174081,0.0003891581156889408,0.0013585867782557638,0.0005118866418488548,0.0023895762893125006,0.024539221194455323,0.003643854634987854,0.008307255004586185,0.04359547102558699,0.018063522557812784,0.020681578433766803,0.0014721366360117725,0.13427178716104135,7.704885949690752e-06,0.0003956562607011097,0.0006319880381702233,0.00013181695050809212,0.0006075718053360441,4.595883936210436e-05,0.000983103548171838,0.000634168480860197,0.0001294634186915955,1.3455371494771335e-05,0.0001327099919459002,9.435120338417267e-06,1.3315604442905755e-05,9.339032889971834e-05,0.0024128652294494067,0.0013845101211805181,0.13411987596428054,0.009107803939240827,0.0351163253954156,0.4733458202385306,0.004159268119688649,0.13747695932347076,0.00658510546996675,0.8926110725138245,0.0012100213080494563,0.0006126892853156063,0.0016903838842523588,0.004612490578049401,0.00011640273649340031,0.0015054550200310172,0.0022596388537113646,4.793245087733205e-05,9.990618968650376e-05,0.00574609924283285,4.0373333954206724e-05,0.0004984925615898376,0.00023655023189035767,0.0047359952649749714,0.01938943363077031,0.0013141761307538414,0.0015868718945939787,0.1206619379765536,0.0009418390454217268,0.00017197205619198572,0.0009725173012824193,9.967512240609323e-05,0.015076770377526534,3.816784208318916e-05,0.151433777893451,0.028828576354119718,0.00019942373826384625,0.01410564899327168,0.0009965202927099122,0.0015304302949255605,0.0008775331007767149,0.0016876914462605997,2.072892749794168e-05,0.00036227009750147167,0.000259118157261167,0.0004575140388672376,4.1775104104588494e-05,0.00015758679501006543,0.0019607169240132053,0.017353719721385226,0.02611946734159589,0.034108744702492644,0.022471569835912253,0.023046557352299116,0.02465458464623381,0.02717285724550687,0.03526044113017608,0.033935539985708696,0.039150180486452794,0.02537966175108714,0.026367138275330465,0.024540204115990224,0.030454548255661042,0.035392657470139456,0.013639009283767399,0.020698685771252022,0.008269416836306324,0.0006807168523168642,0.00029490940401616773,0.00021728692569186292,1.888346345226985e-05,0.0006666322593753738,0.00023763963444989555,4.971503853093208e-06,0.001777757205332073,1.3996417203870222e-05,0.000142685323293004
P,0.053612607115210674,0.05225088023682946,0.05274131790667866,0.05606696944495427,0.05559733193324821,0.0549242457011085,0.04920012186563749,0.05403100908058535,0.024957596599982874,0.0003539177763790535,0.0003916100707074718,0.0008413827519369227,0.9756452949985647,0.00011695253271786774,0.0003339063091160886,0.018755628642757687,0.0001580182559234038,0.00032842655594272083,8.811865279360365e-05,0.002902735897061314,2.077505946824078e-05,0.00016681906616224356,0.0007112368114239837,0.0015447160490022406,9.391316740617624e-05,0.00014223101219948213,0.0022957943606485716,0.0006362772538728847,0.14055159766315992,0.002602458474297552,0.0021231715712402514,0.004288055381437535,0.0003983419050940125,0.0017123757868032087,1.0012408628052766e-05,3.515267697732002e-05,0.0002659316613367592,0.0004996474543529139,0.012660716716121645,0.9837591810714442,5.041524533438542e-05,0.0003123711085831098,0.00035548277325028716,0.009305818396959686,2.572249136798412e-05,6.3493910846056955e-06,2.70749144835644e-05,6.406972855862624e-05,0.00023286309490584746,0.00012896828180973942,0.0008505743976405204,0.45167504056939967,0.005941826978512438,0.002689499162551159,0.0006162280900931361,0.004954961434803158,0.0017402394054050695,0.00013395969176044703,0.00020475933748807194,0.0009085547264842082,0.004510468218997494,8.409423199370064e-05,0.002946787401065118,0.0007243173910887733,0.00014624700557643947,7.482321026910767e-05,0.0001549976738451325,0.0008894874585001964,7.690677352451053e-05,0.0008423867580951543,0.0006083298768747319,3.354323859014634e-05,0.000333987839163081,0.0004041881364715345,0.00037440159940950273,0.000496223666999676,0.00030537404374910164,0.0005228214231355663,0.00010436333902337943,3.7771267316325096e-05,0.0009634801359962405,0.0007876751727960171,0.0007796263100635127,0.008016407835547041,0.0033342852748123554,0.0019410968723494555,0.04670851921029056,7.710406238128683e-06,1.1858141044695353e-05,0.00012788095295409327,8.612772215485668e-05,6.966200261324453e-05,4.116079351944695e-05,3.99589496198146e-05,2.1673465265257772e-05,0.000997187665859136,0.0009237424710306255,0.011618425893451762,0.1193881569646892,0.0202115378775867,0.020618239945796625,0.027171645790392263,0.031163462042232425,0.053561081110978015,0.023153666940954793,0.023599903606164215,0.04844075156381323,0.07638608543792033,0.030348853209818404,0.033801948386877056,0.043052777950278474,0.06003614306876283,0.024123108081970636,0.00612646067784297,0.008528141725293054,0.0016019571803779639,0.000256168955828489,0.003780811966904972,0.0003436524712672423,0.0008423485992352055,0.005334029620058494,1.963180048555335e-05,0.0002789654851372633,1.9203805273518253e-05,9.694725422540714e-05
Q,0.056256732751697396,0.040056943834874584,0.04787920779367705,0.05927818951404909,0.05099212887710978,0.07837221086662137,0.04716896080744089,0.04608805992031492,0.03591385866090225,0.00019849362572750526,0.002186142835244252,0.02926483969277247,0.0017048452589738484,0.00025628918049434304,0.009796738850979595,0.006344531187823968,0.0001565244102694638,0.003524164753273027,5.9536332732903716e-05,0.0018036840294138833,4.1188495212002435e-06,0.008312636066923692,0.00018133044063084166,0.00010309780486407595,0.0002716949336723907,0.0007290354044108409,0.0009622863760089143,0.000410620327034314,0.001220498842012628,0.0018957661719641598,0.0022568821883785736,0.01402560101328511,0.0004673675496741041,0.014619883528336581,1.8329572484709063e-05,7.890893957475757e-05,0.009243593710959735,0.9884558891385326,0.0007807092396880777,0.0003178077883770001,0.0005246059644729696,0.8833737348832463,0.0013506978889130776,0.0007816307820382477,0.03167076240553479,7.96535263699916e-05,3.342974097932522e-05,2.9491459771124282e-05,0.0028083843871670217,0.0003257834042627845,0.0028128164233829113,0.0022428540301494084,0.0032188783314842082,0.0024623807660030523,0.0004005439141917923,0.009072706956795682,0.0001921931509727141,0.0023849137029116653,0.000246285978895096,4.224734559504162e-05,0.9643039132934665,0.005754412790542161,0.00030191190455458686,0.9073664219315938,0.0003391069987020402,0.0025095188869495182,8.115068648631715e-05,0.00014673947172093107,3.883258074877404e-05,2.27191859025152e-05,0.00024921858983456395,0.00013943439750997616,0.0011791140538895627,3.620174498136677e-05,8.91387485997507e-05,0.0017566100917183873,0.0003169965573739532,0.00017283491362929848,0.00027939094471397254,0.0001531515792856994,0.009781269894156296,0.0006408788036953552,0.004984331561252037,0.00532100520972394,0.0005635596287719776,0.01059628616174292,0.00011486297428058774,0.0002225173916263633,3.0397716301482098e-05,0.00013264786449632455,1.8424596909469327e-05,0.00032186572133196287,9.662797545482662e-05,0.0001349269425939175,1.83864545210628e-05,8.12029424485682e-05,0.0022020222945333665,0.03342006170797608,0.016917345910539762,0.011369521706321247,0.017481655538135868,0.01437690489145687,0.010225472739588936,0.04811011198513594,0.009556044814451058,0.013736853840719527,0.013858404184909676,0.024966368964180155,0.01697151239742887,0.01944284030586329,0.017437015518669614,0.01465401297843361,0.01126460034561571,0.004275947412456222,0.003105038228172883,0.0007688737893766304,6.674719565464562e-05,0.9770992370868192,1.913844357971974e-05,8.143078362298063e-05,0.027243675306201236,6.729511340223748e-06,7.431431820419788e-05,1.0373912504101848e-05,2.847144219902973e-05
R,0.0753703397366567,0.06404109970216347,0.06705130470921493,0.06787779584941248,0.07055130455556219,0.06998064325419538,0.05221805237107505,0.04479601386074287,0.026186085333832092,0.0003000593396737862,0.011831889620932571,0.5432944150262432,0.0008015054520983259,0.0011938353819358912,0.0005072697001152054,0.0015475279136698825,0.00010326232993058071,0.16093999347594634,6.68966338687648e-05,0.0008523315841662037,6.766247256440577e-05,0.03781103256327473,0.00022914097468313533,0.0013353112987124723,0.0022851728543551264,0.004436237273145493,0.003082360222370749,0.0015019179935694812,0.00674612880200252,0.022183302496442722,0.0017015057511875144,0.016844177212060035,0.0007350760502391945,0.013613824663313161,9.571166096295877e-05,0.00017072621416282656,0.9168310471886155,0.0006579628198477126,0.006213233904681116,0.0003465547676493879,0.002785408151800751,0.004918286816020154,0.0021619524672940402,0.0006876743976744244,0.0003134645245236521,0.0024273165941727493,2.83944064014123e-05,0.00022109759296137769,0.011016397883962192,0.0002550498182350026,0.020115266475965475,0.002542669640222626,0.006355177093284602,0.004253768554488744,0.0024390709343858705,0.002117617695763938,0.001043267222475528,0.002900269037917148,0.0001710423719176617,0.00010027550105868693,0.001397224570204678,0.008321293490168248,0.00021392269238111765,0.017246380087828306,0.0016877751427511701,0.9942857602290345,0.00011941342453270164,0.00133078359264862,0.00010318977667916759,8.438432802822863e-05,0.0788458347637161,3.809714663736187e-05,0.02520345446579747,0.0002120970659450074,0.0005459410611777403,0.011315992415985016,0.0011252231121925266,0.00010230134494382938,0.00039951634864907867,0.00012318286597305927,0.004210468035459223,0.0003982647952041927,0.13052714594931916,0.12009799658098726,0.0009504107896122271,0.6202399718523183,0.000604613818686517,1.3822369003667136e-05,1.4035126510107588e-05,0.00030889355914247806,1.9178145956688496e-05,0.0013772119244126152,6.577200079954021e-05,0.00011869427324000167,0.00022237695352425756,0.00010738208019239062,0.8988928154919272,0.06661501010964122,0.06299094400159733,0.05791832189038337,0.025847259004097824,0.04576017767344092,0.026980018592263313,0.054807824114247235,0.020891438762522266,0.01010375967715447,0.022065725359733973,0.03933759025219165,0.04202733562217794,0.024865494811645652,0.015171749591898957,0.038983492748165836,0.019008841850382843,0.004226550293646719,0.00345510486819197,0.0017483930828712105,0.0006949969454449396,0.005250499379777614,0.00011344479995563806,0.00014057209386353654,0.008298715071787557,1.5708900246190622e-05,0.00026317181823919724,1.5469825888062082e-05,0.0002867451779400317
S,0.0630348425045763,0.05782012796476633,0.06891687032825994,0.06805306060474166,0.06283202685260925,0.07233273879199972,0.05705180758936447,0.16447321036838516,0.04764460657415833,0.0005375439251411345,0.0012666621972012475,0.002137624054150729,0.005458439860469609,0.0012215311274354158,0.2804440217875026,0.8867723117041477,0.0005758675489012269,0.0029195183857237787,0.00010496092133604996,0.9476411957848062,0.000844863141047111,0.003121647418587402,0.003980542562426791,0.9740000999021476,0.008856463039614043,0.028944237419492858,0.1517775948105179,0.00985189048176923,0.2132781899341104,0.3291902626204217,0.01617425763739643,0.0640282601069364,0.0039337251358569384,0.2044122840380798,0.00024188357956424247,0.0014456061968723438,0.0008603524636245491,0.00015396977603670685,0.016351217634120622,0.005853619476904158,0.006650872938370677,0.00039551648566359295,0.0019929303509906688,0.0003584988280630662,0.00016238273194996004,0.0002539992690511714,3.917168847314204e-05,0.0051602272777224265,0.01429516078506633,0.002318848105392337,0.6856530139812077,0.16644236289164369,0.20717595929221233,0.1518118673882186,0.030386140108466207,0.012026355164924646,0.008872457640303894,0.006992238567262195,0.0014325136437886626,0.006509345701246985,0.0010130234329182846,0.001195407587871576,0.001317754139681391,0.0010160106451899801,0.005652069225417254,0.00014934851694420212,0.0003917686401665402,0.03400079882838999,0.00011516307217814063,0.005431748682611404,0.0070778630019841925,0.0006026841258155494,0.006808304904486304,0.9847585961336525,0.009043073373253876,0.7819075854037286,0.005980966811480971,0.006658863277593965,0.006477697945062522,0.0004941606369598475,0.03292944575173827,0.00020295325703802863,0.4932962809352256,0.6819502016452547,0.001477583441019398,0.027035659445768506,0.8980564608768363,0.000149018871330843,8.20046732398348e-05,0.03832590107700391,0.0021642845874821253,0.0005906662536694326,0.000625233052870254,0.0005963603550455788,0.0016407756163309773,0.005029751878178046,0.009390811326248152,0.05481106487653602,0.12393017039119973,0.20964719747566593,0.1405801176618201,0.12258771657866734,0.1828954904494815,0.08617219897923875,0.10142719774379429,0.06690648179074515,0.08002754219529534,0.053388772901278456,0.06763770485169808,0.060231829421959635,0.03700439471122712,0.06366384438000533,0.05721334446598298,0.012023063947482052,0.05314773732331687,0.004202665291724093,0.004093150689910204,0.0003201556293674511,0.000321531314142824,0.010997833583843661,0.004382333762952827,1.917103258089121e-05,0.010389170336330205,6.129554749314614e-05,0.9959082627257178
T,0.04905713919924087,0.052373007369499104,0.05432715034477636,0.058223080281402134,0.052938539692469325,0.04410695243193928,0.05315947234249415,0.0638372380409764,0.03922339109878717,0.0016621308332753406,0.0050352663591491575,0.0010139493742969928,0.001982443882080031,0.00022323262233435272,0.01345835656637965,0.01781038344976926,0.002823124033666355,0.003429289560558673,0.000307799061688437,0.014129823100707683,4.011193980053127e-05,0.021317462786917898,0.04630758790296693,0.007253902720669866,0.0013674779873232416,0.0010548730708973676,0.7346856231382314,0.0032119634571001103,0.5918345933961638,0.11045859771109069,0.005477212132820952,0.03234536879472614,0.019464523510873244,0.11938735996541662,2.8658373521331113e-05,0.0018511603941650232,0.0005297769014555083,0.00015478953913796017,0.01281015270433231,0.001982512890393296,0.0004957404920517778,0.0002468477388161744,0.0004449170236208178,6.875927312676797e-05,0.0003421052980627107,1.9781699280883655e-05,0.00036059852332453844,0.00029835810143628405,0.005276538932402649,0.0121600962217574,0.03126728983063104,0.09452323450420573,0.02262752831234583,0.022888709377183156,0.003209671494687603,0.038318372428488526,0.9214299522324061,0.006536704922959241,0.000723938261519186,0.0057648491307130565,0.000666952118369449,0.0024544644521003072,0.0002584143447640983,0.0011445909678154155,0.0005325954983732833,8.83477815504518e-05,0.0012151580987135387,0.9145267282422036,0.005934428217999667,0.9886267840338454,0.47795998591441824,0.0005882784625912769,0.6624213582769389,0.00512857577915321,0.968694429645013,0.035430016505544934,0.9472125382311298,0.02760147818988942,0.002497679902968568,0.0010084049516393507,0.01933254123612969,8.651009852324689e-05,0.0940467419462647,0.010986931105910237,0.0009754166960245347,0.26279047326995714,0.008334791324347958,3.852108773379498e-05,2.0378810453346422e-05,0.9454292027782797,0.0010742715239660903,0.009256579059587816,0.00012865944592313047,8.886264173750843e-05,6.702844180015476e-05,0.013746545066080973,0.021667685842766484,0.03213485548570187,0.21428902477155304,0.05021446144875965,0.06111855622393716,0.07324516061362989,0.07984384072995036,0.058093890221674514,0.050096842228646084,0.03491087599206881,0.0351411499131602,0.03366365733005924,0.04361957090748102,0.04438032663518616,0.0303749564732239,0.05148187089942086,0.03472071498419333,0.005186860280619326,0.06234208314097177,0.0013682730847847046,0.0005766388532673165,0.0006787264540579198,3.286403821884392e-05,0.975299663960786,0.006799360314965181,0.00012753968622421116,0.9770386933834269,9.508790210134834e-05,0.001241228419963777
V,0.06070239546969392,0.07641360851863543,0.060991782085217966,0.0626436924358455,0.06683027586570855,0.06240516604888171,0.06445560336287097,0.041652660865119706,0.036682037599997976,0.9415546608945807,0.00037256388776278675,0.008230502894122535,0.0007293114758184142,0.0007447839214449361,0.0031628708183061133,0.0005966570233605195,0.9173508023248835,0.0004150625851109301,0.9292945415977025,0.000523118923459777,0.000299430450087494,0.0008795074279897246,0.026208314487676968,0.00031393092339370376,0.0034171288389143093,0.0040086626389223305,0.0068522505122422545,0.0023529545333211208,0.0007615401401879815,0.008072969518194601,0.008029962474525603,0.025471208407155676,0.10016464100676313,0.0022732245296586957,1.8835100166257828e-05,0.9135196582211378,0.00029058850281636704,0.00017091339366632363,0.005724685406480619,0.000148778605855537,0.0004333271376511071,9.153989968571432e-05,0.0022204605166618856,0.0011183026210044497,0.004192795240146971,5.2885689417830285e-05,0.005179564271501959,0.0009965316970448753,0.026659849863764015,0.02508795707457417,0.0028004611684847563,0.007662579863159788,0.009719142036246577,0.005363009435880262,0.0023676385857349623,0.011983033827533306,0.0028524508635723376,0.001968793654500968,0.0006642572057141927,0.008705451108679738,0.0004347628788261552,0.0001930701708173338,0.0033742065536399527,0.0003848200272663084,0.0013403451685207414,5.901552582591991e-05,0.9559354573481806,0.002297143451993033,0.005108776237676156,0.00016952851840121104,0.005678811249258095,0.0007351019885533604,0.01115873686399315,0.0005465776663136082,0.0011484528830335756,0.0021361465820419817,0.0028203630429138454,0.03720594543602356,0.00190879448156422,0.004470284991752999,0.004943763050602678,0.01729779723349886,0.0014136501212596688,0.003254675948323846,0.15211074997084204,0.001403763061474719,0.0006889278219431195,8.191142683409308e-05,1.6029962816744608e-05,0.0013111904165491119,0.0009825781858777834,0.9289627577259937,7.72908049572594e-05,0.00023879963338876758,0.00012117205226611331,0.0123526323938091,0.0021329709314012093,0.040689883126593114,0.04472046181476638,0.05439843638428638,0.1107457362494066,0.06428060673654395,0.03585907460108849,0.04926604292176855,0.04142225124897946,0.055596218487699786,0.027899224150335005,0.030730720809499932,0.0420960092970042,0.036187915333048555,0.1613664381252704,0.0563075896701457,0.041090553568556024,0.006765612118531254,0.03806042699091918,0.0012118621290559074,0.0024286294801042544,0.0001173732153835809,0.00020254450174908166,0.001072026109570759,0.00469481908752314,0.9947460627379182,0.0006549140666127623,0.996446289515576,7.347725463847438e-05
W,0.013345029441072494,0.01157861663113458,0.012288800927564928,0.013545478201871984,0.00973543649616244,0.01109868241806971,0.010682082953840443,0.007991691370531837,0.0041337996105862305,8.016992189921007e-05,0.0001244453485828744,0.00018038198668986465,3.725255049292105e-05,9.422599196259337e-05,6.83410734935369e-05,5.859452872676191e-05,4.873303396216459e-05,8.889459673084257e-05,3.400544086356117e-05,0.0002390448042537245,0.00024686727881443964,7.733814143095332e-05,8.322078639637233e-05,0.0002927743452383044,0.00021548169747891773,0.025625571402145695,0.00021731075740911876,0.0005755570656345212,0.00024299823941316593,0.008617661352336459,0.00240911966793645,0.07870444799129907,0.0003975980191966676,0.0010522632058613372,0.9988436971276415,5.8955953708015515e-05,0.001496809663704536,8.750740030187916e-05,2.9988639689086283e-05,7.109041433624397e-06,8.722611414084228e-05,4.27037022629055e-05,3.0244892134652544e-05,0.00025412841183532876,4.810619614199275e-05,0.9843128004840727,7.617220416566456e-06,6.034657176921956e-05,0.45540472000893023,7.703927347979646e-05,0.02385923840373054,0.0015662662621585238,0.006428324075394746,0.0005416400819499226,0.00037819009131073624,0.0005631714532012424,3.523917510025105e-05,0.0004301895642603132,5.2871972680116785e-05,7.244451471687832e-06,9.568419030235082e-05,4.3248057660941536e-05,0.00012003821300156191,5.0249930396054165e-05,6.906691095953989e-05,4.478955918670704e-05,1.7608005416436168e-05,2.2413955956444938e-05,5.638007096784589e-05,2.6900042385132376e-06,1.975718958919352e-05,4.7920131558258245e-06,3.25531054977009e-05,3.007120519875547e-05,6.222290954443753e-06,0.00029861002249795244,2.668898734201819e-05,4.6320624231448775e-05,0.0016527937857266368,4.80176879329109e-05,0.014633546692865472,0.001143588802505197,0.0001745524957098171,0.0007972580299830301,0.00019001871603087096,0.0015094919071580622,0.00022739248016287298,7.84324843944886e-06,2.13961852699312e-06,2.8634727597161458e-06,4.663837462398388e-06,0.00028353452780844273,7.82547043613097e-05,0.0002995244137813971,0.000166080613836777,3.828563086323179e-05,0.00013687226484089744,0.01401898821215531,0.014164983273865813,0.02457060634794107,0.018628732949957535,0.03210162922428882,0.03972085342798226,0.07237848823711572,0.048897536637700634,0.011449234348445555,0.023160347424414435,0.08588449486966178,0.09821725856537618,0.09215702441631102,0.026446050057827648,0.015669012667898177,0.05496447505100226,0.00730054002712893,0.008649034697182645,0.9538953288834425,0.0002887842125353159,4.100587550475166e-05,3.307785357066474e-05,2.000257192655969e-05,0.0003799064362217061,4.765243908205657e-06,1.491434828474299e-05,9.643690084833856e-06,2.1201808684131445e-05
Y,0.025442742849280938,0.02459153449172055,0.028615949374988195,0.025832393248367464,0.02278682911488109,0.018463687385283017,0.0221770783210039,0.013989839516948627,0.008218220190931016,0.0002788402073906988,0.000573142072806359,0.0003536235792838589,0.00013039571723260274,4.439525481229374e-05,0.0003056718232265133,0.000490456050305915,0.00024327463196852978,0.00033044732674307004,6.515232936084327e-05,0.0006342404549770958,0.0006607569532929891,7.172609390587087e-05,0.0003213777261229544,0.0011285530187803248,6.967329745546855e-05,0.3690449666589163,0.0011802599041604753,0.010161444006504275,0.0014714053655310187,0.01439645618445939,0.7816536742295253,0.22627885097011563,0.0006560586619764367,0.02337035131217635,4.9753909406169994e-05,0.0006195078189443046,0.00019304715643122877,0.0002716578836861418,0.00010038007932936371,2.638791424421948e-05,4.0364171277317966e-05,0.00022919561266182903,1.2496285512440191e-05,8.86193306418263e-05,6.422872872636503e-05,0.00796275182044809,1.4137882241867109e-05,2.689615696315448e-05,0.01899937220229267,0.0005921767077179785,0.018077628130673744,0.01424998463257863,0.5164560060790792,0.1946865479821873,0.000599665861896512,0.016457528982710426,0.0005736774351533589,0.011091349763239769,0.9821032032764142,0.00012800308997969976,0.00024871096186448045,6.580669691033574e-05,0.002902850782318636,7.02029452514617e-05,7.200640987492927e-05,1.625788206928968e-05,9.123112039453213e-05,0.00021138626390432763,0.0001087384631550873,5.0586555311148335e-05,2.2059915997624228e-05,0.0003300495456337578,9.430483294493782e-05,0.0002659481466404031,4.4517102897739016e-05,0.0027401265147796966,0.00018568988300431374,0.0004833389803124915,0.9343744250904233,6.219974342500678e-05,0.023177244946480016,0.0001521534808953052,0.004016283295424227,0.0033719821134018607,4.4462157844631065e-05,0.0006822682152850209,0.0012785522675053706,3.9500231501829796e-05,8.9369762770109e-05,1.5229915845820088e-05,8.817989183280458e-06,0.00013915489860747926,0.99393221581433,0.9543411354056985,0.0004918389849598977,0.00017844529987942148,0.00032925510534203287,0.023009942131949044,0.048240120160005534,0.09238108062161295,0.17448290182963916,0.07258096387978262,0.07323864720159787,0.11028826025724538,0.14350968926822286,0.06050679598519955,0.08973606996245483,0.15549061011902357,0.18866695985189696,0.1962010033887501,0.09779008393018905,0.0499421199599983,0.16353869307116223,0.04525494881455234,0.17547211377384575,0.009353232159242466,0.0005059051301756724,0.00011163744240805712,1.3706774040176356e-05,7.234927214722774e-05,0.00044296780145311893,1.5056013736756029e-05,0.00015058017366925108,3.011724012969104e-05,0.00012925505258198488
