,1,2,3,4,5,6,7,8,9,10,11,12,13,14,15,16,17,18,19,20,21,22,23,24,25,26,27,28,29,30,31,32,33,34,35,36,37,38,39,40,41,42,43,44,45,46,47,48,49,50,51,52,53,54,55,56,57,58,59,60,61,62,63,64,65,66,67,68,69,70,71,72,73,74,75,76,77,78,79,80,81,82,83,84,85,86,87,88,89,90,91,92,93,94,95,96,97,98,99,100,101,102,103,104,105,106,107,108,109,110,111,112,113,114,115,116,117,118,119,120,121,122,123,124,125,126,127,128
A,0.03468489646911621,-1.6810548305511475,-1.042341709136963,-1.6874123811721802,-1.116502285003662,0.13485217094421387,-0.5888710021972656,-0.11442971229553223,-1.2345495223999023,0.9836795330047607,0.07408761978149414,-0.20104289054870605,-0.13495945930480957,-0.0208890438079834,-0.9757368564605713,-0.9995067119598389,-1.5987011194229126,0.2275981903076172,-1.3830699920654297,-3.903973400592804,-1.0792217254638672,-4.954771110787988,0.0,-0.1636667251586914,-1.7315003871917725,0.11624383926391602,-0.0037162303924560547,-0.8839125633239746,0.2207775115966797,-0.8721394538879395,-1.0099014043807983,0.7868928909301758,-0.1359708309173584,0.0,-0.7164011001586914,1.3706910610198975,0.14810419082641602,-2.3739415407180786,0.1114797592163086,-1.7627127170562744,-0.4246361255645752,-1.073803424835205,-0.6344132423400879,-0.6512942314147949,0.571575403213501,-0.4315483570098877,-0.045143842697143555,-0.3026926517486572,0.59368896484375,-0.8718593120574951,-0.5992836952209473,0.14602994918823242,-0.4764096736907959,0.3756904602050781,-0.3869318962097168,-0.16910505294799805,-0.8570761680603027,-0.6920413970947266,1.2763798236846924,0.07689809799194336,-0.04525041580200195,-0.29891443252563477,0.8222248554229736,0.0,-0.039014339447021484,-0.4521505832672119,0.0518183708190918,-1.9654221534729004,-1.189063549041748,-3.7596016824245453,-1.987830400466919,-1.631058692932129,-1.299980640411377,-0.5423135757446289,-0.7160129547119141,-1.3624045848846436,-0.1022636890411377,-0.9273180961608887,-0.07224798202514648,-0.47701501846313477,-0.5178935527801514,-1.6568851470947266,-1.5288821458816528,-4.546279340982437,-1.5980396270751953,-4.153119087219238,-0.33704423904418945,-1.162250280380249,-0.9780430793762207,-2.3019962310791016,-0.3671691417694092,-0.4435594081878662,-5.439384341239929,-0.1924452781677246,0.0,-2.568259358406067,-7.309425190091133,-3.275964617729187,-5.3879104144871235,0.0,1.2706360816955566,-0.5190253257751465,-0.5201501846313477,0.9692180156707764,0.20624828338623047,-0.28730034828186035,0.09580564498901367,0.34539318084716797,-0.5153350830078125,-0.6075611114501953,0.05344653129577637,-0.33608388900756836,0.3897361755371094,0.0,0.4295930862426758,0.20891237258911133,1.1545891761779785,1.393974781036377,-0.4348785877227783,0.5935266017913818,-0.39343738555908203,-0.07253861427307129,1.538388967514038,-1.355208158493042,-0.6529407501220703,-0.38829588890075684,-0.9822795391082764,-0.4571652412414551
C,-1.7999248504638672,-3.40914249420166,-3.477128505706787,-3.4819122552871704,-4.07576847076416,-2.1938116550445557,-3.867109775543213,-3.2586469650268555,-4.476295471191406,-2.0227956771850586,-3.297511577606201,-3.4688873291015625,-2.86335825920105,-3.8166823387145996,-3.28088116645813,-3.8845055103302,-4.055233120918274,-2.7701914310455322,-4.638813495635986,-5.520082771778107,-4.183450698852539,0.0,-3.351262092590332,-2.7065036296844482,-5.16306471824646,-2.7169995307922363,-1.681067705154419,-3.584000587463379,-3.153017044067383,-3.779235363006592,-3.7386492490768433,-1.6914420127868652,-2.5694656372070312,-2.0453948974609375,-3.2215194702148438,0.12549161911010742,-1.8609981536865234,-3.1445757150650024,-1.3053803443908691,-3.1819422245025635,-3.033954381942749,-4.193404197692871,-4.092001438140869,-4.147217750549316,-2.2595841884613037,-3.2600371837615967,-2.1789939403533936,-2.63747239112854,-1.7202825546264648,-1.5304949283599854,-1.8433256149291992,-2.284498929977417,-1.903329849243164,-1.9724986553192139,-2.3019585609436035,-2.1047396659851074,-2.7828521728515625,-3.1095919609069824,-1.2419805526733398,-2.387319326400757,-2.614309310913086,-2.9795479774475098,-2.6048076152801514,-2.5468552112579346,-3.471999168395996,-3.6662795543670654,-1.8997912406921387,-5.246355295181274,-3.6853175163269043,-6.964468568563461,-3.4168546199798584,-4.946816921234131,-2.6017143726348877,-3.4368960857391357,-3.5043511390686035,-5.445402383804321,-3.4071009159088135,-4.976960182189941,-3.8105857372283936,-3.052288055419922,-3.31076979637146,-3.0186240673065186,-5.3435927629470825,-4.293257147073746,-4.642151355743408,-5.975393295288086,-3.287410259246826,-4.211761474609375,-4.791619300842285,-5.432200908660889,-4.9728052616119385,-5.513934373855591,-8.55655324459076,-4.069530725479126,-4.87401008605957,-6.251036763191223,-7.903824165463448,-4.349202036857605,0.0,-3.554147243499756,-1.1697988510131836,-2.9821343421936035,-2.9221086502075195,-1.3288629055023193,-2.023198127746582,-2.6691298484802246,-2.3718018531799316,-2.122891664505005,-2.2515931129455566,-2.33923077583313,-1.4634244441986084,-1.973890781402588,-1.4929108619689941,-2.031731605529785,-1.5302109718322754,-0.8200774192810059,-0.2790699005126953,-0.35667896270751953,-1.3993308544158936,-0.6871001720428467,-1.6577391624450684,-1.105705976486206,-0.20760393142700195,-2.3035523891448975,-1.5777158737182617,-1.2700295448303223,-1.2063508033752441,-0.6211886405944824
D,-0.006367206573486328,-3.092191696166992,-1.5177781581878662,-2.9389654397964478,-1.456571102142334,-0.8290455341339111,-1.6135282516479492,-0.49585461616516113,-0.8505637645721436,-0.41957759857177734,-0.7293264865875244,-3.432156562805176,-1.4381468296051025,-1.434133529663086,-0.2532072067260742,0.3314671516418457,-0.5574198961257935,-4.038264036178589,-1.6693191528320312,-7.705402672290802,-0.9496824741363525,-8.388977596536279,0.36934566497802734,-3.1580846309661865,-1.4843571186065674,-0.5862812995910645,0.0,-0.47608327865600586,0.4104907512664795,-0.7457656860351562,-0.2518666982650757,1.169372320175171,0.32123637199401855,-1.2773857116699219,-1.0843772888183594,-1.9130005836486816,-0.43019843101501465,-3.536028504371643,-0.09706401824951172,-2.0810089111328125,-0.10763955116271973,0.6159849166870117,0.2896561622619629,0.029564380645751953,0.87595534324646,0.2753415107727051,-0.49855899810791016,-0.4307544231414795,-0.036470890045166016,-1.0333287715911865,-0.03656005859375,0.3251762390136719,0.2300279140472412,0.6095504760742188,0.08326339721679688,0.04280853271484375,-0.013991594314575195,-0.32158923149108887,1.5133328437805176,0.4518578052520752,0.2431952953338623,0.0,0.5931735038757324,0.30489659309387207,0.35915088653564453,-0.2885630130767822,0.4082646369934082,-2.138434410095215,0.5415346622467041,-3.50366935133934,-4.369276762008667,-1.8987152576446533,-2.0116965770721436,-0.5605003833770752,-0.5831069946289062,0.0,-0.07791304588317871,-0.7504029273986816,-0.5535001754760742,-0.279937744140625,0.15679574012756348,-5.878643751144409,-2.3957825899124146,-9.55269804596901,-2.101738452911377,-7.247036457061768,-0.21884846687316895,-0.07455587387084961,-4.9581098556518555,-2.7384042739868164,-1.9305741786956787,-0.4979410171508789,0.0,-2.4354217052459717,-3.8633432388305664,-4.734736084938049,-9.835252597928047,-5.215998530387878,-7.252139139920473,-3.325486660003662,-0.35757970809936523,-0.6247942447662354,-0.006432771682739258,1.6123487949371338,0.7575464248657227,0.25122857093811035,0.13531923294067383,0.3583545684814453,-0.49834656715393066,-0.4061563014984131,-0.13495779037475586,-0.5218205451965332,0.0,-0.6342344284057617,0.006101131439208984,0.0,0.7795212268829346,1.1277780532836914,-0.7368595600128174,0.5187966823577881,-0.5232911109924316,-0.5186429023742676,1.0298943519592285,-1.9944522380828857,-1.1891164779663086,-1.1017637252807617,-1.4107425212860107,-1.0379581451416016
E,-0.4274616241455078,-2.7299304008483887,-0.5745017528533936,-2.2710715532302856,-0.8622937202453613,-0.6323866844177246,-1.2340381145477295,-0.16517210006713867,-0.8065838813781738,0.35163283348083496,-0.2019805908203125,-2.7957067489624023,-0.25821805000305176,0.5353075265884399,-0.9288060665130615,0.3192627429962158,-1.1424275636672974,-3.9895288944244385,-0.7418992519378662,-7.311496555805206,-0.9625158309936523,-8.763709614053369,0.4676218032836914,-3.459890127182007,-1.3043239116668701,-0.7367527484893799,-0.2980377674102783,-1.0982811450958252,-0.2814176082611084,-1.1664037704467773,-0.7480529546737671,0.7348141670227051,0.08223104476928711,-0.9689474105834961,-0.47724485397338867,-1.0542941093444824,0.49287843704223633,-3.0421825647354126,0.4132819175720215,-1.765726089477539,-0.2505149841308594,-0.3947875499725342,-0.4041471481323242,-0.2599964141845703,0.7900636196136475,0.2575376033782959,-0.4284842014312744,0.0,0.17361688613891602,-0.6674730777740479,-0.060007572174072266,0.218156099319458,-0.010631322860717773,0.7032613754272461,-0.23702526092529297,-0.20226502418518066,-0.4978139400482178,-0.49620676040649414,1.234266996383667,0.292313814163208,0.14183855056762695,-0.257519006729126,0.31310272216796875,-0.002663850784301758,0.0,-0.583411455154419,-0.18468689918518066,-2.5578911304473877,-0.5251011848449707,-3.872567743062973,-4.2330873012542725,-1.1335105895996094,-1.7346484661102295,-0.6568121910095215,-0.7347626686096191,-1.282987117767334,-0.2619321346282959,-0.6700642108917236,-0.705284595489502,-0.4208378791809082,-0.43245577812194824,-5.142836332321167,-1.9651700258255005,-9.067667871713638,-0.9066944122314453,-6.659085750579834,-0.17187833786010742,-0.9660329818725586,-5.164707183837891,-1.5639100074768066,-0.4677097797393799,0.0,-3.466347098350525,-0.8801596164703369,-5.008447170257568,-3.60983669757843,-10.002738788723946,-3.920279860496521,-7.338034678250551,-1.8984732627868652,-0.3693218231201172,-0.6875548362731934,-0.41319775581359863,1.1226122379302979,0.7200934886932373,-0.24522948265075684,-0.06527996063232422,0.1415395736694336,-0.6862959861755371,-0.382718563079834,-0.11742353439331055,-0.725644588470459,0.27788400650024414,-0.750737190246582,0.29857492446899414,0.014937400817871094,0.6631643772125244,1.008272647857666,-0.8048641681671143,0.2013411521911621,-0.4878826141357422,-0.42042994499206543,0.9956965446472168,-1.7804014682769775,-1.0893030166625977,-1.1662516593933105,-1.349412441253662,-0.8006172180175781
F,-0.3353233337402344,-0.7201182842254639,-0.9483966827392578,-1.7671362161636353,-1.3795876502990723,-1.1106960773468018,-2.2077455520629883,-1.2691516876220703,-2.075556755065918,0.6140096187591553,-0.28775739669799805,-1.9425320625305176,-1.152552843093872,-2.5176167488098145,-2.01664137840271,-3.4043257236480713,-3.772597908973694,-1.3898839950561523,-2.109060764312744,-1.7491655945777893,-2.5490598678588867,-6.303043911233544,-1.339597225189209,0.4142496585845947,-2.434459686279297,-1.1819539070129395,-0.4877951145172119,-1.3653311729431152,-0.573580265045166,-1.9729082584381104,-2.015100836753845,-0.13064956665039062,-1.0229682922363281,0.08525300025939941,-1.2920596599578857,2.0721476078033447,0.17710113525390625,-1.677740216255188,0.9057364463806152,-1.2053616046905518,-1.1045911312103271,-2.2131690979003906,-2.698181629180908,-2.288790225982666,-0.9191000461578369,-1.0884273052215576,-0.30472779273986816,0.23737263679504395,1.5980587005615234,-0.1732158660888672,-0.3419320583343506,-0.35022902488708496,-0.7374095916748047,-0.488741397857666,-0.5914299488067627,-0.4226095676422119,-1.4282543659210205,-1.4026970863342285,0.8218998908996582,-0.4150698184967041,-0.7863235473632812,-1.1601243019104004,-0.18850207328796387,-0.42462801933288574,-1.1589970588684082,-1.2231972217559814,1.6432178020477295,-3.080632448196411,-2.2577614784240723,-4.655289262533188,1.513630211353302,-1.915085792541504,0.7142233848571777,-0.9218699932098389,-1.9725875854492188,-2.5000412464141846,-0.7117447853088379,-2.1968765258789062,-1.6769154071807861,-1.5408015251159668,-1.3409020900726318,0.0,-3.0185552835464478,-2.2962125837802887,-1.9999442100524902,-1.713670253753662,-1.3080172538757324,-3.311054229736328,-2.347691535949707,-3.1882882118225098,-2.341350793838501,-3.7196009159088135,-7.552170634269714,-3.914619207382202,-5.858348846435547,-3.6436907052993774,-3.362278535962105,-1.4732493162155151,-4.9524012096226215,-3.1019558906555176,0.44553494453430176,-1.4458882808685303,-1.1658201217651367,0.2299637794494629,-0.26530981063842773,-0.9528954029083252,-0.5103485584259033,0.0,-0.7301027774810791,-0.4121732711791992,0.0333707332611084,-0.7599163055419922,0.3435945510864258,-0.2176194190979004,0.0,0.10025596618652344,0.7780029773712158,0.9115939140319824,-0.5141918659210205,-0.05445718765258789,-0.7981114387512207,-0.1491539478302002,0.6777257919311523,-2.1430885791778564,-1.055931568145752,-1.3344159126281738,-1.1677567958831787,-1.1706030368804932
G,0.18144726753234863,-2.2735435962677,-1.3931713104248047,-2.0128504037857056,-1.2124719619750977,-0.3579099178314209,-1.1307392120361328,0.0,-1.0634393692016602,0.0,-0.7763662338256836,-0.7314810752868652,-0.5785872936248779,-1.4605660438537598,3.378111034631729,-0.1883387565612793,-1.7987395524978638,-2.2869036197662354,-2.7600340843200684,-6.069362461566925,-1.29805326461792,-6.316404411569238,-0.17376470565795898,-1.3344180583953857,-1.8936686515808105,0.0,0.24872159957885742,-0.7224950790405273,0.4694333076477051,-0.7412717342376709,-0.3843919038772583,1.3323767185211182,0.18851804733276367,-0.6385025978088379,-1.0169603824615479,0.15758419036865234,-0.15512752532958984,-2.3119932413101196,0.5519473552703857,-1.2573354244232178,0.18083453178405762,0.4226536750793457,0.988273024559021,0.4160040616989136,1.3394644260406494,0.0,-0.2803525924682617,-0.6921091079711914,0.09175729751586914,-1.185699224472046,0.0,0.6872031688690186,0.21844053268432617,0.7579095363616943,0.36652088165283203,0.7961118221282959,-0.12991571426391602,0.0,1.713244915008545,0.7356071472167969,0.3601818084716797,0.2993743419647217,0.84206223487854,0.45970988273620605,0.8858027458190918,0.14783167839050293,1.9972937107086182,-1.2846040725708008,2.8138920962810516,-2.6008683145046234,-2.787304162979126,-2.4819283485412598,-1.602189540863037,-0.3239579200744629,-0.42949771881103516,-0.999131441116333,0.8365451097488403,-0.45867109298706055,0.41477513313293457,0.371246337890625,-0.7147109508514404,-3.214559316635132,-3.3071762323379517,-7.42195788025856,-3.686035633087158,-6.223569393157959,-1.316497802734375,-0.4735136032104492,-4.330444812774658,-1.833113193511963,-2.0638973712921143,-0.5993711948394775,-5.776573061943054,-1.258591890335083,1.261896163225174,-3.4897085428237915,-8.837114170193672,-4.089471220970154,-6.258673716336489,-0.12540900707244873,0.4069061279296875,-0.2518131732940674,0.0,1.483219861984253,1.3720042705535889,0.33582425117492676,0.8199365139007568,0.33813953399658203,0.0,0.3023102283477783,0.23796725273132324,0.6461209058761597,-0.0655660629272461,0.5439269542694092,0.4036242961883545,0.8287873268127441,1.7447433471679688,1.6667470932006836,0.0,0.8963978290557861,0.0,-0.11964249610900879,1.3935952186584473,-1.6429636478424072,-0.9729080200195312,-0.5755984783172607,-0.9122686386108398,-0.18169927597045898
H,-0.9574456214904785,-2.703935146331787,-1.2119266986846924,-2.9254056215286255,-1.5482757091522217,-1.4144108295440674,-2.376340866088867,-1.5588631629943848,-1.8424699306488037,-0.7938823699951172,-1.2571816444396973,-3.3322577476501465,-0.9176876544952393,-1.6715831756591797,-1.330381155014038,-1.9282536506652832,-2.978756070137024,-3.870079278945923,-1.7928528785705566,-6.895582973957062,-1.8411364555358887,-8.226548740640283,-0.4191286563873291,-2.190026044845581,-2.2819104194641113,-1.346444845199585,-1.3250229358673096,-2.0145506858825684,-1.4957523345947266,-2.1689395904541016,-1.7552937269210815,-0.34451794624328613,-0.9275732040405273,-1.5855193138122559,-1.3267860412597656,-0.9850177764892578,0.45600128173828125,-2.6049681901931763,0.17310571670532227,-0.9954462051391602,-1.022892713546753,-1.1183700561523438,-1.7884750366210938,-1.7802400588989258,-0.8598105907440186,-0.8478028774261475,-1.6522114276885986,-0.8171381950378418,-0.18166255950927734,-1.1572468280792236,-0.4323265552520752,-0.6989977359771729,-0.6425285339355469,-0.443833589553833,-0.702244758605957,-0.649627685546875,-1.427947998046875,-1.5586414337158203,0.608910083770752,-0.4553227424621582,-0.8316531181335449,-1.1537461280822754,-0.6202695369720459,-0.5855109691619873,-1.1712684631347656,-1.3901190757751465,-0.5311589241027832,-2.6091339588165283,-1.395700454711914,-3.735464185476303,-3.243631601333618,-1.8030920028686523,-2.4444329738616943,-0.8034887313842773,-2.2360806465148926,-2.617764711380005,-1.439941167831421,-2.3220877647399902,-1.2892043590545654,-1.0752344131469727,-1.0438945293426514,-4.5420005321502686,-2.6431113481521606,-7.4694227278232574,-1.0655357837677002,-6.0938401222229,-0.28983283042907715,-0.9605159759521484,-4.887574672698975,-2.3769006729125977,-2.59590744972229,-3.1202332973480225,-4.076949954032898,-3.4079086780548096,-5.3222856521606445,-4.366557717323303,-6.5351999551057816,-2.477136969566345,-7.074144888669252,-2.7816390991210938,-0.7865524291992188,-1.7584218978881836,-1.2410180568695068,0.0,-0.20871877670288086,-1.0125799179077148,-0.8251891136169434,-0.302781343460083,-1.0126664638519287,-1.009150743484497,-0.4269225597381592,-1.68858003616333,-0.20180130004882812,-1.1928801536560059,-0.7430663108825684,-0.29564571380615234,0.20352792739868164,0.5735235214233398,-1.2529151439666748,-0.3631865978240967,-1.4014616012573242,-1.1298301219940186,0.40694260597229004,-2.7832400798797607,-1.0094988346099854,-1.5462379455566406,-1.3306410312652588,-1.319288730621338
I,-0.5888395309448242,-0.5539159774780273,-0.2931358814239502,-0.3498908281326294,-0.33429527282714844,-0.12325334548950195,-1.718724250793457,-0.9279844760894775,-1.6078848838806152,1.7856941223144531,0.1779487133026123,-1.492478370666504,-0.7676217555999756,-1.2005386352539062,-3.591083288192749,-3.8168013095855713,-3.433848023414612,-0.3088810443878174,-0.6820766925811768,-1.4621792435646057,-1.8361377716064453,-6.754334995523095,-0.6736154556274414,0.0,-2.563030481338501,-1.1666834354400635,-0.5037031173706055,-1.484306812286377,-0.4651956558227539,-1.9133973121643066,-2.0763238668441772,-0.11793303489685059,-0.811396598815918,0.6912040710449219,-0.7564921379089355,3.217409133911133,-0.5559511184692383,-2.5622235536575317,0.0,-2.060823917388916,-0.8830091953277588,-1.9756546020507812,-2.3715524673461914,-2.241969585418701,-0.8896567821502686,-0.6033132076263428,-0.10755133628845215,0.7125849723815918,1.9836057424545288,-0.09773707389831543,-0.40155458450317383,-0.17214417457580566,-0.43480539321899414,-0.030821561813354492,-0.3504781723022461,-0.4205317497253418,-1.3953490257263184,-1.0441522598266602,1.187934160232544,-0.17557406425476074,-0.7379326820373535,-0.8214378356933594,-0.0067636966705322266,-0.6722152233123779,-1.3306117057800293,-1.809518575668335,-0.5217080116271973,-3.6648123264312744,-4.095967769622803,-4.873424619436264,0.0,-1.9672880172729492,0.0,-0.7927539348602295,-1.7571215629577637,-2.1090803146362305,-0.17806291580200195,-2.4294400215148926,-1.24452543258667,-1.4785923957824707,-0.1225433349609375,-1.4728410243988037,-2.4460641145706177,-1.8398255407810211,-0.17795062065124512,1.2000196278095245,-0.7927825450897217,-4.009027481079102,-0.938133955001831,-2.202500820159912,-1.3257484436035156,-4.5821850299835205,-7.474701285362244,-4.123920202255249,-6.572041988372803,-1.421481728553772,-5.346399143338203,-3.1636184453964233,-6.0434608943760395,-2.5170888900756836,0.9720993041992188,-1.0534334182739258,-0.5522961616516113,0.4376504421234131,0.0,-1.1115050315856934,-0.5542278289794922,-0.21024298667907715,-0.7674722671508789,-0.3329153060913086,0.06900143623352051,-0.5599818229675293,0.33947134017944336,0.5915594100952148,0.27507472038269043,0.4864680767059326,1.4669628143310547,0.9870095252990723,-0.033067941665649414,0.03419661521911621,-0.12404394149780273,0.5976688861846924,1.123260259628296,-0.9938938617706299,-0.853050708770752,-0.6532871723175049,-0.6133484840393066,-0.9652457237243652
K,-0.6039395332336426,-2.7832417488098145,-0.9380621910095215,-3.160690426826477,-1.4400193691253662,-1.3382751941680908,-1.7853388786315918,-0.8121776580810547,-1.1266698837280273,-0.13158512115478516,-0.8066620826721191,-2.7460556030273438,0.0,-0.09566164016723633,-1.0838983058929443,-1.557990312576294,-2.22722065448761,-4.007403135299683,-1.2717926502227783,-6.996317684650421,-1.4031805992126465,-9.091708729043603,-0.34024620056152344,-3.479698896408081,-1.9654121398925781,-0.8340086936950684,-0.739309549331665,-1.3258330821990967,-0.768679141998291,-1.603846549987793,-1.5959779024124146,-0.02619624137878418,-0.45787525177001953,-0.5776247978210449,-0.5828335285186768,-0.24846696853637695,0.9752066135406494,-1.4378477334976196,0.8167128562927246,-0.20985794067382812,-0.37537240982055664,-1.1609368324279785,-1.3364081382751465,-1.4841585159301758,-0.29586029052734375,-0.6129162311553955,-1.1825203895568848,-1.1205675601959229,-0.5698180198669434,-1.2370450496673584,-0.6446084976196289,-0.20885467529296875,-0.48752307891845703,-0.2413327693939209,-0.4520759582519531,-0.3341338634490967,-1.082040786743164,-1.1165099143981934,1.2054839134216309,0.17785906791687012,-0.18958497047424316,-0.7085552215576172,0.24218225479125977,0.22755217552185059,-0.8571500778198242,-0.7635858058929443,-0.8687987327575684,0.0,-1.7693748474121094,-2.4752365052700043,-4.337600946426392,-1.9721217155456543,-2.485934019088745,-0.12521862983703613,-0.9233345985412598,-2.0479652881622314,-0.6867282390594482,-1.038806438446045,0.0,-0.24727869033813477,-0.37739062309265137,-5.571646451950073,-3.0756756067276,-8.40586844086647,-0.9884617328643799,-4.136526107788086,0.21306943893432617,-1.1740317344665527,-4.687108993530273,-0.5336174964904785,-0.22481417655944824,-1.739039659500122,-6.1499704122543335,-1.7395622730255127,-4.176275730133057,-2.433918595314026,-9.230769947171211,-2.6150115728378296,-6.9857569225132465,-2.1808435916900635,-0.3472154140472412,-0.8924310207366943,-0.5729637145996094,0.860041618347168,0.26963257789611816,-0.5737612247467041,-0.5885157585144043,0.24098658561706543,-0.407977819442749,-0.12136435508728027,0.24596953392028809,-0.7660043239593506,0.7263741493225098,-0.6546554565429688,0.39873409271240234,0.15660667419433594,0.6922512054443359,1.1290760040283203,-0.7642920017242432,0.31099867820739746,-0.5153522491455078,-0.5543947219848633,1.0809259414672852,-2.021796941757202,-0.815222978591919,-1.2143170833587646,-0.8400063514709473,-0.7388820648193359
L,-0.025592327117919922,0.03370475769042969,-0.2594780921936035,0.0,0.1065073013305664,0.4017679691314697,-0.7996189594268799,-0.014784097671508789,-1.1420552730560303,2.259874105453491,0.0,-1.2384939193725586,-0.019743680953979492,-0.3182661533355713,-1.699342966079712,-2.9306671619415283,-2.6198984384536743,0.0,-0.5920815467834473,0.0,-1.2777132987976074,-5.797774383798242,0.0003924369812011719,0.7173486948013306,-1.9411201477050781,-0.13582730293273926,-0.08477520942687988,-1.0187606811523438,0.09793424606323242,-1.34721040725708,-1.5877360105514526,0.39276647567749023,-0.5784115791320801,0.8196344375610352,-0.9681696891784668,3.1746225357055664,0.4136981964111328,-1.8905507326126099,0.4598073959350586,-1.4024028778076172,-0.5067310333251953,-1.2392301559448242,-1.4976487159729004,-1.4001684188842773,-0.07963275909423828,-0.3988535404205322,0.0,0.9767959117889404,2.158559203147888,0.0,0.0031859874725341797,0.1055457592010498,-0.010105133056640625,0.4921140670776367,0.13223743438720703,0.012535810470581055,-0.7977714538574219,-0.619121789932251,1.493232250213623,0.24906516075134277,-0.08657217025756836,-0.4047722816467285,0.33498239517211914,-0.11661648750305176,-0.6287205219268799,-1.1294350624084473,0.6368308067321777,-2.8908751010894775,-2.475466728210449,-4.068912118673325,0.9261066913604736,-1.5207045078277588,0.8834190368652344,0.027811050415039062,-0.9904012680053711,-1.5927798748016357,0.30774641036987305,-1.3407964706420898,-0.5565283298492432,-0.7682337760925293,-0.05305600166320801,-1.0274899005889893,-2.429582715034485,0.0,-0.45089244842529297,0.0,0.16962194442749023,-2.610914707183838,0.6207132935523987,-1.8884413242340088,-0.014508962631225586,-2.563537836074829,-6.019089579582214,-3.807760000228882,-5.4850921630859375,-1.7580982446670532,-5.2515624314546585,-2.9021209478378296,-5.824152041226625,-2.9058480262756348,0.9110994338989258,-0.8544981479644775,-0.19295907020568848,0.7881958484649658,0.3895401954650879,-0.28529930114746094,0.06813502311706543,0.5105416774749756,-0.23421955108642578,-0.21757173538208008,0.4031190872192383,0.13880228996276855,0.7192258834838867,0.8333196640014648,0.9467620849609375,0.9288983345031738,1.8854153156280518,1.4957895278930664,0.23760175704956055,0.4398670196533203,-0.004025459289550781,0.6223597526550293,1.2216758728027344,-0.09600305557250977,-0.35659050941467285,-0.29546546936035156,-0.3665342330932617,-0.2853240966796875
M,2.8228321075439453,-2.4149155616760254,-1.6596083641052246,-2.176627278327942,-1.6420564651489258,-1.3101332187652588,-2.489765167236328,-2.066741943359375,-2.517477035522461,0.1873645782470703,-0.9508233070373535,-2.630507469177246,-1.3011679649353027,-2.0478262901306152,-2.819472551345825,-3.204108476638794,-3.161330819129944,-2.044665575027466,-1.732034683227539,-2.632786810398102,-2.58038330078125,-7.661004135385156,-1.4440670013427734,-1.5828182697296143,-3.45648455619812,-1.650294303894043,-1.7677199840545654,-2.319802761077881,-1.5403046607971191,-2.5876760482788086,-2.805287718772888,-0.7415909767150879,-1.6007862091064453,-0.8354196548461914,-1.920090675354004,1.41725754737854,-0.9866447448730469,-3.3883668184280396,-0.7346072196960449,-2.7454817295074463,-1.8273298740386963,-2.617262840270996,-2.807368278503418,-2.860775947570801,-1.3409559726715088,-1.605189561843872,-1.0832338333129883,-0.7718842029571533,0.21253204345703125,-1.4694879055023193,-1.4495248794555664,-1.2443015575408936,-1.46742582321167,-0.9465248584747314,-1.3183984756469727,-1.4198932647705078,-2.138155937194824,-2.0031514167785645,0.09068489074707031,-0.9038188457489014,-1.2883830070495605,-1.572221279144287,-0.7435214519500732,-0.9901583194732666,-1.8554677963256836,-2.034174680709839,-0.828608512878418,-3.7765114307403564,-3.7726035118103027,-5.1988345086574554,-1.489797592163086,-2.7323899269104004,-1.0913805961608887,-1.3962514400482178,-2.237032413482666,-3.01446270942688,-1.0869991779327393,-2.8370909690856934,-1.924102544784546,-2.170042037963867,-1.1210005283355713,-3.2688682079315186,-3.391454339027405,-3.4387668669223785,-1.5223469734191895,-2.043593168258667,-1.7327275276184082,-3.1838464736938477,-1.8426642417907715,-2.6920323371887207,-1.4631695747375488,-3.7900259494781494,-6.337366938591003,-3.251300573348999,-5.455225467681885,-2.777806878089905,-7.19990237057209,-3.625600218772888,-7.001837778836489,-3.2875447273254395,-0.6810956001281738,-1.962310791015625,-1.9157743453979492,-0.4159400463104248,-0.5274193286895752,-1.7648701667785645,-1.396512508392334,-0.7823102474212646,-1.3398196697235107,-1.3027451038360596,-0.7673652172088623,-1.2912423610687256,-0.4840059280395508,-0.8154740333557129,-0.5164856910705566,-0.5953598022460938,0.0,0.12909460067749023,-1.162322759628296,-0.8201553821563721,-1.4205636978149414,-0.6947104930877686,0.0,-2.3334760665893555,-1.3440649509429932,-1.8451652526855469,-1.7726054191589355,-1.8299498558044434
N,-0.1385190486907959,-2.980502128601074,-1.2236220836639404,-3.197097897529602,-1.1743779182434082,-1.3842790126800537,-1.791694164276123,-0.8928823471069336,-1.0232195854187012,-0.7770919799804688,-0.7602167129516602,-2.83528995513916,-0.6995813846588135,-1.726792812347412,0.679086446762085,-1.5829455852508545,-0.610235333442688,-4.082002401351929,-0.09189748764038086,-7.385416328907013,-0.6198489665985107,-8.467420170083642,0.2817540168762207,-2.732128381729126,-1.5038504600524902,-0.4190487861633301,-0.035147666931152344,-0.7020614147186279,0.10770797729492188,-1.0685100555419922,-0.8375495672225952,0.5844216346740723,0.0,-1.4597125053405762,-1.1225860118865967,-1.111560344696045,0.0,-2.9380985498428345,0.3495492935180664,-1.514108419418335,-0.2020883560180664,-0.09227442741394043,-0.169586181640625,-0.6043343544006348,0.2619740962982178,-0.03727889060974121,-0.9582650661468506,-0.7627344131469727,-0.22847557067871094,-1.1330907344818115,-0.011853218078613281,0.10875535011291504,-0.037093400955200195,0.025235414505004883,0.025104999542236328,-0.015741348266601562,-0.4141824245452881,-0.7398815155029297,1.5886573791503906,0.4823634624481201,0.0,-0.09524393081665039,0.6484339237213135,0.343719482421875,0.01938772201538086,-0.15269207954406738,0.3490786552429199,-1.697361707687378,0.1322801113128662,-3.101456493139267,-4.1568896770477295,-1.5723812580108643,-2.271867513656616,0.0,-0.960390567779541,-0.6862506866455078,-0.08857011795043945,-1.0006818771362305,0.031297922134399414,0.0,0.18486332893371582,-4.9993064403533936,-2.031890034675598,-8.477955728769302,-1.2050368785858154,-5.86888313293457,0.0,0.6260585784912109,-4.526661396026611,-2.3713483810424805,-2.452699899673462,-0.9888150691986084,-3.6432660818099976,-1.5670733451843262,-4.03217887878418,-4.167688965797424,-8.821210697293282,-3.9700344800949097,-6.725985575467348,-2.5242624282836914,-0.2114269733428955,-0.661236047744751,0.12247419357299805,1.261443853378296,0.6025214195251465,-0.19242358207702637,-0.24119234085083008,0.4406921863555908,-0.4454529285430908,-0.23105454444885254,0.0,-0.5952663421630859,0.37213563919067383,-0.7519316673278809,-0.09268450736999512,0.12720656394958496,0.7157008647918701,1.0973124504089355,-0.8260283470153809,0.7181668281555176,-0.7049098014831543,-0.8023138046264648,1.3482322692871094,-2.2836949825286865,-0.9922490119934082,-1.3053858280181885,-1.0248103141784668,-1.138920783996582
P,-0.011321306228637695,-0.881378173828125,-2.128173828125,-1.8321424722671509,-1.841881275177002,0.4065897464752197,1.446666419506073,0.3057260513305664,0.0,0.18587183952331543,0.030858755111694336,-2.0389175415039062,-0.8146378993988037,0.0,-2.6959517002105713,-3.8667080402374268,-0.35275518894195557,-4.252215147018433,-2.0440382957458496,-6.511939346790314,0.8569179773330688,-7.445229599252343,-0.2680020332336426,-2.235307455062866,-1.5865452289581299,0.7412309646606445,-0.06525349617004395,-0.36860013008117676,0.21932268142700195,-0.9174644947052002,-1.0723971128463745,0.6526167392730713,-0.12845516204833984,-0.5981245040893555,-3.207237720489502,-0.39769601821899414,-2.2587890625,-2.88463032245636,-1.2784042358398438,-1.746863603591919,-0.2741382122039795,-0.9789814949035645,0.0,-1.3318867683410645,0.43508338928222656,0.22345852851867676,-0.586165189743042,-1.5565435886383057,-0.18597793579101562,-2.14129900932312,-1.005380392074585,-0.16524624824523926,-0.3283975124359131,-0.0670011043548584,-0.36023664474487305,-0.02121758460998535,-0.46741437911987305,-0.6875307559967041,1.434072732925415,0.16320061683654785,0.33899927139282227,0.09720873832702637,1.1811506748199463,0.911205530166626,0.00588226318359375,-0.4955000877380371,0.011754989624023438,-1.2352330684661865,-0.9542450904846191,-3.865372270345688,-3.1965978145599365,-3.7796812057495117,-1.921316385269165,-1.180025339126587,0.0,-1.704782247543335,0.27598071098327637,-0.9105753898620605,0.08643484115600586,-0.8458657264709473,-1.3102333545684814,-4.139828443527222,-3.8679596185684204,-7.66290083527565,-4.383545398712158,-5.389184951782227,-0.1577434539794922,-1.6123509407043457,-2.1745691299438477,-3.914132595062256,0.0,-3.82234787940979,-8.736038565635681,-4.531292676925659,-6.150996685028076,-4.434432625770569,-9.711927250027657,-6.052551627159119,-6.530829954892397,-5.291548728942871,-0.10856747627258301,-0.3226509094238281,-0.4622764587402344,1.1723802089691162,0.30673933029174805,0.2232675552368164,-0.08692169189453125,0.6321520805358887,-0.42258214950561523,-0.6870229244232178,0.16179585456848145,-0.38069629669189453,-0.0604863166809082,-0.43256378173828125,0.4170510768890381,0.3111000061035156,1.1595995426177979,1.591862678527832,-0.4238314628601074,0.8290669918060303,0.02681255340576172,-0.20405244827270508,1.2226252555847168,-1.7320530414581299,-0.6027927398681641,-0.5980582237243652,-0.8124041557312012,-0.10933876037597656
Q,0.0,-1.7924981117248535,0.0,-1.2849770784378052,0.0,0.0,-0.8624200820922852,0.1681504249572754,-0.745265007019043,1.32405424118042,0.004836559295654297,-2.4051883220672607,0.11362028121948242,-0.26483631134033203,-0.8755309581756592,0.0,-1.013015866279602,-3.0177881717681885,-0.3786768913269043,-6.313908874988556,-0.3526778221130371,-8.581313678994775,0.834836483001709,-2.464961290359497,-1.1755239963531494,-0.47879505157470703,-0.3850524425506592,-1.2279033660888672,-0.3651754856109619,-1.086228370666504,-0.946466326713562,0.8238997459411621,0.2106337547302246,-0.49716782569885254,-0.3698885440826416,-0.16840505599975586,1.5542104244232178,-1.9812442064285278,0.9557833671569824,-0.5104484558105469,0.0,-0.56563401222229,-0.5891761779785156,-0.8067936897277832,0.5693967342376709,-0.024186134338378906,-0.6690723896026611,0.18333077430725098,0.2762885093688965,-0.7945878505706787,0.0231626033782959,-0.057207345962524414,-0.16713237762451172,0.3277714252471924,-0.09764218330383301,-0.10859107971191406,-0.7177398204803467,-0.6794755458831787,1.2706623077392578,0.23836541175842285,0.09029817581176758,-0.3509080410003662,0.3220803737640381,0.05729413032531738,-0.36951446533203125,-0.8290274143218994,-0.5359382629394531,-1.7959637641906738,-1.3499813079833984,-3.286646455526352,-3.9125959873199463,-0.9591155052185059,-1.552258014678955,0.5413129329681396,-1.2113494873046875,-1.56941819190979,-0.3743875026702881,-0.8772001266479492,-0.13208866119384766,-0.18889355659484863,0.0,-4.851908445358276,-1.7018381357192993,-7.704975038766861,0.0,-5.32692813873291,0.5146770477294922,-0.4893159866333008,-3.8006553649902344,0.37665319442749023,-0.7918553352355957,-1.161895751953125,-4.231793284416199,-1.0731525421142578,-4.693084716796875,-3.0947848558425903,-8.7992332726717,-1.965927004814148,-7.468687105923891,-1.5131125450134277,-0.30159997940063477,-0.992701530456543,-0.5673127174377441,0.8383824825286865,0.5454940795898438,-0.33123087882995605,-0.32839536666870117,0.332841157913208,-0.3909323215484619,-0.23552370071411133,0.1560962200164795,-0.8207354545593262,0.6187362670898438,-0.740419864654541,0.21598529815673828,0.2129218578338623,0.6657536029815674,1.1122584342956543,-0.8688452243804932,0.0,-0.5915517807006836,-0.5525219440460205,1.061523675918579,-2.091409683227539,-0.7861912250518799,-1.1432108879089355,-0.999722957611084,-0.8228142261505127
R,-0.09131908416748047,-2.4174866676330566,-0.5454468727111816,-2.6199270486831665,-1.1010305881500244,-0.9331719875335693,-1.5501735210418701,-0.7068870067596436,-0.6590874195098877,0.25272369384765625,-0.48870420455932617,-2.6285853385925293,0.09366583824157715,-0.06260347366333008,-0.8766481876373291,-1.6470155715942383,-1.8532429933547974,-3.6533100605010986,-0.9947285652160645,-7.014226257801056,-1.2072901725769043,-8.1977353785187,-0.0820012092590332,-2.6388256549835205,-1.799846887588501,-0.6528940200805664,-0.5365793704986572,-1.0464200973510742,-0.620140552520752,-1.5861878395080566,-1.4519962072372437,0.09456586837768555,-0.2745227813720703,-1.0719642639160156,-0.3106870651245117,0.1906437873840332,1.4680430889129639,-0.9704757928848267,1.1782398223876953,0.0,-0.009208440780639648,-0.946671724319458,-1.0389204025268555,-1.0743107795715332,0.0,-0.17269158363342285,-0.8560612201690674,-0.3814270496368408,0.0791468620300293,-0.8152761459350586,-0.1793971061706543,0.0,-0.0023691654205322266,0.21947646141052246,0.13966941833496094,0.0,-0.6285872459411621,-0.7940926551818848,1.4106025695800781,0.3249044418334961,-0.07196569442749023,-0.470322847366333,0.5074949264526367,0.32509279251098633,-0.7278034687042236,0.015156030654907227,-0.46430516242980957,0.1266345977783203,-1.1524581909179688,0.0,-3.63049054145813,-1.6992745399475098,-2.2108771800994873,-0.0258181095123291,-0.8699955940246582,-2.0345191955566406,-0.8415281772613525,-1.358931064605713,-0.2923769950866699,-0.08076047897338867,-0.15004491806030273,-4.514416456222534,-2.0747300386428833,-7.811245828866959,-0.6239290237426758,-4.387571811676025,0.5046713352203369,-0.9166336059570312,-4.463346004486084,-0.13866615295410156,-0.49843859672546387,-1.8274335861206055,-6.036359667778015,-1.5253276824951172,-3.7818808555603027,-2.346131443977356,-7.064162567257881,-1.707328200340271,-6.708058405667543,-1.677541732788086,0.0,-0.6925749778747559,-0.3032541275024414,0.9614965915679932,0.5071773529052734,-0.5545003414154053,-0.24710607528686523,0.2975785732269287,-0.236830472946167,-0.06825995445251465,0.4030632972717285,-0.5403704643249512,0.5523600578308105,-0.29509472846984863,0.388155460357666,0.3843526840209961,1.0436067581176758,1.2369623184204102,-0.8082215785980225,0.353182315826416,-0.5715317726135254,-0.5324661731719971,1.0533244609832764,-1.9260518550872803,-0.717984676361084,-1.0027565956115723,-0.9777369499206543,-0.5999970436096191
S,0.7482297420501709,-1.8208129405975342,0.541557788848877,-1.6996828317642212,0.2943577766418457,0.054842233657836914,0.0,0.9395767450332642,0.29813194274902344,0.8489091396331787,0.7841262817382812,-1.2555506229400635,-0.012227535247802734,-0.20314693450927734,0.0,0.35248661041259766,0.5990054607391357,-2.34322190284729,0.0,-6.194873631000519,0.3409065008163452,-6.544578621163964,1.5183602571487427,-1.0551040172576904,0.0,0.7900619506835938,1.0828834772109985,0.0,1.2078168392181396,0.0,0.0,1.2365045547485352,0.8700997829437256,-0.4111607074737549,0.14617013931274414,0.29055261611938477,0.9031600952148438,-2.2293158769607544,1.018470287322998,-1.15871262550354,0.2575564384460449,0.0,0.38954877853393555,0.0,1.2648937702178955,0.6227409839630127,-0.08773636817932129,0.11773276329040527,0.605989933013916,-0.44094419479370117,0.30873823165893555,0.7344796657562256,0.3452744483947754,0.8216814994812012,0.7077980041503906,0.7236051559448242,0.0,0.02139115333557129,2.2080366611480713,0.9761598110198975,0.7108099460601807,0.4040091037750244,1.4710841178894043,1.0908617973327637,0.721563458442688,0.0,1.0435447692871094,-0.9023816585540771,0.0,-2.6867142617702484,-2.7055442333221436,0.19820642471313477,-1.20220947265625,1.3988707065582275,0.07573020458221436,-0.5445530414581299,0.5336599349975586,0.0,0.6362349987030029,0.4934525489807129,0.688244104385376,-2.1527061462402344,0.0,-6.604640871286392,-0.02618265151977539,-5.172741889953613,1.595402479171753,0.0,-2.159492015838623,-1.0041143894195557,-0.6569063663482666,0.8581132888793945,-3.963983416557312,1.1957581043243408,-2.448606014251709,-3.035525918006897,-8.276691272854805,-2.6688956022262573,-5.6095948703587055,-1.179598093032837,0.6119046211242676,0.0,0.3708229064941406,1.6969504356384277,0.9881670475006104,0.2851712703704834,0.6088852882385254,1.0980541706085205,0.4137578010559082,0.2648177146911621,0.8343222141265869,0.4568917751312256,1.8952919244766235,0.37600088119506836,0.7959671020507812,0.8587179183959961,1.6169967651367188,2.0617189407348633,0.11881899833679199,1.1746060848236084,0.05599689483642578,0.04910707473754883,2.1652541160583496,-1.3788936138153076,0.15752029418945312,-0.07198572158813477,0.0,0.0
T,0.3507835865020752,-1.8623909950256348,0.5427823066711426,-1.9002400636672974,0.32721614837646484,-0.4044923782348633,-0.5160138607025146,-0.09832620620727539,-0.18597698211669922,0.97640061378479,0.9807010889053345,-1.4581828117370605,-0.1973402500152588,-0.41397953033447266,-1.587416410446167,-0.9213991165161133,0.0,-1.6059679985046387,1.5293433666229248,-5.187824547290802,0.0,-6.43570096231997,1.2899001836776733,-1.1941020488739014,-0.07726144790649414,0.07857513427734375,0.39789748191833496,-0.28146862983703613,0.41504335403442383,-0.5518453121185303,-0.563991904258728,0.7141509056091309,0.6330153942108154,0.005111217498779297,0.5916986465454102,1.152752161026001,0.8314614295959473,-2.510388493537903,1.041006088256836,-1.5020501613616943,0.13081622123718262,-0.626373291015625,-0.4041099548339844,-0.7616381645202637,0.7640748023986816,0.4357938766479492,-0.07802462577819824,0.3176412582397461,0.594571590423584,-0.40180087089538574,-0.10956668853759766,0.32604432106018066,0.0,0.47281813621520996,0.3244283199310303,0.18329548835754395,-0.46320557594299316,-0.4756643772125244,1.8190715312957764,0.5921661853790283,0.33040857315063477,-0.06100010871887207,1.3807411193847656,0.5746846199035645,-0.08303642272949219,-0.5604965686798096,0.14470839500427246,-1.969330072402954,-1.6001191139221191,-3.5762167870998383,-1.6772000789642334,0.0,-1.3976850509643555,0.9130682945251465,-0.7816808223724365,-1.1630961894989014,0.0,-0.5431818962097168,0.029323101043701172,0.015651941299438477,1.093309998512268,-3.5644776821136475,-0.14150142669677734,-5.919682890176773,1.657235562801361,-3.881535530090332,1.1560301780700684,-1.797250509262085,-1.5125617980957031,0.0,-0.35458970069885254,-1.082732915878296,-5.120245814323425,0.0,-4.084747791290283,-0.5985541343688965,-7.782931163907051,-2.563006281852722,-5.837158728390932,-1.7190613746643066,0.4530353546142578,-0.10870742797851562,0.4220242500305176,1.346790075302124,0.7258307933807373,0.0,0.14025592803955078,0.9346151351928711,0.11152076721191406,0.1973273754119873,0.8561770915985107,-0.13289666175842285,2.695249915122986,0.33066415786743164,0.6644036769866943,0.7333269119262695,1.412050485610962,1.9566998481750488,-0.2273416519165039,0.7009251117706299,0.07036900520324707,0.0,2.1807477474212646,-1.3321607112884521,0.0,-0.4202084541320801,-0.059386253356933594,-0.49094629287719727
V,0.19671201705932617,0.0,0.29912328720092773,0.2764863967895508,0.15862250328063965,0.966812014579773,-0.8498580455780029,0.4177999496459961,-0.8153810501098633,3.028909921646118,0.7763910293579102,0.0,-0.013676881790161133,0.024690866470336914,-2.5924289226531982,-2.632657289505005,-2.4082032442092896,1.2008764743804932,0.01998758316040039,-1.6242666840553284,-1.3017611503601074,-5.363177368417382,0.1505722999572754,1.3041354417800903,-2.073164939880371,-0.48316431045532227,-0.10171294212341309,-1.1293911933898926,0.0,-1.3592848777770996,-1.4192818403244019,0.7324984073638916,-0.5203285217285156,1.453027367591858,0.0,3.976453125476837,-0.09307599067687988,-1.9315556287765503,0.36486387252807617,-1.5448477268218994,-0.40958666801452637,-1.5506372451782227,-1.4361238479614258,-1.2826659679412842,-0.16219592094421387,-0.11855578422546387,0.38818836212158203,0.9264953136444092,2.1771854162216187,-0.1761014461517334,-0.03168177604675293,0.42878150939941406,-0.12272262573242188,0.7199337482452393,-0.10488295555114746,0.004949092864990234,-1.0460131168365479,-0.5423822402954102,1.4176411628723145,0.1962568759918213,-0.2768282890319824,-0.4781463146209717,0.43033552169799805,-0.43808460235595703,-0.6377749443054199,-1.3320190906524658,0.0,-2.9189045429229736,-2.973599433898926,-4.220425218343735,0.2924203872680664,-1.5442533493041992,0.14814162254333496,-0.6849801540374756,-1.2945523262023926,-1.6032695770263672,-0.06146836280822754,-1.4899625778198242,-0.33010339736938477,-0.6144371032714844,0.2785334587097168,-1.1304070949554443,-1.556923747062683,-1.9835995733737946,0.06564164161682129,-1.0104970932006836,-0.5654277801513672,-3.3837571144104004,0.0,-1.7732715606689453,-0.42104291915893555,-3.4349939823150635,-6.94579541683197,-2.8355777263641357,-4.2892045974731445,0.0,-5.149325683712959,-2.9937599897384644,-5.691371489316225,-1.6696281433105469,1.8792593479156494,-0.8832097053527832,-0.38871002197265625,0.6986639499664307,0.3267374038696289,-0.6455364227294922,0.0,0.09229683876037598,-0.34651660919189453,0.0,0.527125358581543,0.0,0.7312793731689453,1.4883700609207153,1.0438048839569092,1.1730265617370605,2.0620572566986084,1.553105115890503,0.5967166423797607,0.5543506145477295,0.5901026725769043,1.3854565620422363,1.8219032287597656,0.0,-0.3602488040924072,0.0,-0.38941192626953125,-0.17838311195373535
W,-1.4550390243530273,-2.313112258911133,-1.7825050354003906,-2.6987496614456177,-2.5963287353515625,-2.4769418239593506,-3.484622001647949,-2.4395203590393066,-2.940384864807129,-0.9289865493774414,-1.2100629806518555,-3.024190902709961,-2.111210584640503,-3.3803887367248535,-2.6256768703460693,-4.909837961196899,-4.011964917182922,-4.5942442417144775,-3.224133014678955,-5.084668934345245,-3.48502254486084,-8.08690888620913,-1.9989738464355469,-1.9056084156036377,-3.9583189487457275,-2.705188751220703,-1.48423171043396,-2.4696311950683594,-1.8975419998168945,-2.9768786430358887,-2.963953375816345,-0.8809189796447754,-1.7427191734313965,-1.1203341484069824,-1.9864683151245117,0.0,-0.621314525604248,0.0,0.27983522415161133,-1.980426549911499,-1.5028369426727295,-2.7491464614868164,-3.4520134925842285,-3.149158000946045,-1.5954558849334717,-2.0700323581695557,-1.2771928310394287,-1.1633331775665283,0.0,-1.5320582389831543,-1.1917064189910889,-1.349048376083374,-1.3555312156677246,-1.0413339138031006,-1.16725492477417,-1.3814358711242676,-2.023550033569336,-2.049011707305908,0.0,-0.9277689456939697,-1.4517536163330078,-1.8854527473449707,-1.0213611125946045,-1.4944212436676025,-2.254819393157959,-2.48467755317688,-0.6421470642089844,-4.529510736465454,-3.3018593788146973,-5.6233435571193695,-1.686246633529663,-3.48886775970459,-1.092284917831421,-2.218869924545288,-2.844235420227051,-3.5763208866119385,-1.9287083148956299,-3.011936664581299,-1.8766000270843506,-1.8360357284545898,-2.6834633350372314,-1.105363368988037,-4.116441369056702,-5.675224214792252,-3.432156562805176,-4.336293697357178,-2.6692986488342285,-4.093070983886719,-5.797077655792236,-3.920750141143799,-3.5714495182037354,-4.323068857192993,-8.233106970787048,-4.595782041549683,-6.466795444488525,-5.255482316017151,-4.652507618069649,-1.7269991636276245,-6.13321166113019,-4.446367263793945,-1.7654085159301758,-2.3662614822387695,-2.409045696258545,-0.2951629161834717,-1.228917121887207,-2.099578857421875,-1.576636791229248,-1.0294654369354248,-1.3806498050689697,-1.1610124111175537,-0.8453223705291748,-1.1082673072814941,-0.4270758628845215,-0.7504668235778809,-0.2908608913421631,-0.10730838775634766,0.05936431884765625,0.0,-1.297656774520874,-0.914076566696167,-1.45566987991333,-1.439182996749878,-0.16796493530273438,-2.8137757778167725,-1.9231829643249512,-2.29263973236084,-2.2029852867126465,-1.3030681610107422
Y,-0.40227794647216797,-1.7332556247711182,-1.1371245384216309,-2.6175543069839478,-1.4848151206970215,-1.3282496929168701,-2.4574995040893555,-1.6743426322937012,-1.9738550186157227,0.3895859718322754,-0.02944183349609375,-1.6158313751220703,-0.8228003978729248,-1.9890484809875488,-1.6993505954742432,-2.9141924381256104,-3.5526238679885864,-2.290527582168579,-1.9805445671081543,-3.640160381793976,-2.232053756713867,-6.737024376168847,-1.102281093597412,0.6708909273147583,-2.1173298358917236,-1.2029147148132324,-0.7161223888397217,-1.1188411712646484,-0.8946330547332764,-1.821263074874878,-1.48322594165802,0.0,-0.4949336051940918,-0.02850961685180664,-0.4003565311431885,1.2508158683776855,1.37447190284729,-1.2937427759170532,2.1943694353103638,-0.11536121368408203,-0.3535580635070801,-1.4112956523895264,-2.314314365386963,-1.871377944946289,-0.565744161605835,-0.47666358947753906,-0.11102652549743652,0.6184232234954834,1.7049508094787598,0.5133979320526123,0.7728469371795654,0.25087499618530273,0.056893348693847656,0.0,0.0,0.07907342910766602,-0.7151966094970703,-1.1242923736572266,1.2045800685882568,0.0,-0.30789971351623535,-0.6074011325836182,0.0,-0.29364705085754395,-0.6714911460876465,-1.1455085277557373,1.2243101596832275,-3.4989407062530518,-1.7566862106323242,-4.682041257619858,-0.2490711212158203,-1.870497226715088,-0.7913753986358643,-0.9887359142303467,-2.114131450653076,-2.4684669971466064,-1.241420030593872,-2.2160067558288574,-1.4990599155426025,-0.7729692459106445,-0.7987935543060303,-1.0714185237884521,-2.7425166368484497,-3.8698000013828278,-1.596259593963623,-4.238785266876221,-0.7403676509857178,-2.419127941131592,-4.505578994750977,-3.505221366882324,-2.591702699661255,-3.27189564704895,-6.5630863904953,-3.4082343578338623,-5.905856132507324,-3.4111987352371216,0.0,0.0,-5.1887269504368305,-2.6463892459869385,0.31265950202941895,-1.0892457962036133,-0.8283665180206299,0.4810018539428711,-0.1933588981628418,-0.8583955764770508,-0.22431397438049316,0.23684954643249512,-0.25369882583618164,-0.24004673957824707,0.27576732635498047,-0.6007630825042725,0.49082422256469727,-0.19218683242797852,-0.09319543838500977,0.11682963371276855,0.7652969360351562,1.0745489597320557,-0.7720448970794678,0.013084173202514648,-1.0225327014923096,-0.5021927356719971,0.6705279350280762,-2.555288076400757,-0.9748032093048096,-1.5884246826171875,-1.2033648490905762,-1.3904714584350586
