,1,2,3,4,5,6,7,8,9,10,11,12,13,14,15,16,17,18,19,20,21,22,23,24,25,26,27,28,29,30,31,32,33,34,35,36,37,38,39,40,41,42,43,44,45,46,47,48,49,50,51,52,53,54,55,56,57,58,59,60,61,62,63,64,65,66,67,68,69,70,71,72,73,74,75,76,77,78,79,80,81,82,83,84,85,86,87,88,89,90,91,92,93,94,95,96,97,98,99,100,101,102,103,104,105,106,107,108,109,110,111,112,113,114,115,116,117,118,119,120,121,122,123,124,125,126,127,128,129,130,131,132,133,134,135,136,137,138,139,140,141,142,143,144,145,146,147,148,149,150,151,152,153,154,155,156,157,158,159,160,161,162,163,164,165,166,167,168,169,170,171,172,173,174,175,176,177,178,179,180,181,182,183,184,185,186,187,188,189,190,191,192,193,194,195,196,197,198,199,200,201,202,203,204,205
A,-8.607587692677043,-0.2548813819885254,0.5983970165252686,-1.1590461730957031,-0.2231135368347168,-1.1438751220703125,0.02722024917602539,-4.770308494567871,-2.9478098154067993,-4.447847485542297,0.0,-8.17970197275281,-2.910789042711258,-12.735719282994978,-4.379167348146439,-3.3487090468406677,-0.0077245235443115234,-0.8158204555511475,-0.3858025074005127,-2.581752896308899,0.0,-2.4158934354782104,0.0,3.5083062648773193,2.0324006974697113,0.45093703269958496,0.0,-2.4416537284851074,-2.8972291946411133,-0.6148624420166016,0.0,-7.387236672919244,-2.6934285163879395,0.3249950408935547,0.0,-5.018985867500305,-11.387582619674504,-5.008024573326111,-4.293728679418564,-5.67676505446434,-7.912913605570793,-3.278224289417267,-2.967275083065033,0.11894679069519043,2.7042566537857056,-2.1850003004074097,0.25461864471435547,-1.9138174057006836,-4.132539749145508,4.369889616966248,0.0,-3.1065672636032104,-0.9813472032546997,0.6971279382705688,0.0,-3.7150387167930603,-2.730114072561264,-3.1518748998641968,-2.4023040533065796,0.0,-2.4399399161338806,-5.438858270645142,-3.7420472018420696,0.0,-6.48981521895621,-8.728644646704197,-3.6833845153450966,-4.998955935239792,-0.7594876289367676,-0.44872093200683594,-1.6025314927101135,-3.967223048210144,-1.2634573578834534,-3.551962375640869,0.0,0.8318209648132324,0.0,1.706059217453003,4.283369243144989,-7.412161748856306,4.003084152936935,-2.301215171813965,-3.938663959503174,-1.1525940895080566,-5.180856630206108,-0.6816606521606445,-7.149819670477882,-1.915681004524231,1.3807449340820312,-0.53255295753479,1.4909005165100098,-1.2930138111114502,-2.9084847569465637,-4.515415668487549,-0.5362300872802734,0.6818027496337891,0.0,-0.15233945846557617,1.0724449157714844,1.6695709228515625,-4.927709549665451,-4.8004947900772095,0.3733036518096924,-0.27330005168914795,-0.2995419502258301,-3.813795007765293,-3.0655299238860607,0.8358883857727051,0.0,-6.767011567950249,0.0,-4.877993360161781,-9.047926130704582,0.0,-3.128549575805664,0.22632527351379395,0.0,-1.9604146480560303,-0.9258627891540527,0.0,-8.905207923147827,0.0,-0.1723625659942627,0.0,-4.668718457221985,-11.399193454009946,-2.945620536804199,-9.781240647658706,-7.309752540662885,2.4906782060861588,0.2627701759338379,0.0,1.4627273082733154,-1.572674036026001,-2.5082089453935623,2.1418566703796387,-3.073247045278549,-2.3846991062164307,-2.32747745513916,0.0,-3.3655269145965576,-4.3357994556427,0.0,-2.525479316711426,-5.383351758122444,-4.978953331708908,0.9542431831359863,-3.596353530883789,-0.7053416967391968,0.0,-2.372571587562561,-3.93601655960083,0.0,-3.484762340784073,-5.70967429690063,-6.290182861499488,-1.319749355316162,-1.8643324375152588,-0.4123365879058838,-0.7864693403244019,-3.663713812828064,-1.256535530090332,0.0,1.7493147253990173,-5.908110618591309,0.14550113677978516,1.7741689085960388,0.0,-8.54568391200155,3.154258370399475,0.0,-1.3729808330535889,0.0,-4.875109360553324,-1.45444655418396,-3.978287734091282,-3.08845716714859,1.9331121444702148,-5.062607601284981,-3.8590791523456573,-2.412612795829773,0.0,-5.272526975721121,0.16203951835632324,-3.640390634536743,0.046675920486450195,-1.495329111814499,2.05159854888916,-0.7664918899536133,0.0,0.38114190101623535,-0.1243886947631836,0.0,0.0,0.0,-2.200742721557617,-1.5347603559494019,0.464404821395874,0.0,-0.3839837312698364,-2.8148213624954224,-0.08000421524047852,0.0,0.21954655647277832,0.6689088344573975
C,-11.709291336475872,-4.2242748737335205,-2.9185664653778076,-3.3685288429260254,-3.4394783973693848,-4.316178321838379,-2.2838892936706543,-7.264739036560059,-3.37902295589447,-4.942311406135559,-3.168973460793495,-8.874186683446169,-3.8270988762378693,-11.083447058568709,-6.465835839509964,-4.56698077917099,-5.017503976821899,-4.135360956192017,-6.87410569190979,-6.517686724662781,-3.45181342959404,-2.657227873802185,-4.120944023132324,2.5107152462005615,-0.636408805847168,-2.9656431674957275,-3.915245682001114,-2.391695737838745,-2.3633952140808105,-6.822613716125488,-4.032818019390106,-9.02050932077691,-2.7307839393615723,-1.9028358459472656,-1.1507647037506104,-5.816590428352356,-13.164658387191594,-4.764359354972839,-7.2103303372859955,-5.920824617147446,-9.10253457725048,-4.894443333148956,-8.474676549434662,-2.7879133224487305,-2.3994569778442383,-5.972755074501038,-5.397315144538879,-2.5023391246795654,-6.05817985534668,-0.6062288284301758,-5.688916206359863,-4.4034751653671265,-2.112866997718811,-5.772367715835571,-5.146017670631409,-4.070836007595062,-7.336872428655624,-7.328631281852722,-5.200013518333435,-2.57825243473053,-2.8033446669578552,-5.634304761886597,-5.971919190138578,-5.00235740467906,-10.287058337242343,-10.051967896521091,-5.74265394359827,-3.9958135783672333,-2.759448528289795,-3.913774251937866,-7.070183336734772,-7.449108004570007,-2.901466429233551,-7.14649224281311,-3.4101481437683105,-1.2535820007324219,-2.5484784841537476,-3.541815996170044,1.9641969203948975,-9.757594984024763,0.0,-5.340102910995483,-3.7450690269470215,-2.4415383338928223,-6.234478875994682,-4.128182888031006,-10.1572292430792,-2.965419888496399,0.5533134937286377,-1.2750823497772217,-1.8759920597076416,-6.985502004623413,-4.513819992542267,-5.447193145751953,-5.273645281791687,-2.477159261703491,-1.6896948218345642,-2.7506197690963745,-4.072759389877319,-0.20868277549743652,-7.668967694044113,-5.065528512001038,-2.9962174892425537,-2.2380493879318237,0.0,-6.501071847975254,-8.928948502987623,0.0,-1.5803296566009521,-7.59999506175518,-5.049498796463013,-7.233872190117836,-12.585629644803703,-3.185003846883774,-4.06716775894165,-3.857550024986267,-4.680741306394339,-3.5292413234710693,-4.859163522720337,-1.6729378700256348,-9.834253600332886,-3.6461695693433285,-2.237755537033081,-2.2515218257904053,-5.43111526966095,-12.752818751556333,-3.102665901184082,-9.504221146926284,-11.749224262312055,-2.2083163261413574,-3.65968656539917,-2.9732290506362915,0.465364933013916,-4.586524963378906,-6.6458951979875565,-4.959127426147461,-6.090198367834091,-4.314307451248169,-6.834818601608276,-6.032317519187927,-4.2800939083099365,-4.901713609695435,-6.517302393913269,-4.854015350341797,-5.30007691681385,-7.987706631422043,-4.935166835784912,-6.175451755523682,-1.6585789918899536,-3.2718074321746826,-0.8324121236801147,-3.3283138275146484,-5.02007520198822,-5.170803934335709,-7.580265937373042,-9.41925838869065,-2.643500566482544,-5.069010496139526,-4.149726390838623,-6.841972470283508,-5.871643900871277,-3.484285354614258,-4.243272542953491,-3.339087724685669,-6.26632022857666,-3.2169017791748047,-4.191553831100464,-2.7013587206602097,-9.842886975966394,0.0,-1.9724916219711304,-3.6133675575256348,-1.4128615856170654,-8.297756359912455,-2.783341646194458,-5.485744513571262,-6.697533905506134,-2.6711807250976562,-5.568378761410713,-4.247375279664993,-4.792751669883728,-5.421568989753723,-8.237735982984304,-1.7250990867614746,-5.687545537948608,-4.226376175880432,-8.005730837583542,-3.8967878818511963,-1.6149139404296875,-3.441560745239258,-5.295125961303711,-3.140702247619629,-2.905775308609009,-5.4959956407547,-4.730892181396484,-3.5401675701141357,-2.611518979072571,-4.847314119338989,-5.61358568072319,-2.0680402517318726,-5.957042098045349,-4.927657127380371,-3.6542303562164307,-0.7768914699554443,-1.997692346572876
D,-10.143122551380657,0.02296757698059082,-0.4162628650665283,-1.2786719799041748,0.4149007797241211,-1.0624864101409912,-3.2503275871276855,-5.378177642822266,-8.959443926811218,-10.487108826637268,-11.185514703392982,-11.817524123936892,-10.14007905125618,-12.454136450658552,-2.9660642445087433,-7.032499253749847,-1.8772552013397217,-5.381863355636597,0.0,-1.8649626970291138,-9.229831665754318,-7.647572875022888,-3.5865416526794434,-1.5853424072265625,-9.56023120880127,1.567782998085022,-7.049924999475479,-9.134716510772705,-8.006290912628174,0.0,-7.448277175426483,-6.56044204859063,-10.397794246673584,0.0,-8.015031099319458,-11.851967930793762,-8.046243508346379,-11.32959258556366,-11.74567398428917,-10.439242452383041,-3.5959687680006027,-6.3176029324531555,-4.069909989833832,1.4250022172927856,-5.754143238067627,-2.639015793800354,-0.9170013666152954,-7.4729697704315186,-14.844993591308594,-1.082420825958252,-4.244680881500244,-13.636492133140564,-8.433939099311829,0.0,-7.026167988777161,-9.22750610113144,-6.692491382360458,0.0,-2.764513850212097,-11.404733300209045,-5.5440608859062195,-15.755903482437134,-9.907713543623686,-12.377512376755476,-10.932168467552401,-11.751130379736423,-7.981080628931522,-5.98703595995903,-1.5606908798217773,-2.5499298572540283,-1.0320144295692444,-1.7059670686721802,-10.48227459192276,0.0,-1.6381919384002686,-11.117513656616211,-4.36709201335907,0.8723893165588379,-1.455705165863037,-5.554265897721052,-5.772177696228027,-2.5371148586273193,-8.25619125366211,-9.097944736480713,-10.447489187121391,-8.735098838806152,-12.30607014731504,-2.6539264917373657,-4.218482255935669,2.35604465007782,-3.0391857624053955,0.25569915771484375,-6.88316947221756,-11.682182312011719,-2.294998526573181,-3.611917734146118,-10.089137971401215,-4.069687724113464,0.1809825897216797,-0.7505075931549072,-2.0019478499889374,-7.932311654090881,-1.468127965927124,-9.251876950263977,-7.214771270751953,-9.175125040113926,-9.622039895504713,-6.732878684997559,-3.8042190074920654,-7.799420282244682,-8.749484777450562,-6.793503537774086,-4.6586152939125896,-11.587827295064926,-7.577192306518555,-3.0956414937973022,-10.833014961332083,-7.262243032455444,-0.7529392242431641,-3.911186695098877,-7.261566451285034,-10.491636421531439,0.476973295211792,-7.118854522705078,-9.937091946601868,-12.382775950653013,-10.460543632507324,-11.812003320083022,-11.185384349897504,-5.143356800079346,-0.7453823089599609,-4.229118466377258,-3.5471861362457275,-0.5124068260192871,-7.603414252400398,1.588273048400879,-4.778456062078476,-9.302306413650513,-6.098815679550171,-0.862392783164978,-9.764557123184204,-6.965441465377808,-5.374300837516785,-8.440764904022217,-12.525762990117073,-5.214022606611252,0.6167356967926025,0.0,-6.472040295600891,-0.45157432556152344,-8.850403904914856,-9.823902130126953,-10.168985247612,-9.267053991556168,-9.502690253779292,-5.804662975482643,-8.628761053085327,-3.5741584300994873,-4.892118453979492,0.3763260841369629,-3.411462187767029,-11.32147216796875,-4.4848668575286865,0.1486661434173584,-8.722078323364258,-6.053163051605225,0.0,-5.014894649386406,-7.8831244027242064,-7.44419002532959,-1.8461776971817017,-11.146817922592163,-9.924459218978882,-12.66316716466099,-10.817275762557983,-9.17359022051096,-5.372046768665314,0.0,-10.468633964657784,-8.942272454500198,-6.182298541069031,-1.2990509271621704,-3.994662519544363,-0.2913026809692383,-2.245506763458252,-4.244487881660461,-2.2510728538036346,0.9169843196868896,-5.964811325073242,-7.6756744384765625,-2.974064826965332,-1.8715605735778809,-12.513138055801392,-4.640386700630188,-2.428164005279541,-7.156499147415161,-8.360388398170471,-2.553879499435425,-6.6562730967998505,-9.362059712409973,-4.946256518363953,-1.0431492328643799,-4.785273313522339,-3.690396785736084,-1.9931504726409912
E,-9.222309944569133,-0.47300171852111816,0.43808484077453613,-0.9817252159118652,0.8508926630020142,-1.2771892547607422,-2.456566333770752,-5.836325645446777,-8.666253924369812,-9.40979540348053,-10.737648263573647,-11.894929099828005,-8.960811167955399,-12.84940584457945,-4.544181615114212,-5.937087953090668,-1.234443187713623,-3.4493887424468994,0.4449460506439209,0.0,-7.38000962138176,-5.667105555534363,-2.263286828994751,-0.3797636032104492,-8.843393325805664,0.403444766998291,-5.310695797204971,-7.217367649078369,-6.697474002838135,-0.527391791343689,-5.058089911937714,-7.234828073065728,-9.53495740890503,-0.19579005241394043,-6.343736886978149,-10.973753094673157,0.0,-11.156466364860535,-11.897065967321396,-8.51449403166771,-7.423576638102531,-8.136741936206818,-3.662010371685028,-0.7174124717712402,-5.528993129730225,0.0,-0.6552473306655884,-7.726728200912476,-12.45747184753418,1.9250948429107666,-3.8805508613586426,-12.159530997276306,-7.479503750801086,0.8474394083023071,-3.888872742652893,-8.455260694026947,-6.186044067144394,-1.395451307296753,-2.8224085569381714,-10.779365181922913,-4.704894244670868,-14.738691568374634,-9.946497570723295,-11.407077234238386,-11.947581751854159,-11.566931046545506,-9.324198342859745,-5.7456686198711395,-0.6479864120483398,-1.9348969459533691,0.0,-2.5098074674606323,-8.903405725955963,-1.2333126068115234,-0.6897420883178711,-8.648202896118164,-3.4654229879379272,0.6472153663635254,-0.7066817283630371,-7.074615877121687,-5.174022674560547,-2.1081061363220215,-6.9666032791137695,-8.340100765228271,-10.329554006457329,-7.251211166381836,-11.87839680747129,-5.042533993721008,-4.317814588546753,-0.47006988525390625,-1.819093942642212,0.0,-6.715199768543243,-10.947554588317871,-1.3298143148422241,-1.864912748336792,-9.019327104091644,-3.886159300804138,0.6778198480606079,0.2025299072265625,-4.054160565137863,-8.11558210849762,-1.6876349449157715,-9.810360074043274,-5.877796173095703,-8.74967185407877,-10.394432168453932,-6.269401550292969,-2.801814317703247,-10.414019510149956,-7.582521200180054,-7.934059873223305,0.0,-9.753152459859848,-4.772100448608398,-1.4601095914840698,-8.811173912137747,-5.80317759513855,0.0,-3.2614331245422363,-7.957883647177368,-10.276699211448431,-1.5187294483184814,-5.023585319519043,-8.098626255989075,-8.468814540130552,-10.06886100769043,-12.00942344032228,-11.832475261762738,-5.210978984832764,0.2919811010360718,-3.142074704170227,-3.5758984088897705,-2.212191104888916,-6.276542380452156,0.9072904586791992,-4.886844962835312,-8.365642786026001,-5.022878408432007,-2.2112873792648315,-6.892506837844849,-6.882935285568237,-4.770440936088562,-6.903944492340088,-10.73725838959217,-6.743686646223068,0.2731618881225586,-1.321784257888794,-6.30862820148468,-0.21039366722106934,-7.957539677619934,-7.68824577331543,-9.854829668998718,-8.93043938279152,-11.032625136896968,-7.069345745258033,-8.178194761276245,-3.9475138187408447,-3.7092065811157227,0.0,-4.00806987285614,-9.631505012512207,-3.663287878036499,0.03632974624633789,-7.944415092468262,-4.230097770690918,0.46226024627685547,-5.137297794222832,-8.998017362318933,-8.18106460571289,-2.933940291404724,-9.522850751876831,-9.447404623031616,-11.126138851977885,-9.554892301559448,-10.287375010550022,-6.025892555713654,-0.9138598442077637,-10.603264167904854,-7.362205773591995,-4.856699347496033,-0.44412457942962646,-5.384803052991629,-0.7591245174407959,-5.3788816928863525,-3.855563759803772,0.0,2.514502167701721,-5.887557029724121,-3.0093092918395996,0.5750515460968018,-1.8016338348388672,-11.870662927627563,-2.5139976739883423,-2.6221938133239746,-7.367242097854614,-7.040760159492493,-2.019429922103882,-5.973988264799118,-8.186049580574036,-3.407354235649109,0.0,-2.935026168823242,-2.452828884124756,-1.3531157970428467
F,-10.871397850452922,-2.3582584857940674,-0.15227389335632324,-0.0428919792175293,-2.1674838066101074,-4.575073719024658,-1.3009276390075684,-8.657619953155518,-3.3033589124679565,-4.787299275398254,-7.089368119835854,-9.142254043370485,-4.907599002122879,-12.288592894445173,-8.166250497102737,-3.7010149359703064,-5.867525339126587,-4.817283868789673,-6.8709471225738525,-6.262693762779236,-7.717973679304123,-4.859085917472839,-5.287471771240234,-0.40237903594970703,-4.42258882522583,-4.572776556015015,-6.75830665230751,-3.637505054473877,-1.6527588367462158,-8.589349746704102,-7.766952216625214,-12.501340467017144,0.0,-3.30851411819458,-2.6834776401519775,-2.775725483894348,-14.498692353256047,-4.733903288841248,-11.208958476781845,-4.893512815237045,-9.458355233073235,-9.123068153858185,-7.597159326076508,-2.554460048675537,-0.8459548950195312,-3.197522282600403,-5.702609181404114,-6.140622854232788,-3.610957145690918,-3.5567493438720703,-6.336287498474121,-3.255001425743103,-4.550060391426086,-8.091988801956177,-5.097731709480286,-0.27541154623031616,-9.275282233953476,-9.150933623313904,-7.373803496360779,-5.232393860816956,-1.9844600558280945,-4.653940439224243,-10.209206234663725,-9.244318407028913,-13.942473872215487,-13.055492676794529,-9.071976281702518,-4.681061953306198,-3.460066318511963,-4.442559480667114,-6.486908972263336,-7.484171748161316,-5.065106451511383,-7.265528440475464,-3.1214981079101562,-3.9939517974853516,-2.6347419023513794,-3.435386896133423,-0.24618291854858398,-13.009073179215193,-4.7339324951171875,-8.31940245628357,1.8588923811912537,-4.6310648918151855,-4.908185884356499,-8.74517822265625,-12.284927187720314,-2.407687783241272,0.6208794116973877,-4.233410120010376,-2.4320051670074463,-6.996360540390015,-5.262088119983673,-6.665888786315918,-7.080658316612244,-3.6308066844940186,-8.570998132228851,-4.381935477256775,-4.013228178024292,-1.2081882953643799,-8.685452908277512,-3.0630093812942505,-1.5439870357513428,-5.925397038459778,1.8684637546539307,-10.585191644728184,-11.617910485714674,-1.5571022033691406,0.9043725728988647,-10.631922647356987,-5.394820928573608,-8.14048458635807,-13.267773809842765,-6.314613431692123,0.0,-3.6791375875473022,-8.587124343961477,-2.032735824584961,-6.281363248825073,-2.116513252258301,-12.752020171377808,-10.243803169578314,-4.672106504440308,-1.2117431163787842,-4.13646137714386,-15.076829600555357,-1.8925504684448242,0.0,-13.256848888471723,-3.312673568725586,-4.306225299835205,-3.4136072397232056,0.0,-7.468443393707275,-7.505773261189461,-3.9726452827453613,-2.197115272283554,-0.8326666355133057,-9.421493768692017,-5.93923032283783,-3.1799185276031494,-6.616591215133667,-8.54867970943451,-5.913194179534912,-3.903112843632698,-8.9690622985363,-4.660778522491455,-6.432401657104492,-3.5275951623916626,-3.795713186264038,-0.9598685503005981,0.0,-9.661353945732117,-9.205741316080093,-12.335427222773433,-11.245858463458717,-6.791972398757935,-6.976529359817505,-4.3803300857543945,-7.1599637269973755,-8.20605456829071,-2.7775964736938477,-5.724844217300415,-4.045652627944946,0.026102423667907715,-0.7514388561248779,-5.513920068740845,-6.775253459811211,-12.796045354567468,-2.5045127868652344,-1.8641802072525024,-4.449115991592407,0.982738733291626,-12.094764874316752,-1.8709118366241455,-11.133430995047092,-7.763755142688751,-3.582063674926758,-3.049535110592842,-1.2921896278858185,-7.565518260002136,-5.592024922370911,-9.744901891797781,-1.607262134552002,-7.705700159072876,-2.656643509864807,-8.004267901182175,-2.8483850955963135,-2.805593490600586,-5.418809413909912,-5.941040992736816,-5.215566158294678,-8.097547769546509,-6.375649571418762,-5.948746681213379,0.0,-5.673545956611633,-7.32573676109314,-6.835133761167526,-1.3619378805160522,-6.468616366386414,-6.397619247436523,-4.545377969741821,-1.540694236755371,-3.6275336742401123
G,-9.597514030872844,-1.3195884227752686,-0.5057172775268555,-1.4801859855651855,0.1608271598815918,-1.0223298072814941,-1.7471976280212402,-3.7111759185791016,-5.859347701072693,-8.206821084022522,-3.419106736779213,-10.109096694737673,-6.694922477006912,-11.270865996251814,0.0,-5.72504848241806,-2.806668519973755,-3.8239176273345947,-1.9822800159454346,-4.2743977308273315,-4.431635349988937,-5.385906100273132,-2.368426561355591,1.3087291717529297,-2.559699535369873,0.0,-4.491191536188126,-7.114671230316162,-7.540302753448486,-2.093768358230591,0.08459329605102539,0.0,-6.8939995765686035,-0.6859385967254639,-2.466813325881958,-9.323928952217102,-11.31774600315839,-9.806061625480652,-8.088711589574814,-8.18142232298851,-7.091342255473137,-5.187690079212189,-5.052686631679535,-1.7355847358703613,-1.4390921592712402,-4.168834328651428,-3.3752251863479614,-5.252091646194458,-7.522016525268555,2.014341115951538,-4.160759925842285,-8.83452832698822,-5.727137207984924,-2.544851064682007,-4.243810296058655,-5.816586434841156,0.0,-1.5182980298995972,-5.049573302268982,-5.110826134681702,-5.023016154766083,-10.796475648880005,0.0,-4.357584875077009,0.0,-9.762411393225193,-7.976844407618046,-6.8399583995342255,-2.392726421356201,-3.1271798610687256,-3.1315284371376038,-5.96399199962616,-6.181563913822174,-4.913917303085327,-1.6574428081512451,-5.480056285858154,-3.1670526266098022,0.2893247604370117,0.02379131317138672,0.0,1.1260738372802734,-2.4877960681915283,-4.956175327301025,-4.565840721130371,-9.401050969958305,-4.40040397644043,-7.856268225470558,-2.113547205924988,-0.9121954441070557,-0.9023196697235107,-0.828423261642456,-2.3584024906158447,-6.061378300189972,-8.742530822753906,-2.87859570980072,-3.2502520084381104,-2.609900176525116,-2.709328055381775,0.0,-0.9536526203155518,0.0,-6.375437378883362,-1.721846580505371,-4.303095459938049,-4.653841018676758,-6.514892973005772,0.0,-3.1521129608154297,-1.4030513763427734,-7.4841412752866745,-4.546057462692261,-5.812220826745033,-8.969706716947258,-2.382204383611679,-6.773595809936523,-3.084288001060486,-5.621228691190481,-5.751917123794556,-2.5742831230163574,-3.7080936431884766,0.0,-5.858884003013372,-1.3955557346343994,-2.0240204334259033,-7.980898022651672,-10.076833415252622,-7.225807189941406,-10.34806746803224,-8.583755092695355,-0.036257266998291016,1.3130297660827637,-3.1749192476272583,1.0078775882720947,0.0,-5.01314802467823,1.5095574855804443,-3.1103080213069916,-5.343905210494995,-3.406320095062256,-2.820398449897766,-7.740739107131958,-5.714192152023315,-2.4627116918563843,-6.199159145355225,-9.380928471684456,-3.609932392835617,-0.3429901599884033,-1.0056641101837158,-4.281241059303284,-1.718599557876587,-4.933950066566467,-6.6079254150390625,-0.6682400703430176,-8.10670891404152,0.0,0.0,-4.8868629932403564,-2.4849894046783447,-3.7480545043945312,-1.730763554573059,-3.8227204084396362,-5.942427635192871,-0.6582725048065186,0.5206558704376221,-9.053092956542969,-3.012967586517334,-0.5192656517028809,-4.242588683962822,0.0,-2.628415584564209,-3.3270562887191772,0.0,-2.9864633083343506,0.0,-5.26778769493103,0.0,-1.1823493838310242,0.10027265548706055,-7.7517736703157425,-6.6267116367816925,-3.8557204008102417,-1.9740644693374634,0.0,-1.2596068382263184,-1.5331876277923584,-2.6441231966018677,-4.05705663561821,-0.917799711227417,-4.9560546875,-2.433016777038574,-2.6964783668518066,-3.1421947479248047,-5.5726563930511475,-2.5593401193618774,-3.2859575748443604,-6.061190843582153,-4.752959847450256,-3.163789987564087,-4.08537694811821,-3.036328911781311,-3.474701762199402,-0.8379025459289551,-1.2417125701904297,-0.35486817359924316,0.4113163948059082
H,-10.576448318897747,-1.4133341312408447,-0.34002161026000977,-1.1176490783691406,-0.7132656574249268,-1.6284875869750977,-0.11695075035095215,-4.504544258117676,-5.666929125785828,-7.9820533990859985,-8.393972650170326,-11.259264159947634,-7.797917872667313,-8.635125716100447,-3.90281942486763,-5.488102376461029,-2.128122091293335,-3.5809037685394287,-3.580641984939575,-3.8709992170333862,-8.015230149030685,-5.505459666252136,-2.9495091438293457,0.0,-7.735507965087891,0.7275867462158203,-4.798864036798477,-6.203882694244385,-3.441854953765869,-4.1747145652771,-5.481433093547821,-8.121118146460503,-6.455134868621826,-1.132615089416504,-4.22917628288269,-11.437954068183899,-13.328067620284855,-11.058631777763367,-10.81372818350792,-7.597074598073959,-7.006433293223381,-7.010589420795441,-5.97693532705307,-0.0016384124755859375,-3.481342315673828,-3.5173150300979614,-2.3529282808303833,-5.075273275375366,-10.634322166442871,1.0474004745483398,-3.9893336296081543,-10.68581235408783,-3.0088483095169067,-2.1613528728485107,-1.759421706199646,-3.1525809168815613,-4.85397943854332,-3.7185157537460327,-2.9904993772506714,-7.58826220035553,-3.617288291454315,-10.937593698501587,-11.584173809736967,-11.74284402653575,-14.93395756056998,-12.496164597570896,-11.023643113672733,-5.445030897855759,-1.142594814300537,-4.263101816177368,-3.729854166507721,-1.220698356628418,-9.533810198307037,-5.487330198287964,-1.5689942836761475,-8.783501625061035,-0.5869492292404175,-1.9319674968719482,0.9558243751525879,-5.740919034928083,-4.679233551025391,-2.530407190322876,-3.5178236961364746,-8.163793087005615,-9.828494474291801,-8.267390251159668,-10.461066065588966,-0.1035454273223877,-1.9990894794464111,0.0,-1.787158727645874,-3.834338426589966,-5.550682842731476,-9.81225299835205,-2.3600324392318726,-0.05313467979431152,-8.90345185995102,-1.1216200590133667,-0.6829421520233154,0.029767274856567383,-3.7170648276805878,-5.793770909309387,-1.6050922870635986,-7.514571309089661,-3.4760055541992188,-8.593234933912754,-13.14885912463069,-6.220915794372559,-2.881932020187378,-9.185444757342339,-6.851026296615601,-6.930724397301674,-9.692055883817375,-9.423553079366684,-3.5210061073303223,-2.8471096754074097,-9.413612838834524,-2.965651273727417,-2.737886667251587,-1.6413304805755615,-8.307110121939331,-10.186794426292181,-0.8444416522979736,-3.2136197090148926,-6.4825345277786255,-12.17071406863397,-8.35939884185791,-7.776617234572768,-8.948522167280316,-4.880098342895508,-2.9092650413513184,-3.6713486909866333,-2.6602718830108643,-3.4959425926208496,-7.35835762321949,-1.7933168411254883,-2.6761601865291595,-6.014739274978638,-4.344636678695679,-4.443593859672546,-6.968709230422974,-2.515153646469116,-6.730219721794128,-6.44821310043335,-9.83113332092762,-6.1846704185009,-2.052487373352051,-0.739856481552124,-4.435670018196106,-1.4370710849761963,-4.823024392127991,-4.825401306152344,-10.599428057670593,-10.28892269730568,-11.690216002985835,-9.104234012775123,-8.185765981674194,-2.915499448776245,-3.796020030975342,-3.320590615272522,-3.329527258872986,-7.100741386413574,-2.426215887069702,-1.8900482654571533,-4.6123504638671875,-1.5858397483825684,-1.5284664630889893,-5.6270949095487595,-7.786082318983972,-6.764044761657715,-1.797782301902771,-6.355242490768433,-7.204364538192749,-13.118347332812846,-7.382775068283081,-11.54170373827219,-6.191915810108185,-2.2693982124328613,-6.65809328854084,-4.774389058351517,-3.5140756368637085,-3.442299962043762,-6.266288515180349,-1.5562305450439453,-5.918024301528931,-2.5783172845840454,-5.4017593562603,0.41994667053222656,-4.817929267883301,-2.4393582344055176,-3.810548782348633,-1.5277631282806396,-10.44215703010559,-3.570339322090149,-3.9103493690490723,-4.764294385910034,-6.286900639533997,-2.3852813243865967,-5.004203528165817,-3.8007127046585083,-1.8328956365585327,-3.403693675994873,-3.131540060043335,0.19279742240905762,-1.9237372875213623
I,-10.316648361622356,-1.4291369915008545,0.47867894172668457,-0.5145039558410645,-1.8054862022399902,-3.5438485145568848,-1.3512287139892578,-8.795290470123291,-1.0050957202911377,0.0,-5.73543144762516,0.0,-2.165409117937088,-12.858412344823591,-10.220907479524612,0.0,-4.654917001724243,-3.5033252239227295,-5.741112470626831,-4.358177065849304,-3.80854794383049,-0.779280424118042,-3.1723337173461914,2.781630754470825,-2.614372730255127,-3.987776041030884,-3.5087346136569977,-1.2791080474853516,0.0,-7.680702209472656,-7.616499602794647,-13.378577786963433,1.2388448119163513,-2.9624695777893066,0.19926464557647705,0.5183486342430115,-13.465268929488957,0.0,-8.651466220617294,-4.2329698503017426,-7.8233712166547775,-5.683814823627472,-6.536769330501556,-4.157626152038574,-1.8762545585632324,-4.023379445075989,-3.5817853212356567,-2.1716411113739014,0.0,-1.7489304542541504,-4.787112712860107,0.0,-0.7947639226913452,-7.357957124710083,-5.123700261116028,-4.64454311132431,-9.3539899289608,-9.00900685787201,-5.658016562461853,-2.1340337991714478,-1.353350579738617,0.0,-9.757179867476225,-6.389604490250349,-13.23253582289908,-11.44016770273447,-3.4778290763497353,-2.515810936689377,-2.006466865539551,-1.9730961322784424,-6.1549816727638245,-7.143522143363953,-2.7071405053138733,-5.9516847133636475,-2.036222219467163,-3.003142833709717,-3.6967142820358276,-3.2009313106536865,0.4794478416442871,-13.69798843190074,-2.220508575439453,-7.475303411483765,-3.3458847999572754,0.0,-2.3356942385435104,-7.542136192321777,-10.382325945654884,-2.758444666862488,0.0,-3.1753036975860596,0.4599471092224121,-6.909862279891968,-1.8237808346748352,0.0,-6.217192053794861,-2.9856998920440674,-5.564467370510101,-1.8397876024246216,-4.649498701095581,-1.0397756099700928,-11.553536862134933,-2.501022458076477,-1.375800609588623,-3.0183345079421997,3.206819772720337,-7.999242700636387,-11.706729989498854,1.4452462196350098,-2.237102746963501,-9.063649103045464,-2.006737470626831,-6.3735406547784805,-14.332622709684074,-2.519556850194931,-0.8002383708953857,-2.669495940208435,-6.975334640592337,-0.9263205528259277,-5.410537004470825,-2.63869047164917,-14.79401426622644,-7.608523990958929,-3.7275636196136475,-1.721740484237671,-1.3659266233444214,-10.860882449371275,0.0,-10.706606095656753,-11.303495960310102,-2.4245948791503906,-2.8487658500671387,-0.5734964609146118,1.070737361907959,-6.783410549163818,-4.850566580891609,-3.508680820465088,-5.666224330663681,0.0,-7.685762643814087,-4.917278170585632,0.04430341720581055,-4.867485761642456,-6.455503344535828,-2.5951881408691406,-2.7335226088762283,-10.239392727613449,-5.897831439971924,-8.481535911560059,0.0,-3.9562652111053467,-0.43284308910369873,-0.8296499252319336,-7.6896713972091675,-2.907801538705826,-10.05974286608398,-10.968752178363502,-1.6191959381103516,-5.47982382774353,-2.8153605461120605,-6.280497193336487,-5.884081244468689,0.37528038024902344,-4.435399770736694,-3.6649129390716553,-5.660749435424805,0.0,-4.111788034439087,-5.758236572146416,-13.689372113905847,-1.1338753700256348,-0.9682544469833374,-5.543031454086304,-0.17579150199890137,-11.824769184924662,1.4151067733764648,-10.052105464041233,-8.685053169727325,-3.2656092643737793,-2.4292753487825394,-3.9642856419086456,-4.161015868186951,-4.419004559516907,-10.380075689405203,-1.2634756565093994,-6.793879270553589,-1.3616200685501099,-6.471961706876755,-2.2132489681243896,2.637731671333313,-4.430288791656494,-3.873443126678467,-2.515531539916992,-6.17210841178894,-4.862201809883118,-4.077640533447266,-2.012211322784424,-1.8234127759933472,-5.484693765640259,-4.846868246793747,-2.4357577562332153,-6.329068064689636,-5.042149066925049,-2.7731316089630127,-1.4406590461730957,-2.593088388442993
K,-9.032736656605266,0.5753934383392334,1.3074207305908203,0.8791356086730957,0.9367713928222656,0.0,0.3627603054046631,-2.3215370178222656,-5.615848422050476,-9.958926796913147,-9.315149560570717,-12.982944656163454,-9.395761042833328,-9.405820448766463,-4.053444653749466,-6.410557687282562,-0.43142175674438477,-2.794955015182495,-2.115983486175537,-2.9692503213882446,-9.335922211408615,-3.3333266973495483,-1.4719130992889404,0.34703540802001953,-10.232172966003418,1.45020592212677,-3.8323008120059967,-9.003404140472412,-4.923830986022949,-2.8456778526306152,-6.405025660991669,-8.69195707468316,-10.112176418304443,-0.4649631977081299,-4.467509984970093,-13.607026219367981,-12.196553071029484,-12.973904490470886,-10.71940502524376,-8.033887952566147,-10.246958062052727,-9.15435916185379,-4.9506606459617615,-2.221897602081299,-6.839965343475342,-4.266673684120178,-0.6856337785720825,-7.449007749557495,-11.323111534118652,3.852894425392151,-2.6932380199432373,-10.301138281822205,-2.740085244178772,0.38166379928588867,-1.4387766122817993,-7.097300469875336,-3.56878599524498,-3.2002440690994263,0.0,-8.525572419166565,-3.549285590648651,-10.301294565200806,-12.608692776411772,-11.707136552780867,-13.90020225814078,-12.869214333593845,-12.736882783472538,-5.769751280546188,0.0,-4.81065821647644,-4.742385923862457,-6.2794846296310425,-11.638479769229889,-5.228556394577026,-1.47117280960083,-8.483772277832031,-1.2958403825759888,-0.6392781734466553,-0.6329689025878906,-5.327832620590925,-4.932999610900879,-0.17300653457641602,-7.549777984619141,-10.437421321868896,-12.284679815173149,-8.880983352661133,-11.123642741004005,-6.53873074054718,-4.913439989089966,-1.0331385135650635,-1.268493890762329,-3.7883923053741455,-9.024335205554962,-11.60252571105957,-0.608691930770874,-0.05280804634094238,-9.276131570339203,-1.3649486303329468,-0.5125157833099365,0.11148762702941895,-4.038096398115158,-5.231322884559631,-1.512582540512085,-10.46159565448761,-6.300777435302734,-9.028311647474766,-12.90819750353694,-8.55600357055664,-6.31036114692688,-11.345905229449272,-8.554559469223022,-8.232941403985023,-12.295265379361808,-11.917603105306625,-6.630796432495117,-2.783807635307312,-11.426475044339895,-3.7346231937408447,-1.5879430770874023,-4.002985000610352,-7.196247866842896,-11.726766731590033,0.4176924228668213,-5.334830284118652,-12.458094716072083,0.0,-12.198829650878906,-12.563369935378432,-11.948390560224652,-6.630791187286377,-3.6658220291137695,-5.853147625923157,-5.20546555519104,-4.199170112609863,-6.92111511528492,-1.5969209671020508,-6.560879558324814,-9.376044511795044,0.0,-6.046809077262878,-9.838030099868774,0.0,-6.4190977811813354,-9.08893346786499,-10.261555150151253,-6.500327080488205,0.12186050415039062,-4.0922369956970215,-4.5374966859817505,0.026775598526000977,-5.267887711524963,-7.781744003295898,-11.027567744255066,-10.10467854142189,-10.433595595881343,-7.707815441302955,-8.891518354415894,-0.13979697227478027,-3.1380910873413086,-3.6861006021499634,-3.152650237083435,-8.63682746887207,0.26690948009490967,-2.4334962368011475,-9.775067329406738,0.593904972076416,0.10308218002319336,-7.369733974337578,-8.405695012770593,-8.39150619506836,-2.176482081413269,-7.779406309127808,-10.377071142196655,-14.636202023364604,-7.6037538051605225,-11.322862185537815,-5.2397101521492,-3.488469123840332,-8.759733512997627,-7.385947972536087,0.4003415107727051,-1.672855019569397,-6.468470808118582,-1.2148592472076416,-5.206230878829956,-2.0868016481399536,-4.1038109958171844,0.6194624900817871,-4.48038387298584,0.4611992835998535,-1.8840241432189941,-0.17550349235534668,-10.905987024307251,-1.9230316877365112,-3.588009834289551,-2.6885316371917725,-5.886773228645325,0.0,-4.111837595701218,-5.18393337726593,-1.009837031364441,-1.0556118488311768,-1.8461835384368896,-0.04424262046813965,0.749274492263794
L,-9.309234497486614,-1.1631901264190674,1.3355810642242432,1.0426782369613647,-0.8390779495239258,-2.916776180267334,0.0,-7.551557540893555,0.0,-2.670112729072571,-4.576095834374428,-5.917226959019899,0.0,-11.491777975927107,-7.757066041231155,-1.2504960894584656,-2.5268614292144775,-2.170405626296997,-4.863054513931274,-4.262895464897156,-4.250365227460861,0.0,-2.327204704284668,2.4319519996643066,-2.839507579803467,-2.873603105545044,-3.975592762231827,0.5884737968444824,1.610761821269989,-6.04435920715332,-7.063518226146698,-11.502269345801324,0.9207290410995483,-1.9753117561340332,-0.2553492784500122,-1.444848656654358,-12.770459015853703,-2.971997857093811,-8.863773196935654,0.0,-8.18343286216259,-6.62642365694046,-5.30298513174057,-1.8568716049194336,-1.3563990592956543,-0.23862504959106445,-1.738425850868225,-3.211134910583496,-0.7994451522827148,-0.1870431900024414,-1.4722905158996582,-0.22805607318878174,-0.708459734916687,-5.274976015090942,-3.874102234840393,-2.7160813212394714,-7.64385399222374,-7.666261076927185,-4.785800814628601,-2.031227231025696,0.0,-2.190234661102295,-9.053910862654448,-6.418875616043806,-13.246918185264803,-12.324472703039646,-5.218678094446659,0.0,0.2862722873687744,-1.540963888168335,-5.471741735935211,-5.429842829704285,-2.518153965473175,-5.586674928665161,-1.0925524234771729,0.0,-3.0575608015060425,-0.9349005222320557,1.8553133010864258,-11.941268842667341,-3.4528794288635254,-6.036108732223511,0.0,-1.195803165435791,-3.038998529314995,-6.120419979095459,-9.171629725256935,-3.4038549661636353,1.585087776184082,-2.36303973197937,0.9110531806945801,-5.207373857498169,-1.391205370426178,-2.9933738708496094,-4.627375960350037,-1.880371332168579,-5.954908311367035,-0.6193515062332153,-2.338059186935425,1.9497116804122925,-9.162757366895676,-0.31731027364730835,0.06735610961914062,-5.035309910774231,3.1418821811676025,-7.603075422346592,-12.449848275631666,-0.6383914947509766,0.06051826477050781,-9.385150834918022,-2.736372709274292,-7.222793355584145,-12.803784552030265,-4.1497388780117035,-0.2915078401565552,-1.3980966806411743,-5.719581600278616,0.0,-3.9240543842315674,0.4418175220489502,-12.651426604483277,-7.5845991633832455,-2.9744598865509033,-0.5816478729248047,0.0,-12.244814563018735,0.35002458095550537,-8.80171031318605,-10.52272661216557,-2.337968349456787,-2.8009300231933594,0.041638731956481934,2.4056761264801025,-5.776880264282227,-4.277032569050789,-2.101356029510498,-4.0300582349300385,-0.23208832740783691,-6.750876188278198,-3.9840935468673706,0.0,-3.3537099361419678,-6.500783801078796,-2.735307455062866,0.0,-8.039402455091476,-3.840733051300049,-7.745865821838379,-0.9502142667770386,-2.5874440670013428,1.352603256702423,-0.06479001045227051,-7.594805598258972,-5.3858775198459625,-11.209360061213374,-9.998502048663795,-4.251051664352417,-4.236347436904907,-0.8195457458496094,-4.9020668268203735,-4.604165434837341,0.0,-3.305560827255249,-1.4299752712249756,-3.6083364486694336,0.9311769008636475,-2.6045448780059814,-4.72794072329998,-12.477369359694421,-2.64713716506958,-1.8891533613204956,-4.561787366867065,-1.518151044845581,-10.198200390674174,0.0,-10.328313387930393,-7.561770737171173,-1.8912315368652344,0.0,-4.228427678346634,-4.107158064842224,-3.684637665748596,-8.90696930512786,0.804993748664856,-6.230028867721558,-1.031046986579895,-5.3754574954509735,-1.2578694820404053,0.478696346282959,-3.263518810272217,-2.5090384483337402,-1.1198527812957764,-6.28153395652771,-3.4315444231033325,-2.3198657035827637,0.5261297225952148,-2.3182932138442993,-4.110610246658325,-3.8394748866558075,-1.6317812204360962,-4.564550757408142,-3.2956061363220215,-2.0558371543884277,-0.2366783618927002,-1.1361522674560547
M,0.0,-2.283259630203247,-0.6126573085784912,-1.3314974308013916,-2.11214542388916,-4.143463134765625,-1.7159075736999512,-7.915125370025635,-3.1577261686325073,-3.7911330461502075,-6.371705308556557,-7.257421661168337,-3.3006620705127716,-12.365430434118025,-7.636435776948929,-2.355060040950775,-3.5883376598358154,-4.335125684738159,-5.865939378738403,-4.105973601341248,-4.96953484416008,-2.8607531785964966,-3.817244052886963,2.2993640899658203,-3.5693559646606445,-3.6178386211395264,-4.704909473657608,-2.0153067111968994,-1.2525694370269775,-6.707115173339844,-7.635813415050507,-12.530138570349663,-1.2231731414794922,-2.680274486541748,-1.2418382167816162,-4.047327160835266,-13.22776683140546,-5.08344304561615,-7.767711490392685,-1.754259079694748,-8.811651512980461,-7.02017480134964,-6.428278863430023,-3.228847026824951,-2.1925368309020996,-1.6151460409164429,-4.029523015022278,-3.8792612552642822,-3.2923123836517334,-0.7942380905151367,-2.867790937423706,-0.9779953956604004,-2.36953866481781,-5.361266851425171,-5.017955422401428,-5.020513474941254,-8.49252924323082,-7.935742735862732,-5.063130259513855,-2.500033974647522,-2.0414509177207947,-5.822150945663452,-8.11248553916812,-6.957657735794783,-11.880746348411776,-10.132466591894627,-7.0536399856209755,-2.2762541472911835,-1.825881004333496,-2.9450690746307373,-6.12294203042984,-4.856616377830505,-3.112119495868683,-6.264666795730591,-1.7671935558319092,-2.2137484550476074,-3.9657191038131714,-2.553117036819458,0.0,-12.505052488297224,-2.860487937927246,-5.4999754428863525,-1.5074186325073242,-2.5611534118652344,-5.013258382678032,-2.2533938884735107,-10.588094530859962,-3.9821115732192993,0.4213857650756836,-3.175764322280884,-0.7399656772613525,-5.689258337020874,-2.1130767464637756,-3.924805164337158,-5.213172793388367,-2.68444561958313,-6.620514810085297,-2.8427847623825073,-3.2430355548858643,-0.08476424217224121,-9.141293972730637,0.0,-1.182816743850708,-5.954282879829407,1.6992273330688477,-8.600481905043125,-11.257479768246412,-1.0620691776275635,0.07514655590057373,-8.577894136309624,-3.79748272895813,-6.3934099823236465,-10.959429922513664,-3.1194072663784027,-1.5711054801940918,-1.222892165184021,-5.126123424619436,-1.1873836517333984,-3.981593370437622,-1.2366056442260742,-12.453232100699097,-7.883629467338324,-3.6685993671417236,-1.0817699432373047,-3.5149952173233032,-10.871480632049497,-3.120995044708252,-9.128682320937514,-12.015044765546918,-2.53424072265625,-2.899880886077881,-2.0174115896224976,0.2867248058319092,-5.813436508178711,-6.000152304768562,-2.9761576652526855,-3.8552983701229095,-1.844590187072754,-6.590463876724243,-3.7864774465560913,-1.614062786102295,-5.1476476192474365,-5.592477202415466,-4.2224440574646,-2.7709209471940994,-9.30554911494255,-4.585977077484131,-7.43358039855957,-1.1746519804000854,-2.9296276569366455,-1.0317403078079224,-0.9562573432922363,-7.752671122550964,-6.114766508340836,-10.867692885920405,-9.59445599000901,-4.353684186935425,-4.960924863815308,-3.4222187995910645,-6.8177958726882935,-5.264034152030945,-1.3315014839172363,-4.381123304367065,-2.7636682987213135,-4.325369358062744,-0.8461079597473145,-3.459951639175415,-5.759784862399101,-12.893323949538171,-2.5838136672973633,-3.156128764152527,-4.396114110946655,-2.935413122177124,-10.565508053638041,-0.5239903926849365,-10.048045672476292,-7.0007036328315735,-2.498507499694824,-3.562589481472969,-3.4828491508960724,-4.820742964744568,-4.606427311897278,-8.955615278333426,0.3324570655822754,-7.3619444370269775,-2.950525403022766,-6.186888426542282,-2.107351541519165,-0.6946249008178711,-3.1220717430114746,-3.3372931480407715,-2.4685873985290527,-5.10653281211853,-4.602067589759827,-4.406105041503906,-1.6854147911071777,-2.7689372301101685,-4.97009539604187,-5.687113493680954,-2.716710686683655,-5.517452120780945,-4.012335300445557,-3.60332989692688,-1.207787275314331,-3.3208796977996826
N,-9.9102381443372,0.826958417892456,0.5665760040283203,-0.11844110488891602,0.35988736152648926,-1.2594199180603027,-1.116288423538208,-3.833584785461426,-6.296208739280701,-8.10933268070221,-8.224897637963295,-8.351555991917849,-8.50472977757454,-10.901195128331892,-2.1750471889972687,-5.064288079738617,-1.883493423461914,-4.768996477127075,-3.2263147830963135,-3.4429973363876343,-7.053358048200607,-6.241692423820496,-3.760714054107666,0.5675110816955566,-7.586602210998535,0.41031813621520996,-5.888308674097061,-7.024738788604736,-6.361932277679443,-2.442167282104492,-3.9678065180778503,-8.648487645667046,-8.785228252410889,-1.2166211605072021,-5.5480945110321045,-12.13318645954132,-13.173070748336613,-10.13605010509491,-9.187075465917587,-7.831810086965561,0.0,-4.898649036884308,-5.578371465206146,0.513896107673645,-5.850430011749268,-5.3708497285842896,-2.2669631242752075,-4.327377080917358,-12.778444290161133,-0.0577244758605957,-5.393720626831055,-12.140962958335876,-4.8081361055374146,-1.1205639839172363,-4.677614331245422,-7.382098615169525,-6.162900775671005,-3.135318398475647,-4.008271098136902,-9.238397240638733,-5.13993376493454,-12.667400598526001,-9.71846641227603,-11.140431802719831,-11.982088549644686,-9.454912461340427,-8.998793222010136,-4.798035830259323,-0.9839339256286621,-4.066465616226196,-4.509640276432037,-4.705963969230652,-10.117740213871002,-4.141574144363403,-2.1605968475341797,-9.813302993774414,-2.516459584236145,-1.5129139423370361,0.5469956398010254,-5.164686124771833,-4.835442543029785,-3.346790075302124,-5.771814346313477,-7.185222148895264,-9.157013341784477,-6.191866397857666,-9.54280453757383,0.0,-1.5749585628509521,2.2232683897018433,-3.2732298374176025,-3.325968027114868,-5.865431129932404,-7.491321563720703,-2.9052857160568237,-2.6222808361053467,-8.188842713832855,-1.868643879890442,-0.8977503776550293,-0.3318612575531006,-2.304944485425949,-7.242497563362122,-2.875401258468628,-7.057249188423157,-4.916601181030273,-7.861438192427158,-11.179163079708815,-4.918960094451904,-2.907280683517456,-4.803410932421684,-6.067822217941284,-4.4420550018548965,-11.433552923612297,-9.312633126974106,-5.756058692932129,-2.416666626930237,-9.000559326261282,-5.267468214035034,-1.5931611061096191,-2.1671712398529053,-7.330927661154419,-10.151405479758978,-0.37781310081481934,-5.258482933044434,-8.176963925361633,-9.83452193759149,-7.963405609130859,-10.033217614516616,-10.040736751630902,-4.423069477081299,-1.2430174350738525,-3.749231457710266,-2.336897134780884,-0.8278687000274658,-7.848941996693611,-0.32162904739379883,-4.507043689489365,-7.121428728103638,-4.3578221797943115,-3.1045745611190796,-7.1510937213897705,-3.903817892074585,-5.255527377128601,-6.588951587677002,-10.29259343445301,-5.938702553510666,-1.5672612190246582,-1.6128613948822021,-5.389323353767395,-1.529148817062378,-5.06153404712677,-7.577055931091309,-9.011338114738464,-8.156572729349136,-8.44848912768066,-5.88018539827317,-6.678169012069702,-1.2477824687957764,-5.18306827545166,-3.3297024965286255,0.0,-8.551897048950195,-3.6954710483551025,-2.715172052383423,-7.735373497009277,-3.506791114807129,-1.131213665008545,-4.47347466647625,-7.669252923689783,-6.87639045715332,-2.734545588493347,-6.950452566146851,-8.122750997543335,-10.678145573474467,-7.045035123825073,-7.879360713064671,-4.262042343616486,-1.0389137268066406,-7.338431194424629,-6.480208188295364,-4.318825125694275,-2.720986485481262,-4.751535650342703,-1.59039306640625,-2.760329008102417,-3.4270602464675903,-5.010390490293503,-0.7716515064239502,-3.53139591217041,-5.195522785186768,-4.226476669311523,0.9313219785690308,-8.808498620986938,-4.74330198764801,-3.731168270111084,-5.319120168685913,-5.977450013160706,-1.7620763778686523,-5.461952418088913,-6.738984227180481,-2.7782474756240845,-1.701338291168213,-3.318868398666382,-0.8216996192932129,-1.34885835647583
P,-9.142454979359172,-0.8234474658966064,0.4269754886627197,-1.3925566673278809,-0.8908529281616211,-0.575481653213501,-0.05688667297363281,0.0,-3.9917863607406616,-8.539570450782776,-4.04765011370182,-11.989063430577517,-7.053210288286209,-11.85542448319029,-7.721389085054398,-6.574077546596527,-1.801316261291504,0.0,-3.034001111984253,-8.482323050498962,-6.714549511671066,-3.774374842643738,-0.9920792579650879,-1.7351722717285156,-8.562467575073242,-2.3162682056427,-4.137553840875626,-9.845558643341064,-9.983211040496826,-5.76533842086792,-10.232717216014862,-10.26496561197564,-6.7132134437561035,-0.5138354301452637,-8.522597551345825,-10.206274151802063,-15.324506600387394,-9.889500498771667,0.0,-10.423959821462631,-10.09575967490673,-9.777789413928986,0.0,-6.862063884735107,3.769583284854889,-4.714175343513489,-4.147243142127991,-7.90721869468689,-10.164826393127441,0.0,-4.607261657714844,-10.938642859458923,-9.248531460762024,-5.621606111526489,-10.095319867134094,-10.119077146053314,-3.2666824758052826,-3.802312731742859,-7.513539671897888,-7.628702759742737,-6.939795672893524,-7.156026124954224,-13.472812306135893,-8.81912462040782,-13.487096293480136,-10.52871922403574,-9.267406083643436,-8.587652415037155,-5.148985862731934,0.0,-4.400789320468903,-6.618470072746277,-8.249845087528229,-5.837023496627808,-3.120924949645996,-7.287476539611816,-6.998580813407898,-1.6105892658233643,-3.0980324745178223,-6.452217977494001,-0.6679363250732422,-2.826392889022827,-10.071422576904297,-7.917587757110596,-9.809441968798637,-6.6012678146362305,0.0,-5.467776894569397,-1.5100839138031006,-1.8289320468902588,2.9641663432121277,-3.5549662113189697,-5.127734482288361,-9.998353004455566,-3.510279059410095,-6.351048707962036,-8.57545655965805,-5.546395182609558,-2.0170023441314697,-4.0664894580841064,-4.916546314954758,-6.988567471504211,0.15716290473937988,-2.367561459541321,-7.006076812744141,0.0,-12.6123200468719,-5.13131856918335,-6.811002016067505,-10.261880800127983,1.8625528812408447,-7.0274312645196915,-12.710135641507804,-10.793532937765121,-9.397339820861816,-6.366386294364929,-9.361522193998098,-8.076399564743042,-5.9444029331207275,-7.459197521209717,-11.065776160452515,-9.60792937502265,-2.855144739151001,-9.787424087524414,-9.555774807929993,-14.264817881805357,-6.461968898773193,-10.88221282325685,0.0,-3.859178066253662,-2.5505428314208984,-2.3187886476516724,-3.0898501873016357,-0.9587669372558594,0.0,-1.7954654693603516,-6.639667361974716,-4.161478757858276,-3.6247074604034424,-5.534226298332214,-10.071192026138306,-6.780097723007202,-5.18390166759491,0.44815874099731445,-9.47351785004139,0.0,0.6010839939117432,-2.6220405101776123,-4.0839163064956665,2.62255996465683,-3.308289647102356,-7.233856201171875,-1.844722867012024,-10.089689642190933,-12.041067061945796,-10.051422390155494,-6.446279287338257,-5.981642961502075,0.0,-5.399107098579407,-8.018274188041687,-9.034711837768555,0.24673712253570557,-0.6327252388000488,-9.971035957336426,-4.1825408935546875,-3.1157586574554443,-9.713067695498466,-10.147687963210046,-5.815328598022461,-5.891693472862244,-12.392059087753296,-6.959205389022827,-13.15474717412144,-7.561645269393921,-11.170136965811253,-8.25126963853836,-0.8452534675598145,-7.713978603482246,-7.701693803071976,-4.521475672721863,0.9985005855560303,-6.055269952863455,-2.3964734077453613,-1.424952507019043,0.3878425359725952,-4.9535171687603,-4.907034158706665,-5.44211483001709,-8.377062797546387,-6.6853179931640625,-8.153658866882324,-12.187401056289673,-9.39581835269928,-6.706596851348877,-9.108181238174438,-10.449041962623596,-7.928644895553589,-6.624954909086227,-8.813265919685364,-5.391866564750671,-3.9132461547851562,-4.618979215621948,-3.54001522064209,-1.968458890914917
Q,-9.246689674793743,0.0,1.1852967739105225,0.0,0.607191801071167,-0.6859357357025146,-0.2706642150878906,-3.674614906311035,-5.576525568962097,-7.214178681373596,-7.292520776391029,-11.020923782140017,-7.401062518358231,-9.937541563878767,-3.7478406727313995,-4.7788185477256775,-1.125472068786621,-2.4744083881378174,-0.4531763792037964,-1.1504192352294922,-6.452598541975021,-4.504181265830994,-1.070559024810791,1.8761341571807861,-8.45107364654541,1.820069670677185,-3.6824165880680084,-5.132377624511719,-4.618887901306152,-2.071585178375244,-5.2325021624565125,-7.68599947122857,-7.507603168487549,0.20543980598449707,-4.509069204330444,-11.142818570137024,-9.742400010116398,-10.56262481212616,-9.741737216711044,-5.774301141500473,-8.013304993510246,-7.592087090015411,-4.616864621639252,0.0,-4.751082897186279,-1.2417227029800415,0.0,-4.734414339065552,-10.39358139038086,3.8681660890579224,-1.2859585285186768,-9.659372687339783,-2.8552008867263794,0.5919268131256104,-2.365629553794861,-6.830831468105316,-4.136251777410507,-3.272281289100647,-1.2410589456558228,-7.691097855567932,-2.8600658774375916,-12.203361749649048,-10.956814419478178,-10.472298067063093,-14.88797138503287,-11.420475281774998,-9.999185182154179,-4.264531344175339,0.05650973320007324,-3.3089888095855713,-2.7522435784339905,0.0,-8.90895801782608,-4.5956504344940186,-0.825402021408081,-7.389707565307617,-1.513468861579895,-0.01148533821105957,0.7552595138549805,-5.798931997269392,-4.493560791015625,0.0,-4.127768039703369,-7.274390697479248,-9.333836004137993,-5.3892340660095215,-9.202546892920509,-3.5926791429519653,-2.1288363933563232,-0.42394495010375977,-1.874269723892212,-2.0462899208068848,-4.619982540607452,-9.498184204101562,-0.8961433172225952,-0.24790215492248535,-8.603601396083832,-0.6314181089401245,0.5019259452819824,0.19988083839416504,-3.6912016570568085,-5.062208294868469,-0.47356319427490234,-8.622605443000793,-3.6652588844299316,-7.191622652113438,-12.327417474240065,-5.384066581726074,-2.1532108783721924,-9.451343461871147,-6.2170045375823975,-6.716764226555824,-6.321616354398429,-8.581081956624985,-2.9226198196411133,-0.4541231393814087,-6.9220881424844265,-2.477966070175171,-0.2605482339859009,-1.879723310470581,-7.7340868026949465,-9.73506274446845,0.0,-2.991206645965576,-4.948106408119202,-9.658584285003599,-7.945845603942871,-10.863563721999526,-9.203772144392133,-4.167713642120361,-0.7744667530059814,-2.3029786348342896,-2.2742440700531006,-2.9545674324035645,-7.203101351857185,0.0,-3.6124509274959564,-6.484699010848999,-2.5007426738739014,-2.3576143980026245,-4.893940210342407,-2.482842206954956,-4.623220324516296,-5.5431742668151855,-7.912175610661507,-6.411592930555344,-0.5624122619628906,-2.283290386199951,-3.2791601419448853,-0.0027735233306884766,-3.2275296449661255,-5.089250087738037,-9.30980098247528,-9.053325086832047,-11.225480971857905,-7.918229374103248,-7.062475919723511,-2.387566566467285,-2.9441680908203125,-1.5260273218154907,-2.498249888420105,-7.430360794067383,-0.3756232261657715,0.0,-6.782608985900879,-1.24098539352417,0.46866345405578613,-5.6439992636442184,-8.561533025465906,-7.248744964599609,-2.0121814012527466,-6.923858404159546,-8.418620824813843,-12.124735043384135,-6.149367094039917,-10.391924418509007,-5.900264084339142,-1.5713272094726562,-7.295524433255196,-5.916439324617386,-1.7659205198287964,-1.5042513608932495,-5.96269154176116,0.0,-5.95194411277771,-2.948135495185852,-2.450172871351242,2.6154662370681763,-3.6021623611450195,-0.3638160228729248,0.0,0.0,-10.174478769302368,-1.362031102180481,-2.173651933670044,-4.446997880935669,-4.900873780250549,-0.22603702545166016,-3.3514821231365204,-5.396684288978577,-1.4828451871871948,-0.36941003799438477,-2.5670394897460938,-0.37998533248901367,0.0
R,-9.132433769642375,-0.5418283939361572,0.5694093704223633,-0.17829251289367676,-0.06693172454833984,0.15181803703308105,0.6734099388122559,-2.5615451335906982,-5.244912028312683,-9.895420670509338,-8.18205477297306,-14.025691200047731,-9.062518626451492,0.0,-3.919235497713089,-6.2089919447898865,-0.687122106552124,-2.244572162628174,-2.9502313137054443,-3.8561900854110718,-8.84231373667717,-3.5630687475204468,-0.7718178033828735,0.27041053771972656,-9.178637504577637,1.4803026914596558,-3.412182003259659,-8.797831058502197,-3.257869243621826,-3.0539402961730957,-6.593183696269989,-8.073314267676324,-9.960578441619873,0.09644651412963867,-3.72019362449646,-12.656463742256165,-14.581907113082707,-11.8417729139328,-10.702615588903427,-7.233560174703598,-9.756543442606926,-7.936916649341583,-4.767415940761566,-1.3747773170471191,-5.69458532333374,-3.3700581789016724,-0.7393335103988647,-6.128420114517212,-10.438529968261719,4.52918267250061,-1.6931085586547852,-10.245314955711365,-0.21735548973083496,-0.37363719940185547,-0.46746647357940674,-5.8673295378685,-2.666289895772934,-3.7935088872909546,1.1671562790870667,-7.75286066532135,-1.9271113276481628,-9.723013162612915,-12.360747944563627,-11.191283624619246,-12.29049824050162,-12.697534836828709,-11.32281170040369,-4.797891825437546,-0.04561972618103027,-3.950575590133667,-4.804141581058502,-5.661571383476257,-10.145144999027252,-4.997579336166382,-0.17565441131591797,-8.397522926330566,-1.5829960107803345,0.0,-0.05621528625488281,-5.247937124222517,-4.775782585144043,0.5755630135536194,-6.073833465576172,-9.983275890350342,-12.32652322947979,-8.543326377868652,-11.267990885535255,-5.854535698890686,-3.3846638202667236,-0.38289666175842285,-0.04938912391662598,-3.728503942489624,-7.852725327014923,-10.444862365722656,0.0,0.0,-8.417638719081879,-0.7830909490585327,-0.1510322093963623,0.018297910690307617,-3.79094597697258,-5.202442288398743,-1.2276599407196045,-8.235057950019836,-5.669702529907227,-8.931611932814121,-11.773376565426588,-8.21463394165039,-5.807104825973511,-11.122244760394096,-7.875856161117554,-8.157359853386879,-14.42947596590966,-11.477395623922348,-5.3583245277404785,-2.3224021196365356,-9.810056205838919,-2.4388530254364014,-1.3847861289978027,-3.7792391777038574,-7.7458851845003664,-12.366605903953314,-0.21151018142700195,-3.831155776977539,-10.922589421272278,-9.784331011993345,-10.868732452392578,-12.465533440932631,-11.239185886457562,-6.383216381072998,-4.294210433959961,-5.031383156776428,-4.9650719165802,-4.702103614807129,-7.39769335091114,-1.6662545204162598,-5.290874809026718,-8.507941484451294,-1.3318157196044922,-5.770014643669128,-9.657774209976196,1.6867975294589996,-6.18087375164032,-8.291650295257568,-9.404488995671272,-5.081997841596603,-0.24616503715515137,-3.631953239440918,-3.9555855989456177,0.06248044967651367,-4.918960213661194,-6.629911422729492,-10.663656115531921,-10.596049696207047,-11.388684211298823,-8.756102832965553,-9.198949575424194,-1.5006396770477295,-2.1280083656311035,-4.415361523628235,-3.044751763343811,-7.545742988586426,0.7677024602890015,-1.5672729015350342,-9.295842170715332,2.048361659049988,-0.05841565132141113,-7.722397014498711,-7.737279943190515,-8.254920959472656,-1.6137841939926147,-5.077746152877808,-9.331411123275757,-14.040476963855326,-6.813372373580933,-10.405681170523167,-5.149105370044708,-3.0191726684570312,-6.560343578457832,-6.314434319734573,0.0,-2.8867779970169067,-6.309413190931082,-0.9305486679077148,-5.456279516220093,-1.195996880531311,-4.907428473234177,0.0,-3.7454066276550293,1.933387279510498,-1.3135426044464111,0.8774703741073608,-10.381893396377563,-0.8927478790283203,-1.6634161472320557,-1.502591848373413,-4.856652855873108,-0.08441019058227539,-2.853258103132248,-3.307446599006653,0.0,-2.0427751541137695,-1.7453203201293945,0.7601213455200195,0.7150208950042725
S,-9.293710586964153,0.6425741910934448,0.5219507217407227,-0.6982231140136719,0.10929536819458008,-0.7536299228668213,-0.705979585647583,-4.047460556030273,-4.990204215049744,-6.628289341926575,-4.29136349260807,-7.2442371137440205,-6.856706649065018,-10.91265447891783,-4.16742542386055,-5.321410119533539,-0.48429298400878906,-3.1796910762786865,-2.0045952796936035,-3.9103649854660034,-2.914283722639084,-4.735355257987976,-2.1556649208068848,2.472687244415283,-1.5687313079833984,-0.25799131393432617,-3.31210795044899,-5.2081828117370605,-4.862275123596191,-2.105691432952881,-2.9666787981987,-8.03265245584771,-6.860885143280029,0.14919066429138184,-3.638237714767456,-10.061662793159485,-11.973210175521672,-8.58979880809784,-5.90181764960289,-7.5984974801540375,-5.80110864341259,0.0,-3.785012662410736,-0.9800279140472412,-1.3707199096679688,-3.873341202735901,-1.7412492036819458,0.0,-9.02673625946045,2.661512851715088,-3.715728282928467,-8.06271779537201,-3.2329074144363403,-0.7027714252471924,-4.499243378639221,-7.11101907491684,-4.314472049474716,-2.688053011894226,-2.6125701665878296,-4.780577778816223,-3.792608916759491,-9.830494165420532,-4.934667717665434,-5.92874376103282,-9.340030177147128,-3.3246422186493874,-7.29584226757288,-4.588019102811813,-0.005791902542114258,-2.1823949813842773,-2.2756155133247375,-4.819127917289734,-5.491680204868317,-4.572819948196411,-1.3116636276245117,-4.6327033042907715,-1.9269624948501587,-0.06620621681213379,2.0339934825897217,-6.760380666702986,0.06975126266479492,-1.6247191429138184,-4.221560955047607,-5.093104839324951,-7.922054693102837,1.4057707786560059,-7.269502459326759,-2.0391451120376587,0.6176140308380127,1.8183609247207642,0.0,-2.0996923446655273,-3.1414266228675842,-6.972679138183594,-2.139943242073059,-1.3651723861694336,-2.2017244696617126,-1.745184063911438,0.7531452178955078,0.35282015800476074,-3.5679530799388885,-6.157041668891907,-1.2454900741577148,-0.7713396549224854,-2.4728002548217773,-5.945254243910313,-6.613387208431959,-3.107482433319092,-1.2575433254241943,-2.3241843432188034,-3.0568830966949463,-1.4752907902002335,-10.601722898893058,-4.412794202566147,-5.448741912841797,-0.9026740789413452,-4.4829707108438015,-4.3027589321136475,-1.5751376152038574,-2.203218936920166,-8.009854605887085,-5.02006259188056,0.4525768756866455,-2.5977277755737305,-7.996149182319641,-10.380942034942564,-5.6183247566223145,-8.656537240371108,-7.233625488355756,0.0,0.0,-2.3162354230880737,-0.482590913772583,0.3849830627441406,-4.910493567585945,0.581125020980835,-4.111365646123886,-6.018721342086792,-2.7492055892944336,-1.5434211492538452,-5.66195273399353,-4.045836687088013,-2.0346990823745728,-4.46328592300415,-7.647224381566048,-3.4362556636333466,0.0,-1.461834192276001,-3.3147112131118774,-0.43627285957336426,-3.4625970125198364,-5.618520736694336,-5.242792963981628,-4.229739099740982,-4.175684867426753,-6.125874790363014,-3.5635793209075928,-0.5559320449829102,-2.907585620880127,-2.392506718635559,-2.6235753297805786,-5.313595771789551,-1.4543864727020264,0.2263786792755127,-6.831664085388184,-2.221907138824463,-0.1144096851348877,-3.119881793856621,-8.350240758620203,-2.250765800476074,-1.1188353300094604,-5.325793027877808,-4.644465208053589,-6.369152233935893,-4.3212621212005615,-4.165529765188694,0.0,0.3391292095184326,-6.287596061825752,-4.716388016939163,-3.5791114568710327,-1.3135582208633423,-5.383331533521414,-0.9636116027832031,0.0,-2.618313431739807,-3.4559678733348846,0.006346225738525391,-2.8442625999450684,-2.3307528495788574,-2.3986411094665527,-1.3370029926300049,-3.8993818759918213,-2.5065289735794067,-2.8803648948669434,-4.471949815750122,-3.7981477975845337,-1.2968733310699463,-3.493373841047287,-3.5519901514053345,-3.7545818090438843,-1.1658320426940918,-2.0422937870025635,-0.6674435138702393,0.277127742767334
T,-8.935790893970989,0.3946516513824463,1.1141679286956787,-0.650869607925415,0.0,-0.7500855922698975,-0.045555830001831055,-4.970136642456055,-2.722122311592102,-4.383592247962952,-3.4135449081659317,-8.310871291905642,-5.117418795824051,-10.988208372960798,-5.3916042149066925,-3.6179584860801697,0.0,-1.7851240634918213,-2.4561612606048584,-2.788575053215027,-2.4271468818187714,-3.2801798582077026,-1.4809401035308838,3.861840844154358,0.002001047134399414,-0.09725427627563477,-2.3542191088199615,-3.799515724182129,-3.5013232231140137,-2.9016566276550293,-4.8571078181266785,-10.581073361914605,-4.51802921295166,0.7313370704650879,-1.899832010269165,-7.435590863227844,-12.098673661239445,-6.32367742061615,-0.9703526198863983,-6.488441556692123,-2.8266487568616867,-1.9059486985206604,-4.547210156917572,-2.2640256881713867,-1.8127102851867676,-3.7172547578811646,-1.1727842092514038,-1.1327707767486572,-6.2920660972595215,2.1569814682006836,-3.466224193572998,-5.217295527458191,-2.688270926475525,-1.3438479900360107,-2.490648865699768,-6.892582833766937,-6.11521515250206,-4.209628939628601,-2.7403005361557007,-3.106127619743347,-1.9292208552360535,-6.570362329483032,-7.300876747816801,-5.2210568599402905,-11.944972498924471,0.0,-5.424135304987431,-1.7413201034069061,1.5995643138885498,-1.4934666156768799,-3.923209249973297,-5.041059374809265,-3.37637597322464,-4.134819269180298,-0.46987247467041016,-3.615666389465332,-3.16707980632782,-1.0954887866973877,1.1888844966888428,-9.800702970474958,-0.027556419372558594,-1.8671298027038574,-4.423304080963135,-2.9269542694091797,-5.639642640948296,0.0,-8.446923075476661,-2.0593045949935913,2.4843300580978394,0.3850865364074707,0.584885835647583,-2.9843928813934326,-0.5698090195655823,-4.34393310546875,-2.077398657798767,0.6134908199310303,-1.2905336022377014,-1.5346308946609497,-0.855759859085083,-0.06490635871887207,-6.482748955488205,-5.798129200935364,0.0,-2.361608386039734,-1.5583515167236328,-5.959142126142979,-8.949659448117018,-1.0209698677062988,-1.1059467792510986,0.0,-2.8315374851226807,0.0,-11.30800551455468,-4.4892188012599945,-4.703457355499268,0.0,-5.514576908200979,-4.541396856307983,-2.4518632888793945,-3.3963279724121094,-10.870940497610718,-6.666080620139837,1.0677127838134766,-2.5749025344848633,-5.986641526222229,-9.565646815521177,-3.905031681060791,-9.897993272170424,-7.659906940534711,-2.1464285850524902,-1.2609200477600098,-1.989667296409607,0.0967109203338623,-1.3312160968780518,-4.421531394124031,-0.01311039924621582,-3.2227457463741302,-3.570197343826294,-3.080354928970337,-1.6234723329544067,-4.583917856216431,-3.4879205226898193,-2.9797879457473755,-3.22487735748291,-5.218458130955696,-5.17271563410759,-1.6511430740356445,-2.6212244033813477,-0.3795536756515503,-0.29555487632751465,-1.5153380632400513,-4.006553649902344,-6.592793822288513,-2.213184028863907,-7.320412574335933,-8.491143497638404,-2.542008876800537,0.0,-2.3758435249328613,-3.6188679933547974,-1.292212724685669,-2.7303481101989746,-2.035393476486206,-0.44093799591064453,-6.478540420532227,-1.6092004776000977,-0.7199521064758301,-4.294418022036552,-11.11118512507528,-2.4189534187316895,-0.6334863901138306,-6.966905355453491,-3.2530248165130615,-9.473832295276225,-3.0773732662200928,-6.538387335836887,-2.0514140725135803,-1.0336503982543945,-5.646724060177803,-3.8736012279987335,-2.129393219947815,-1.9401618242263794,-6.572355028241873,-0.5911903381347656,-0.7555835247039795,-1.8205984830856323,-3.6046497523784637,0.08207130432128906,0.0,-0.6225295066833496,-2.6112208366394043,-1.1813023090362549,-2.903179168701172,-3.0499264001846313,-3.1342198848724365,-4.1301939487457275,-3.704445481300354,-1.4096834659576416,-3.744658201932907,-3.6511579751968384,-3.5091670751571655,-1.6585607528686523,-1.9655413627624512,-0.290435791015625,-1.8982255458831787
V,-8.367657539783977,-2.19026255607605,-0.4847846031188965,-1.7103986740112305,-1.7724108695983887,-2.995059013366699,-1.0737402439117432,-7.709885597229004,-0.14304304122924805,0.06382560729980469,-2.4088895469903946,-2.8260521180927753,-1.5616358816623688,-12.75952776230406,-8.770820885896683,-0.11017394065856934,-2.8802974224090576,-1.4842040538787842,-3.6208364963531494,-3.5708693265914917,-1.74277064204216,-0.026076555252075195,-2.328080177307129,4.6036070585250854,0.0,-3.126666307449341,-2.5669995844364166,0.0,-0.30193614959716797,-5.806269645690918,-5.607223689556122,-9.530367452185601,0.1780155897140503,-1.294086217880249,0.37935101985931396,0.0,-11.868610222823918,0.48625850677490234,-6.043500751256943,-4.2022829949855804,-7.909683987498283,-3.593915045261383,-4.939879834651947,-2.305788040161133,0.07089424133300781,-3.70358669757843,-2.031885504722595,-1.221060872077942,-1.225109577178955,-0.5559101104736328,-3.604428291320801,-1.1014078855514526,0.0,-5.580992937088013,-3.4592639207839966,-3.107110917568207,-8.057840675115585,-7.009827971458435,-4.154348254203796,-0.8987278938293457,-0.8189014792442322,-0.35437822341918945,-8.401419293135405,-3.729445617645979,-10.294362528831698,-11.07306507974863,0.0,-2.368932217359543,-0.7931931018829346,-0.7865984439849854,-4.1656370759010315,-5.6930001974105835,0.0,-5.208904027938843,-1.263489007949829,-0.916165828704834,-1.9383989572525024,-1.3340156078338623,0.8120834827423096,-11.540656965225935,0.6557958126068115,-5.2910144329071045,-3.261568069458008,0.16150474548339844,0.0,-5.742363929748535,-9.435030756751075,-1.739796757698059,1.0461397171020508,-1.472116231918335,1.3811020851135254,-4.9643166065216064,0.0,-0.19390350580215454,-4.263799548149109,-1.8793590068817139,-3.2046982645988464,0.0,-3.374467611312866,-0.799823522567749,-9.776540249586105,-3.9116140604019165,-0.5354406833648682,0.0,2.29514217376709,-6.257202543318272,-9.930259805172682,2.1153159141540527,-1.8547389507293701,-9.048527643084526,0.26305413246154785,-6.136728063225746,-12.649692717008293,-1.8906842172145844,-0.3158642053604126,-2.2785311937332153,-4.224493023008108,-0.8793885707855225,-4.3973681926727295,-2.9214234352111816,-12.073557189200073,-4.666614677757025,-1.6105740070343018,-1.13028883934021,-0.43478262424468994,-10.932271647674497,0.41705453395843506,-10.161917870864272,-10.080817775800824,-0.6303079128265381,-1.6754937171936035,0.23061001300811768,1.5950713157653809,-5.327544212341309,-3.200283959507942,-1.1093482971191406,-4.311851352453232,0.3385324478149414,-6.169505834579468,-3.3646053075790405,0.040241241455078125,-4.640393018722534,-4.399011015892029,0.0,-2.6230372935533524,-9.048233479261398,-3.6950411796569824,-6.968557357788086,0.7512016892433167,-2.643195867538452,0.0,-1.0756933689117432,-5.399112582206726,0.0,-8.890620170161128,-9.399173053912818,0.0,-3.872380495071411,-1.573983907699585,-4.1075907945632935,-4.361296534538269,0.26873302459716797,-2.5650475025177,-1.3630115985870361,-5.538625717163086,-0.11254501342773438,-2.6387131214141846,-4.496066257357597,-10.236891797743738,1.28067946434021,0.4788823127746582,-4.166738748550415,0.6238211393356323,-9.446401760913432,1.210438847541809,-6.760782279074192,-7.621491730213165,-1.4002134799957275,-3.2863379269838333,-2.89848592877388,-2.6786149740219116,-2.867780327796936,-8.223678823560476,-0.5683395862579346,-6.107074499130249,0.0,-4.602218359708786,-0.7011010646820068,2.7277676463127136,-2.1297812461853027,-2.2907421588897705,-2.4706058502197266,-3.7316856384277344,-3.496358036994934,-2.7188382148742676,-2.7650678157806396,0.0,-4.207524538040161,-4.077402800321579,-1.1166900396347046,-5.406614661216736,-3.8854598999023438,-0.9244483709335327,0.0,-1.2302038669586182
W,-10.64838683360722,-3.963329553604126,0.0,-2.712453842163086,-3.270268440246582,-6.264965057373047,-3.86702823638916,-9.638336658477783,-6.145555853843689,-8.679542183876038,-10.19563128054142,-13.84696214273572,-8.461471110582352,-12.39135034836363,-8.355038911104202,-7.535756528377533,-7.301149606704712,-7.432396173477173,-8.611984491348267,-7.810603499412537,-8.420930832624435,-8.4883531332016,-6.461531639099121,-2.7910051345825195,-8.163739204406738,-5.464117765426636,-6.886528164148331,-6.5571980476379395,-4.021279335021973,-9.48377799987793,-9.198823630809784,-12.648952085059136,-5.3072357177734375,-3.3196887969970703,-3.1584579944610596,-8.521740078926086,-15.367111046798527,-9.171893000602722,-14.288336604833603,-6.930914491415024,-11.873162552714348,-11.446146309375763,-8.568096578121185,-4.205745697021484,0.0,-3.221378445625305,-6.274708867073059,-6.838940858840942,-6.776954650878906,-3.933474540710449,-6.773049354553223,-7.399288535118103,-5.414931893348694,-8.525691270828247,-7.022164463996887,-2.4711877703666687,-9.342069953680038,-8.826908469200134,-8.32935082912445,-7.465820908546448,-2.754555642604828,-8.60236382484436,-10.90586818382144,-11.806277673691511,-13.242655261070468,-15.332075394690037,-12.55906829982996,-6.769568651914597,-4.831891059875488,-5.377790689468384,-6.112776815891266,-5.944145083427429,-9.182146608829498,-8.235405206680298,-3.1578850746154785,-7.596980094909668,-3.0130380392074585,-5.104694604873657,-1.5089373588562012,-13.007366102188826,-7.545032501220703,-8.011166334152222,-2.4707536697387695,-8.05824613571167,-9.067301198840141,-10.749497413635254,-14.1796320064459,-5.08687698841095,-2.84981369972229,-5.118740797042847,-3.5296475887298584,-7.006547689437866,-6.938166439533234,-9.40517807006836,-6.935191512107849,-3.8618953227996826,-11.34612649679184,-5.256213545799255,-5.11563515663147,-3.118837594985962,-10.086689442396164,-4.676250100135803,-2.333052396774292,-7.141121983528137,0.06476259231567383,-11.940689004957676,-13.355845551937819,-5.937165260314941,-4.264122724533081,-13.78137581050396,-8.970947980880737,-9.997844472527504,-14.780573072843254,-9.186322778463364,-3.3382034301757812,-2.9405611753463745,-10.225054260343313,-0.9562883377075195,-6.619158983230591,-0.11348533630371094,-13.89703398058191,-12.746677543967962,-5.6930177211761475,-2.560076951980591,-8.173818707466125,-14.638656306487974,-7.201142311096191,-7.5987827237695456,-15.840532856062055,-5.998539447784424,-6.608323097229004,-5.9784146547317505,-3.224670171737671,-8.731296062469482,-7.941355898976326,-5.797122001647949,-4.215776294469833,-5.783280611038208,-10.13924241065979,-7.181391596794128,-5.790385961532593,-7.451339483261108,-9.790687918663025,-8.726758480072021,-8.319673970341682,-11.012815922498703,-5.046459674835205,-7.418373107910156,-5.868417859077454,-5.137087106704712,-3.981941342353821,-1.8445038795471191,-11.413934588432312,-13.002021223306656,-13.807539878413081,-12.2341387597844,-10.664908170700073,-8.141359567642212,-5.9325761795043945,-9.343829274177551,-9.044164538383484,-7.119953155517578,-5.783165693283081,-5.43379807472229,0.0,-2.8945884704589844,-6.704200983047485,-6.717764064669609,-12.956532529555261,-7.108598709106445,-2.881346583366394,-6.367900609970093,-4.752915143966675,-12.948550389148295,-6.111999273300171,-11.233315028250217,-8.479279816150665,-5.132478713989258,-5.89919550716877,-3.6419499218463898,-8.812214732170105,-7.9715176820755005,-9.47669529542327,-2.0693864822387695,-8.968559503555298,-4.007223725318909,-8.543363779783249,-3.639368772506714,-5.715000152587891,-5.256412506103516,-6.2379889488220215,-4.921456813812256,-11.257869005203247,-7.444429039955139,-6.838028907775879,-2.397196054458618,-7.218434929847717,-8.457184553146362,-7.392547816038132,0.10207629203796387,-6.352457880973816,-7.608150005340576,-5.07090163230896,-2.154228687286377,-4.535679578781128
Y,-10.755029556690715,-2.658717393875122,-0.9233043193817139,-2.085251808166504,-2.453584671020508,-4.1583251953125,-0.7462613582611084,-8.105807781219482,-5.281652808189392,-6.390591740608215,-8.510966554284096,-11.275349784642458,-6.427572280168533,-11.374282439122908,-7.160038262605667,-4.855893075466156,-4.9483864307403564,-4.60420298576355,-6.391813516616821,-5.870343089103699,-7.887374848127365,-5.872358202934265,-4.796010494232178,-0.2899589538574219,-4.8655524253845215,-3.1629269123077393,-5.627685695886612,-4.620324611663818,-1.4389557838439941,-7.233214378356934,-6.840225875377655,-11.088933545630425,-2.6700820922851562,-2.0026044845581055,-2.448906183242798,-6.87281334400177,-14.140813668258488,-6.889128565788269,-11.950118869543076,-5.901331037282944,-9.109662339091301,-9.357715904712677,-7.51402086019516,-2.1902875900268555,-1.6196999549865723,-4.345339894294739,-5.136172413825989,-6.199436902999878,-5.319971561431885,-2.732253074645996,-5.448873519897461,-6.171514868736267,-3.445163369178772,-6.523002862930298,-4.06833803653717,0.0,-8.464170783758163,-7.5850242376327515,-5.520475268363953,-6.575391888618469,-2.8967220187187195,-7.628618478775024,-11.04068149253726,-9.560238283127546,-14.882794840843417,-13.958107270300388,-10.645309068262577,-5.251991957426071,-2.575779438018799,-4.376543760299683,-5.679025709629059,-6.219379305839539,-6.560271322727203,-6.443551778793335,-2.354738235473633,-5.192687034606934,-0.8804885149002075,-3.5608532428741455,0.5477085113525391,-11.329389493912458,-5.761390686035156,-6.745148420333862,0.5965918302536011,-6.2889909744262695,-7.511075899004936,-9.0399751663208,-12.842940150061622,-2.3149279356002808,-1.2622711658477783,-3.1083691120147705,-2.801588296890259,-6.116251707077026,-6.621842682361603,-7.919861793518066,-5.697496294975281,-1.166637897491455,-8.493275582790375,-4.0096129179000854,-3.4195163249969482,0.0,-7.822876423597336,-4.156540513038635,-1.4801576137542725,-5.68808376789093,0.5040473937988281,-9.904910959303379,-13.343997102230787,-4.187135219573975,-1.3222486972808838,-10.707304880023003,-6.160138845443726,-8.274123921990395,-13.404449644498527,-6.8195715844631195,-0.8975343704223633,-3.779098868370056,-8.88047456368804,-1.3190412521362305,-4.841248273849487,-1.4381914138793945,-11.469349196646363,-10.809518959373236,-3.3294122219085693,-1.8545987606048584,-6.443862557411194,-14.53310363314813,-5.17038106918335,-4.051577275618911,-13.344341831281781,-4.168789386749268,-4.520527362823486,-4.016189694404602,-1.6868598461151123,-6.840604305267334,-7.389558985829353,-3.950488567352295,0.0,-3.5202414989471436,-8.033581018447876,-5.528882384300232,-5.409058332443237,-5.953855276107788,-8.376556754112244,-6.8987717628479,-7.4427537471055984,-9.684387654066086,-4.253759860992432,-4.5868120193481445,-4.6159588098526,-3.337148427963257,-2.022196412086487,0.6861093044281006,-9.845274806022644,-11.120644956827164,-13.116153655573726,-11.006324085406959,-7.987236738204956,-5.938885450363159,-4.585689067840576,-6.770837903022766,-7.117611289024353,-4.2556047439575195,-4.886157274246216,-3.9602954387664795,0.4334954619407654,-1.8774847984313965,-4.780925989151001,-5.774479076266289,-11.262075475417078,-4.56929874420166,-1.3004392385482788,-3.9054958820343018,-1.7499847412109375,-13.056568310596049,-5.484758138656616,-10.307971514761448,-7.182700932025909,-3.2503628730773926,-5.135906055569649,0.0,-7.09176242351532,-5.019845128059387,-8.944774862378836,-1.601945400238037,-8.130533456802368,-2.5305081605911255,-7.199176520109177,-1.6720874309539795,-3.746777057647705,-2.788743495941162,-5.629280090332031,-3.919957160949707,-9.18271279335022,-5.332438588142395,-5.733253002166748,-2.5704715251922607,-5.938643574714661,-6.510102987289429,-6.739452570676804,0.0,-4.661811709403992,-5.985199928283691,-3.97137188911438,-1.7608723640441895,-4.114641904830933
