amino_acid,token_id,support,tp,fp,fn,precision,recall,f1
A,5,133157,91675,130149,41482,0.41327809434506635,0.6884730055498397,0.5165065172502191
C,7,6276,247,879,6029,0.21936056838365897,0.03935627788400255,0.0667387192650635
D,8,34068,9383,23594,24685,0.2845316432665191,0.2754197487378185,0.279901558654635
E,9,40479,16495,23447,23984,0.41297381202743977,0.4074952444477383,0.41021623705251115
F,10,27829,12476,13520,15353,0.4799199876904139,0.44830931761831183,0.4635764050162564
G,11,85996,62964,15526,23032,0.8021913619569372,0.7321735894692777,0.7655849130017146
H,12,7560,545,1435,7015,0.27525252525252525,0.07208994708994709,0.11425576519916143
I,13,49804,10804,10624,39000,0.5042001120029868,0.21693036703879207,0.3033468104222821
K,14,24690,7616,5970,17074,0.5605770646253496,0.30846496557310654,0.39795171909290417
L,15,74076,44734,61339,29342,0.4217284323060534,0.6038932987742319,0.4966333423999023
M,16,13924,1437,4559,12487,0.23965977318212142,0.10320310255673656,0.14427710843373495
N,17,17448,8590,3200,8858,0.7285835453774385,0.49232003668042185,0.5875914905260278
P,19,56976,39894,19350,17082,0.6733846465464857,0.7001895534962089,0.6865255549819308
Q,20,18312,616,2436,17696,0.2018348623853211,0.03363914373088685,0.05766710353866317
R,21,36852,13300,28621,23552,0.31726342405954056,0.36090307174644526,0.3376791540248562
S,22,36566,13346,10640,23220,0.5564079046110231,0.3649838647924301,0.4408112035936054
T,23,38924,12714,10279,26210,0.5529508980994216,0.3266365224540129,0.4106788119579437
V,25,70304,33471,32935,36833,0.5040357798994067,0.47608955393718705,0.48966425279789333
W,26,6452,1599,1836,4853,0.46550218340611355,0.24783013019218847,0.3234550419743097
Y,28,11608,4059,4766,7549,0.45994334277620397,0.34967263955892486,0.3972984877404199
