,1,2,3,4,5,6,7,8,9,10,11,12,13,14,15,16,17,18,19,20,21,22,23,24,25,26,27,28,29,30,31,32,33,34,35,36,37,38,39,40,41,42,43,44,45,46,47,48,49,50,51,52,53,54,55,56,57,58,59,60,61,62,63,64,65,66,67,68,69,70,71,72,73,74,75,76,77,78,79,80,81,82,83,84,85,86,87,88,89,90,91,92,93,94,95,96,97,98,99,100,101,102,103,104,105,106,107,108,109,110,111,112,113,114,115,116,117,118,119,120,121,122,123,124,125,126
A,0.4178948402404785,1.027721643447876,0.07746648788452148,0.4918191432952881,-0.8128083944320679,-1.758497714996338,-5.342345155775547,0.5045557618141174,-5.010358959436417,-7.289878975600004,-4.551971357315779,-6.693678975105286,-7.325972354970872,-5.302705831825733,-7.912703753449023,-6.508126854896545,-10.438306759577245,-4.665074929594994,-10.76831016689539,-4.3793013989925385,-11.053143073339015,0.0,-5.724561095237732,-5.940216690301895,-5.539403796195984,-3.1158015727996826,-5.442348847165704,-6.182800650596619,-5.92198258638382,-5.374466851353645,-0.45784807205200195,-1.0619738101959229,0.0,1.0504934787750244,-5.289867736399174,-3.0556927919387817,-10.837818237254396,-8.045356318354607,-10.538091836497188,-9.61002991721034,-3.8395025730133057,-1.3295307159423828,-2.5922261476516724,-5.353408336639404,-5.9224565755575895,-9.367011479102075,-6.230215299874544,-8.17935786023736,-8.783011138439178,-3.73323393240571,-7.337246775627136,-4.2577561885118484,-6.843253210186958,-5.492415100336075,-3.8768038153648376,-4.691787704825401,0.7109761238098145,1.124701976776123,-4.354164004325867,-3.339186668395996,-1.9406390190124512,-3.433713376522064,0.0,-0.5837602615356445,-6.692348342388868,-5.201513200998306,-7.797465648502111,0.35571861267089844,-8.71761230379343,-7.078118316829205,-4.725489292293787,-6.653699666261673,-0.554987907409668,-3.8357685804367065,-5.448641654103994,-4.415900960564613,-5.779518108814955,-6.78461492061615,-5.992416188120842,-8.937179014086723,-7.841397061944008,-6.370291505008936,-10.736873089335859,-8.358713157474995,-10.477554094977677,-5.782804012298584,-6.736497335135937,-6.56529438868165,-4.840250104665756,-3.0590257793664932,-6.050272798165679,-8.08670911914669,-3.725505381822586,0.0,-4.62722535431385,-9.387676741927862,-10.778020579367876,-10.898513575084507,0.0,-5.631290562450886,-0.3489704132080078,-1.5102077722549438,0.40050363540649414,-0.07871294021606445,-0.2770657539367676,-0.15415143966674805,0.611302375793457,-0.19563937187194824,0.34877586364746094,0.11387801170349121,0.21343350410461426,-0.1225745677947998,0.0,-3.4932678043842316,-3.726878196001053,-1.8229365348815918,-9.258412898052484,-7.016061037778854,-6.244262523949146,-7.129421662073582,-4.842392809689045,-5.735333621501923,-6.2605350855737925,-4.8813834823668,-7.158494210336357,-6.708481411449611
C,-1.7011284828186035,-1.087803840637207,-2.232997417449951,-1.8626062870025635,-3.0795410871505737,-2.954385995864868,-7.544985689222813,-7.140787601470947,-8.477097660303116,-10.124344002455473,-10.49106590077281,-10.973096489906311,-11.831114566884935,-8.684226103127003,-11.13332820031792,-10.700057625770569,-11.552524517755955,-8.295815572142601,-11.565984345972538,-11.067900985479355,0.0,-7.461369752883911,-7.130030989646912,-8.022639900445938,-8.385244250297546,-6.852406740188599,-7.719580540433526,-10.875306487083435,-7.376108467578888,-7.4521297961473465,-3.743317127227783,-1.8393890857696533,0.4250369071960449,-1.338728666305542,-4.707178451120853,-4.256356358528137,-8.068818183848634,-10.93973784148693,-7.817175088450313,-11.736726503819227,-6.959379434585571,-5.128175258636475,-5.477053284645081,-7.255979537963867,-8.732971025630832,-11.042595318518579,-12.359668958932161,-4.946934554725885,-10.877349555492401,-7.391564134508371,-6.490458369255066,-8.42052836716175,-5.704136922955513,-6.292108207941055,-6.006957948207855,-6.821549877524376,-3.0900368690490723,-2.826157569885254,-5.38720977306366,-6.074738502502441,-6.579895257949829,-4.844709098339081,-8.605552352964878,-6.50337553024292,-8.08589206263423,-10.540332704782486,-12.012345161288977,-3.4282689094543457,-7.506134070456028,-10.43263816088438,-10.406183395534754,-10.882198125123978,-5.473427772521973,-10.360314726829529,-11.293853636831045,-10.784160867333412,-7.240449886769056,-11.12433660030365,-9.722983166575432,-11.306035444140434,-6.845224156975746,-7.491568360477686,-12.406016766093671,-10.143418319523335,-11.549316179938614,-7.331945419311523,-8.283660344779491,-11.970443848520517,-12.212852567434311,-9.400615945458412,-13.38436589203775,-11.559274770086631,-11.881317883729935,-10.832811465486884,-10.721592858433723,-7.714558627456427,-7.372467238456011,0.0,-8.095384389162064,-7.396955139935017,-3.1269612312316895,-3.606418251991272,-1.4080462455749512,-0.37990736961364746,-2.6673245429992676,-2.904709815979004,-2.8973026275634766,-4.004123687744141,-2.98250150680542,-3.0649397373199463,-2.421905994415283,-3.039203405380249,-2.8769407272338867,-6.229649573564529,-8.915509968996048,-3.732198715209961,-7.885756552685052,-8.881952494382858,-10.126839943230152,-9.228478859644383,-10.921302683651447,-9.665084540843964,-12.011524999514222,-10.987845961004496,-11.991773820016533,-8.977951626293361
D,-0.3081340789794922,0.3602180480957031,-0.5397889614105225,0.07251334190368652,-1.381423830986023,-3.3228843212127686,-6.258661188185215,-5.8115997314453125,-3.761070877313614,-10.065391670912504,-7.604884069412947,-8.446959137916565,-10.859164989553392,-10.326379843056202,-9.44414305780083,-10.245064377784729,-12.05131335137412,-9.211376294493675,-12.236684419214725,-9.800385802984238,-12.555553008336574,-5.610063791275024,-7.286368727684021,-8.831738144159317,-7.049470782279968,0.0,-9.822542080655694,-8.279369711875916,-6.393127739429474,-5.020873501896858,2.031844139099121,-0.7664034366607666,-1.4771852493286133,-0.9503786563873291,-7.050561763346195,-4.1761099100112915,-11.157138915965334,-9.636831805109978,-11.895413575693965,-9.658365946263075,-8.50734829902649,-6.0439629554748535,-3.9867626428604126,-7.1686906814575195,-5.791511369869113,-11.791978291235864,-5.204293001443148,-10.602454517036676,-11.604190528392792,-5.921779397875071,-8.985645174980164,-7.410593464970589,-3.786255434155464,-6.108681827783585,-2.5042619109153748,-3.6625895351171494,1.791048288345337,1.5468268394470215,-4.103597521781921,-2.2461118698120117,0.0,-4.994995296001434,-7.087014354765415,-1.2569117546081543,-7.886962752789259,-9.524490267038345,-8.62958225235343,-0.08116531372070312,-9.822316206991673,-10.781987182796001,-7.547875557094812,-10.078979283571243,-2.0846824645996094,-9.41733205318451,0.0,-5.587816968560219,-5.604730110615492,-7.82394540309906,-4.808813378214836,-8.768089696764946,-10.472014680504799,-10.385231766849756,-12.79853957798332,-8.094725616276264,-11.813757670111954,-3.464466094970703,-7.6624540612101555,-10.131649140268564,-9.75827893614769,-9.770389810204506,-4.611528253182769,0.0,-9.49279573559761,-8.60047542117536,-9.012822106480598,-8.207699324935675,-8.28140040114522,-12.296550531871617,-7.19953516125679,-7.2733470275998116,1.6836475133895874,-1.1364566087722778,1.1394503116607666,1.1386611461639404,-0.06126832962036133,-0.05771923065185547,-0.07783126831054688,2.088068187236786,0.15568113327026367,0.573357105255127,0.2696671485900879,0.0,-0.6028385162353516,-3.7222128212451935,0.0,-3.157423496246338,-9.46262699412182,-7.676283091306686,-8.76859313994646,-8.164534043055028,-10.60206974297762,-8.267437636852264,-9.04319747723639,-9.985938612371683,-9.240731453988701,-10.349638561718166
E,-0.10248947143554688,0.4937567710876465,-0.23700761795043945,0.0069043636322021484,-0.6897624731063843,-2.5261237621307373,-5.983590520918369,-4.452217102050781,-1.1068568527698517,-9.296938072890043,-4.7598847560584545,-4.119326710700989,-11.062936580739915,-9.058608122169971,-4.838073016144335,-10.785577416419983,-11.270138691645116,-9.445910558104515,-11.831741906702518,-10.853766769170761,-13.148468543309718,-5.915292024612427,-8.649091124534607,-9.93557134270668,-6.55843722820282,-3.5651867389678955,-10.39839638210833,-9.136046767234802,-7.902539551258087,-7.27753110229969,-1.4054231643676758,-2.8725221157073975,-2.1682496070861816,-2.4775779247283936,-7.6920302882790565,-5.208943486213684,-11.590312095591798,-11.067327067255974,-11.003935990855098,-6.152138452976942,-9.082921266555786,-1.9998974800109863,-5.416297078132629,-4.099090576171875,-6.169792963191867,-11.425924709998071,0.0,-10.442207667976618,-11.02913349866867,-5.242811921983957,-8.03909957408905,-8.42017836868763,-6.2013092786073685,-7.815268665552139,-5.111642777919769,-6.196388229727745,0.7166938781738281,-0.48438358306884766,-5.907230734825134,-4.86415958404541,-3.314978837966919,-7.69846123456955,-8.243738807737827,0.0,-9.556158404797316,-7.985361963510513,-5.49085458740592,-1.9807939529418945,-9.53022388368845,-11.292054168879986,-5.851764354854822,-9.254450589418411,-4.095560550689697,-8.225898146629333,-4.380038615316153,-7.048142209649086,-8.634378414601088,-4.6877230405807495,-7.6738021820783615,-4.55310146510601,-10.704083696007729,-10.4333474971354,-12.405612408183515,-4.959604270756245,-11.822432291693985,-6.494709014892578,-10.359223775565624,-9.452274445444345,-10.041928380727768,-9.96067263185978,0.0,-7.149370766943321,-9.448461323976517,-8.30597030185163,-7.552127793431282,-11.610821273177862,-11.535249430686235,-13.019973536022007,-6.838797360658646,-6.916594631969929,0.284574031829834,-2.170530915260315,-0.22015380859375,-0.500321626663208,-1.2112057209014893,-0.740114688873291,-0.5922648906707764,-1.3530714511871338,-0.697845458984375,-0.8613641262054443,-1.0167131423950195,-1.4317233562469482,-2.134420871734619,-5.133971244096756,-5.46344593167305,-4.582496643066406,-10.085433543194085,-7.897530764341354,-5.784524269402027,-7.952879856806248,-10.786991961300373,-5.161738574504852,-8.54696067608893,-10.471711698919535,-8.782345986459404,-10.258002857677639
F,-0.6749787330627441,0.033509254455566406,-1.062854290008545,-0.7524387836456299,-1.97789466381073,-3.0174405574798584,-6.938034929335117,-6.050334930419922,-8.582542568445206,-7.026012074202299,-8.366255681961775,-9.587157845497131,-11.050002849660814,-6.308865614235401,-11.964177847839892,-10.081589341163635,-7.821983765345067,-6.794721230864525,-6.977961637079716,-11.197160094976425,-8.88407950522378,-7.303560495376587,-0.5695582628250122,-4.7900077402591705,-11.16830050945282,-4.555230379104614,-5.904171833768487,-4.479047179222107,-6.45816832780838,-7.0312690287828445,-2.4097447395324707,-0.5736391544342041,0.4692997932434082,-1.3412282466888428,-6.001673556864262,-3.4615856409072876,-9.16122636408545,-5.6200066059827805,-11.240150628611445,-11.128982286900282,-5.807987451553345,-4.82558012008667,-7.109960675239563,-7.31418514251709,-10.422133279964328,-5.829553536139429,-11.225813139230013,-4.740035388618708,-5.380131900310516,-10.063371900469065,-8.226406931877136,-4.821323350071907,-2.653186872601509,-3.3710488379001617,-6.091519773006439,-6.593142494559288,-0.11195707321166992,-0.3798060417175293,-2.544693350791931,-3.409766674041748,-4.804856538772583,-4.074611842632294,-7.9647404327988625,-2.480607509613037,-8.144728999584913,-6.510751634836197,-11.444015350192785,-2.7467784881591797,-9.352726019918919,-6.105546943843365,-8.962062988430262,-5.783409863710403,-3.3216772079467773,-8.470924735069275,-10.943575736135244,-9.199499383568764,-6.569649677723646,-10.784960150718689,-7.775381371378899,-10.064809247851372,0.0,-3.694085631519556,-6.711769520305097,-9.718121536076069,-6.301543963141739,-6.534380912780762,-6.615840844810009,-7.601310852915049,-10.777913182973862,-8.304978623986244,-12.372523164376616,-12.687580205267295,-10.58947828412056,-11.381981005892158,-8.073429062962532,-6.110627677291632,-4.197564799338579,-8.845578928478062,-6.853973180055618,-8.619176037609577,-2.351297378540039,-1.8645321130752563,0.5027871131896973,0.7402002811431885,-0.0936589241027832,-0.4193854331970215,0.0,-0.9208447933197021,-0.22401189804077148,0.6313273906707764,0.3330817222595215,0.698871374130249,0.46370720863342285,0.0,-6.482299596071243,-0.012934684753417969,-7.230128348339349,-11.03123876452446,-9.603893585503101,-11.678703736048192,-10.651585467159748,-6.5429717898368835,-7.842051351442933,-9.687931600958109,-8.83772203931585,-7.533377747051418
G,0.11850285530090332,0.7270207405090332,-0.2456223964691162,0.11922860145568848,-1.025448203086853,-2.6758997440338135,0.0,-2.242784261703491,0.0,-8.828853737562895,-4.880862157791853,-7.154478192329407,-10.323046482168138,-8.699160642921925,-9.068878890015185,-9.12725031375885,-10.91384596703574,-6.876700505614281,-11.346779443323612,-9.422588676214218,-9.20815806509927,-4.639237642288208,-7.050360083580017,-7.513296276330948,0.0,0.40163129568099976,-6.7741917464882135,-6.997457385063171,-4.006949245929718,-2.0960621386766434,3.5106277465820312,0.8649184703826904,0.8289847373962402,1.8834118843078613,-3.627998687326908,-2.2464600801467896,-7.933838935801759,-9.525939509272575,-7.810911355540156,-9.370499353855848,-6.047032594680786,-2.5797104835510254,0.22023963928222656,-5.626992702484131,0.0,-8.315049580298364,-6.356674421578646,-6.5522626377642155,-10.361673057079315,0.0,-5.378107905387878,-6.546247914433479,-7.133162572979927,-5.839555412530899,-2.754431664943695,-2.290401443839073,0.0,2.0570034980773926,-5.38826596736908,-3.4013352394104004,-3.206878423690796,-6.328453719615936,-5.670911945402622,-1.7266416549682617,-5.344863276928663,-7.642926603555679,-8.757780876010656,5.026951659470797,-6.625270880758762,-9.49170684069395,-8.043233070522547,-9.023875027894974,-2.9896793365478516,-7.91119658946991,-5.776213523000479,-7.4795186668634415,-4.240980606526136,-6.515935778617859,-7.055521294474602,-9.092467710375786,-9.875314012169838,-7.749736104160547,-11.827289997600019,-7.943993575870991,-11.713824999518692,-3.6927261352539062,-5.164221219718456,-8.363118294626474,-8.996548742055893,-8.565280213952065,-5.830983018502593,-8.287767506903037,-8.272065907716751,-5.108582129701972,-7.154011204838753,-11.100776221603155,-11.069718081504107,-8.854209681041539,-4.070007115602493,-4.5600453689694405,0.840798020362854,0.0,2.0631450414657593,1.6848232746124268,0.5800621509552002,1.0644487142562866,0.9225771427154541,0.0,0.9303919076919556,0.9176352024078369,0.18558359146118164,0.08585238456726074,-0.6429104804992676,-4.020251303911209,-5.180820256471634,-3.3613314628601074,-7.722901881206781,0.0,-7.623458214104176,0.0,-8.971739657223225,-6.376966655254364,-7.320875966921449,-8.735506597906351,-7.779381966684014,-7.83266172837466
H,-0.8603181838989258,-0.5089864730834961,-1.4200339317321777,-0.8415467739105225,-1.8361295461654663,-3.4035871028900146,-7.239835657179356,-5.547772407531738,-8.303955227136612,-8.609926354140043,-11.622723501175642,-7.206968903541565,-8.245603359304368,-9.97237116843462,-6.566090346314013,-10.755555748939514,-10.564813564997166,-9.317216977477074,-10.354861833155155,-10.504580825567245,-11.871281195897609,-8.245558977127075,-8.633645415306091,-8.189343124628067,-11.002133250236511,-6.024229288101196,-10.376448521390557,-11.443888068199158,-7.340110599994659,-6.637501195073128,-0.24840307235717773,0.732144832611084,-0.5568103790283203,0.2516040802001953,-6.991241790354252,-2.71808397769928,-11.254314514109865,-9.449982210993767,-6.963508306071162,-4.878838758915663,-6.724596261978149,-5.172989368438721,-7.929234623908997,-5.801424026489258,-10.152365518733859,-9.040919712744653,-8.862208593636751,-8.991062495857477,-8.848613440990448,-9.071749929338694,-4.71658980846405,-7.267940953373909,-3.882711961865425,-3.374841123819351,-4.3258532881736755,-7.019896969199181,-1.514892578125,-0.6052360534667969,-4.170665144920349,-2.8585684299468994,-3.256345510482788,-4.903767287731171,-9.581308044493198,-4.074522495269775,-8.946235995739698,-10.1863354742527,-8.617806281894445,-3.905892848968506,-4.428347148001194,-11.422690384089947,-9.639003906399012,-10.599996358156204,-2.385267734527588,-7.362380385398865,-6.963788863271475,-7.941373124718666,-8.177686672657728,-8.321839690208435,-6.553185269236565,-4.89181225001812,-10.254535928368568,-10.094904694706202,-10.516165195964277,-3.8208732679486275,-10.06754566449672,-3.9486794471740723,-9.191409520804882,-12.693400505930185,-10.921737760305405,-8.22929598391056,-10.38741764985025,-9.068628407781944,-11.17138460278511,-12.982185473665595,-11.625221207737923,-7.137786891311407,-5.821306426078081,-10.958659906871617,-8.595217496156693,-6.33514416962862,0.25108909606933594,-1.6588331460952759,0.0,-0.056978464126586914,-0.963247537612915,-1.365715503692627,-1.391096591949463,-1.4743361473083496,-1.1192317008972168,-0.7424616813659668,-0.4857935905456543,-0.7537431716918945,-0.5797667503356934,-4.9536018669605255,-6.419274121522903,-1.8401379585266113,-9.808262408245355,-11.54068872332573,-4.480900593101978,-11.153057526331395,-11.248539812862873,-5.757705390453339,-11.885803068056703,-10.072895590215921,-12.453400826547295,-10.861484150402248
I,-0.2859225273132324,0.3320443630218506,-0.7148120403289795,-0.48329663276672363,-1.7033859491348267,-2.8095967769622803,-6.617111124098301,-5.775819778442383,-7.497719436883926,-5.803054939955473,-6.242662351578474,-7.818567872047424,-11.383759296499193,-8.681778021156788,-10.927814246155322,-7.578930974006653,-7.898269127588719,-8.139912709593773,-6.972927190363407,-6.405746310949326,-12.370640326756984,-3.6804535388946533,0.0,-7.868805080652237,-9.71910560131073,-6.492835760116577,-8.07187450863421,-1.6238036155700684,-5.065524876117706,-5.695990040898323,-0.7346301078796387,-2.4064486026763916,-0.24141645431518555,-0.04813075065612793,-6.643643714487553,-0.7079917192459106,-10.974124046275392,0.0,-10.300664125010371,-10.075550775974989,-7.345305681228638,-1.4402389526367188,-7.345638394355774,-4.113509178161621,-9.932175470516086,-6.105434349738061,-9.107146490365267,-8.747557017952204,-3.5262016654014587,-9.107205633074045,-6.9631346464157104,-2.0515446215867996,-4.176466062664986,-6.1931683123111725,-5.258237779140472,-6.764161095023155,0.22584772109985352,1.0354151725769043,-4.11351478099823,-3.2463431358337402,-4.5732433795928955,-6.2109662890434265,-7.871280826628208,0.9252066612243652,-8.49721847102046,-3.287172704935074,-7.398173179477453,-2.3027172088623047,-9.251393355429173,0.0,-4.4391018487513065,0.0,-1.0592360496520996,-6.850754618644714,-9.657987471669912,-4.070347562432289,-6.902023773640394,-6.611799120903015,-6.0627768486738205,-9.306373044848442,-6.046713605523109,-8.196144852787256,-7.222412048839033,-7.963322646915913,-5.911654722876847,-3.223050117492676,-6.878656320273876,-5.099612835794687,-6.055708974599838,-9.114425912499428,-10.86290535889566,-11.463277913397178,-5.972791463136673,-9.46827899478376,-4.151608422398567,-10.419522788375616,-10.330613810569048,-11.960883875377476,-5.5750501453876495,-5.892531044781208,-2.1375317573547363,-1.8839765787124634,0.6684637069702148,0.0,-0.14828991889953613,-0.20451140403747559,-0.1836395263671875,-2.4082555770874023,-0.6136622428894043,-0.11538052558898926,-0.36298656463623047,-0.7548820972442627,-0.6462798118591309,-4.503148585557938,-7.879982739686966,3.975098878145218,-9.807551920879632,-10.805665224790573,-8.665745086967945,-11.186586807947606,-5.70565689355135,-4.324053943157196,-4.962104165926576,-4.8400889076292515,-6.6098987818695605,-8.946567158214748
K,-0.4360952377319336,0.14721107482910156,-0.6261825561523438,-0.450697660446167,-1.352688193321228,-3.2393901348114014,-6.702975191175938,-6.0749688148498535,-5.988257557153702,-9.54830564185977,-9.06242648884654,0.0,-11.156894481740892,-11.255138464272022,-7.290926695801318,-9.447741150856018,-12.025587033014745,-9.552506551146507,-12.171278573572636,-8.768220275640488,-13.420837928075343,-5.066998720169067,-8.497400641441345,-9.145997673273087,-8.372958064079285,-6.180439710617065,-9.778569111600518,-9.957040190696716,-5.937963306903839,-6.225071385502815,-0.1727309226989746,-3.076369047164917,-2.137050151824951,-2.7770955562591553,-8.535625793039799,-4.824495434761047,-11.331448646495119,-10.207819506525993,-6.4330946784466505,-4.206540804356337,-8.84626030921936,1.9882032871246338,-6.680949807167053,1.9246459603309631,-9.194760156795382,-11.438770703040063,-5.361988294869661,-11.387080524116755,-10.689901053905487,-8.596307042986155,-5.820302844047546,-7.041720822453499,-4.560003355145454,-6.941912800073624,-4.2839550375938416,-7.645788177847862,4.1883328557014465,0.4209580421447754,-5.5624388456344604,-3.795637607574463,-3.186150312423706,-7.193457782268524,-10.675181068480015,-4.535747051239014,-6.051976066082716,-6.655507951974869,0.0,-3.0536885261535645,-6.300929583609104,-10.889734260737896,-6.816690597683191,-5.7965162098407745,-2.5856361389160156,-7.312109351158142,-8.971542235463858,-3.7361557632684708,-7.52035615965724,0.0,-4.317027851939201,-6.611230775713921,-11.845860734581947,-11.190781388431787,-12.738233028911054,-4.097520358860493,-12.570478213019669,-2.2964107990264893,-8.263425283133984,-11.446199540048838,-7.502161115407944,-10.602447763085365,-6.571724271401763,-12.320102788275108,-7.67433288693428,-12.288964381441474,-8.319458916783333,-11.531495597213507,-11.785105425864458,-13.224656839855015,-8.152111798524857,-4.062981732189655,-1.9730420112609863,-2.5414119958877563,-0.6173825263977051,-1.2367022037506104,-1.643521785736084,-1.5050897598266602,-1.4086260795593262,-2.837425708770752,-1.5379638671875,-1.368772268295288,-1.439645767211914,-1.789764165878296,-2.120955467224121,-5.089556246995926,-8.187435895204544,-3.8933515548706055,-10.427297175396234,-10.873639315366745,-3.281866617500782,-10.528606842737645,-8.56847370415926,-4.105948626995087,-10.722770536318421,-8.127119604498148,-11.601766800973564,-10.480347256176174
L,0.4301011562347412,0.9864037036895752,0.0,0.49457406997680664,-0.5955535173416138,-1.5563256740570068,-5.6642550602555275,-4.67656135559082,-6.058948665857315,0.0,-5.874492090195417,-7.059617638587952,-7.497227466665208,-6.891494818031788,-7.451406241394579,-9.652896523475647,0.0,-7.599158868193626,0.0,-9.518402427434921,-10.542853881139308,-6.207716226577759,-2.5446923971176147,-7.595774799585342,-10.150221705436707,-6.796447038650513,-7.237174877896905,-3.6796263456344604,-6.832695782184601,-7.4207038432359695,-3.1635775566101074,-2.3249166011810303,0.7141799926757812,-1.57309889793396,-5.588960982859135,-3.1180683374404907,-8.300188156077638,-4.698708102107048,-8.411630807444453,-6.1291620545089245,-6.33022141456604,-2.0169878005981445,-7.172425389289856,-4.557275295257568,-9.701968980953097,0.0,-9.029113996773958,-5.276942107826471,0.0,-9.326650861650705,-5.822620272636414,-5.301515534520149,-5.240012243390083,-5.809136539697647,-5.38073343038559,-7.383151516318321,-0.33825111389160156,-0.9121499061584473,-4.355181097984314,-4.734241962432861,-5.565846681594849,-5.612872302532196,-5.850308574736118,0.01669788360595703,-8.22795520350337,-2.5437048971652985,-8.666537132114172,-3.573493480682373,-7.088422812521458,-3.73547076433897,-7.702634964138269,-3.7095523178577423,-3.318772792816162,-4.217988848686218,-9.911506529897451,-7.307727113366127,-6.701028805226088,-8.133883833885193,-8.317645832896233,-5.890396997332573,-4.353875890374184,-7.038801942020655,0.0,-5.602869041264057,0.0,-5.930575847625732,-7.455608777701855,-4.342139843851328,-9.565338224172592,-6.602921262383461,-9.73760018311441,-11.4357958806213,-9.186020642518997,-9.605445018038154,-4.931759789586067,-9.75034287199378,-8.713265139609575,-10.27856804896146,-5.981309682130814,-6.076545841991901,-1.1393065452575684,-0.9996391534805298,0.7593982219696045,0.7390196323394775,-0.09089303016662598,-0.25559139251708984,0.37920379638671875,-1.7699308395385742,-0.3123633861541748,0.38817667961120605,-0.05719137191772461,0.3494558334350586,-0.6640691757202148,-3.7064237892627716,-7.322702199220657,0.12810850143432617,-7.282077849376947,-10.550920695066452,-5.585959739983082,-10.868577431421727,-8.745139963924885,-2.2768754363059998,-5.747996652498841,-8.509504858404398,-7.106243348214775,-8.107563595287502
M,-1.2205085754394531,-0.6112689971923828,-1.6633992195129395,-1.159275770187378,-2.37514865398407,-3.288071870803833,-7.341244138777256,-6.023660659790039,-7.594508320093155,-6.421621453016996,-6.063315790146589,-7.053015828132629,-12.697059429250658,-11.11326415091753,-9.52438044641167,-6.8297425508499146,-7.1793345916084945,-10.856335744261742,-7.302077867090702,-7.551418155431747,-12.954144049901515,-4.805558443069458,-5.526945948600769,-10.38989320397377,-11.875517725944519,-8.849961042404175,-10.516300091519952,-5.220276713371277,-7.665515720844269,-8.307336762547493,-3.3239378929138184,-4.207427263259888,-1.4918828010559082,-2.5745275020599365,-7.277634955942631,-3.8406091928482056,-11.045434089610353,-5.081201121211052,-10.621392427012324,-9.64017079398036,-9.697012186050415,0.6143553256988525,-8.634273648262024,-3.878007411956787,-11.158447099849582,-5.8937482153996825,-9.42540668323636,-8.82706007733941,-5.61376017332077,-10.257097486406565,-8.112366557121277,-4.649305298924446,-6.96659429371357,-7.979194790124893,-7.079214036464691,-9.393547520041466,-1.0079951286315918,-1.5291824340820312,-6.263253092765808,-5.873219013214111,-6.913660764694214,-8.073484122753143,-9.484949745237827,-2.071761131286621,-10.061150889843702,-4.513701826334,-7.163006152957678,-4.113927364349365,-10.060899771749973,-5.078826896846294,-6.1003495790064335,-4.237426072359085,-3.2169690132141113,-8.159228682518005,-11.331994887441397,-5.653238072991371,-9.627077084034681,-6.196405291557312,-8.35869388282299,-8.92455904185772,-9.134947076439857,-11.242080483585596,-5.966593681834638,-7.924649246037006,-6.9932153346017,-5.602764129638672,-9.99217265099287,-4.08923352137208,-7.05450639128685,-10.690535798668861,-10.915925836190581,-12.708937741583213,-6.796990185976028,-10.913934817537665,-4.605400040745735,-13.159112479537725,-12.491445261985064,-13.240709085948765,-6.923179417848587,-6.460693962872028,-3.2044453620910645,-3.3318854570388794,-1.0184688568115234,-1.1625645160675049,-1.5050296783447266,-1.5136308670043945,-0.8391540050506592,-3.0740737915039062,-0.9588041305541992,0.7311193943023682,-1.7079267501831055,1.63771390914917,-1.9243178367614746,-3.758907824754715,-8.206795483827591,0.0,-8.815662920940667,-11.676745623350143,-8.149251289665699,-12.070007752161473,-7.047137625515461,0.0,-6.522244298830628,-7.199365202337503,-8.083158707711846,-11.09281502198428
N,-0.7133793830871582,-0.1082768440246582,-1.032595157623291,-0.4975926876068115,-1.624778151512146,-3.0325567722320557,-6.516706384718418,-6.392002582550049,-6.59706512093544,-7.686578880995512,-10.271664541214705,-5.698650479316711,-11.133695400319993,-8.428337164223194,-9.37523436639458,-6.3751455545425415,-12.290430020075291,-6.352997407317162,-11.790408708155155,-6.092466205358505,-12.370767165441066,-3.9685919284820557,-7.80734384059906,-6.700180202722549,-8.362227320671082,-3.3990585803985596,-7.337400326505303,-8.34899365901947,-3.397983133792877,-2.773738816380501,4.179912030696869,0.0,-1.0172948837280273,-0.39701318740844727,-6.790420867502689,0.0,-11.497420402476564,-7.940535590052605,-10.425543962046504,-8.864187937229872,-6.287421464920044,-5.1552605628967285,-4.845916390419006,-3.553544044494629,-7.688780618831515,-11.824343136511743,-8.49723171070218,-10.698134753853083,-10.871974647045135,-6.94519591704011,-6.973417639732361,-3.9076628237962723,-3.625260666012764,-4.819736629724503,-3.00049489736557,-3.901311382651329,1.6980736255645752,3.4450827836990356,-3.9134429693222046,0.0,0.5577407479286194,-4.3259164690971375,-8.063988365232944,-3.8977904319763184,-4.7378810457885265,-9.935102373361588,-5.361390437930822,-0.7287778854370117,-7.97796443849802,-8.757744781672955,-5.745015297085047,-7.403363972902298,0.0,-9.491544127464294,-4.59489905461669,-3.3198065906763077,-4.45592687651515,-4.704522967338562,0.0,-8.927809163928032,-10.458771005272865,-7.744871888309717,-12.976468502543867,-6.743582732975483,-12.367702257819474,0.0,-4.670216016471386,-11.980583313852549,-7.00719079375267,-9.66023088991642,-9.380225038155913,-7.442795850103721,-7.247076779603958,-11.645886531099677,-9.29176039993763,-8.754519011825323,-8.175677973777056,-12.118919153697789,-7.611225873231888,-6.358760006725788,-0.9551486968994141,-1.5193754434585571,1.1990156173706055,0.5971105098724365,-0.5020086765289307,-0.27457094192504883,-0.5287871360778809,-1.5372681617736816,-0.4089696407318115,0.0,-0.3207230567932129,-0.4717426300048828,-0.9840779304504395,-4.6271906197071075,-5.6034009754657745,-2.059769630432129,-10.400250971782953,-9.832634180784225,-7.684501953423023,-10.124631355982274,-7.661111243069172,-7.064959704875946,-10.32468112744391,-7.050859037786722,-11.96201345929876,-8.393642048351467
P,-0.18747591972351074,0.2772829532623291,-0.7236232757568359,-0.05175042152404785,-1.3194407224655151,-2.2099533081054688,-6.136334337294102,0.0,-7.326307445764542,-6.403893601149321,-8.990225713700056,-7.157943844795227,0.0,-4.901112623512745,-7.123831511475146,-7.075500130653381,-7.979393910150975,-6.9565316289663315,-7.895952798426151,-7.125274509191513,-11.902856398839504,-5.006525278091431,-7.388071417808533,-6.104488521814346,-8.480454325675964,-6.689814329147339,-6.174469837918878,-9.229568839073181,-6.710279762744904,-7.106165364384651,-3.073387622833252,-2.2560079097747803,-1.908200740814209,-2.720543622970581,-8.157013274729252,-6.061530232429504,-11.20338067621924,-9.991274401545525,-8.405048547312617,-7.780085306614637,-0.8835110664367676,0.0,-5.526007294654846,-7.14332389831543,-9.29539187066257,-6.745411328040063,-9.043956983834505,-9.032323215156794,-8.212858855724335,-8.83901334181428,-7.825749754905701,-6.420827820897102,-9.26897819340229,-6.009892612695694,-4.820362031459808,-5.898093208670616,0.5610418319702148,-0.25551700592041016,-5.291462779045105,-3.904484748840332,-5.262749433517456,-3.8697821497917175,-6.083477176725864,0.3051605224609375,-7.880115371197462,-7.575541406869888,-9.654042091220617,-4.471548557281494,-7.684750594198704,-10.538214676082134,-7.340448532253504,-9.639180928468704,-0.9506330490112305,0.0,-10.563430663198233,-5.964471593499184,-7.317170601338148,-8.160417914390564,-9.458315655589104,-7.945611879229546,-9.323602929711342,-6.873821530491114,-9.623362957499921,-5.799201019108295,-9.315811884589493,-7.578486442565918,-7.670278958976269,-10.703481797128916,-7.172521680593491,0.0,-11.190360879525542,-12.106802083319053,-6.963997632265091,-8.440431704744697,-9.577501252293587,-11.547809150069952,-12.023036677390337,-12.209243555553257,-6.992868214845657,-7.205968983471394,-1.7950477600097656,-1.022088646888733,0.25380516052246094,-0.386181116104126,-0.593693733215332,-0.48055362701416016,0.09154129028320312,-1.6751432418823242,-0.33185315132141113,0.04787850379943848,0.028577089309692383,-0.20096421241760254,-0.17570853233337402,-4.975543528795242,-7.962208539247513,-0.5825543403625488,-10.074225962627679,-11.21747800707817,-3.779845781624317,-10.48977894661948,-7.694569952785969,-5.699025332927704,-10.067203367128968,-6.935467306524515,-10.243890976998955,-6.402538399212062
Q,-0.1851952075958252,0.0,-0.7548503875732422,0.0,0.0,-1.6099052429199219,-6.126610673964024,-4.686985015869141,-4.95932736992836,-6.062951695173979,-7.875811975449324,-1.1662793159484863,-8.19743040855974,-9.892997808754444,0.0,-9.729960083961487,-8.8868312346749,-9.348629102110863,-9.776836015284061,-10.392329543828964,-11.773671675939113,-6.806311845779419,-9.256924033164978,-7.985821396112442,-10.15754783153534,-6.715078592300415,-10.670658001676202,-11.135266661643982,-8.25336104631424,-7.863200142979622,-2.504669666290283,-2.526766538619995,-1.727156162261963,-2.8136565685272217,-7.127298690378666,-4.589462876319885,-10.953498931834474,-11.310190722346306,-6.991862474009395,0.0,-7.321099519729614,-3.854989528656006,-7.638928532600403,-3.3346238136291504,-9.891338182613254,-9.025507382117212,-4.697638738900423,-9.872359607368708,-8.26525753736496,-7.857757333666086,-4.187373995780945,-7.675661519169807,-6.425809934735298,-6.279544025659561,-5.0505251288414,-8.240615352988243,-0.2419896125793457,-1.2436084747314453,-5.849085211753845,-4.665508270263672,-4.742068529129028,-7.15831583738327,-9.935931839048862,-2.203672409057617,-9.214569430798292,-7.8092760145664215,-4.488807525485754,-3.808091640472412,-4.856189288198948,-11.565860740840435,-8.695733223110437,-9.937485486268997,-3.751903533935547,-6.282086730003357,-8.021458502858877,-6.890379682183266,-9.219294529408216,-4.847451090812683,-7.780535504221916,0.0,-10.819836869835854,-10.985000405460596,-10.031233250163496,0.0,-9.354108584113419,-5.396520614624023,-9.81486838310957,-11.411927346140146,-10.125970929861069,-7.76925303041935,-6.1709898468106985,-11.709117986029014,-10.353783398866653,-11.608703723177314,-9.687340691685677,-11.202667739242315,-10.50647421553731,-12.807065744884312,-8.643269330263138,-6.090797074139118,-1.190605640411377,-1.981247067451477,-0.5684628486633301,-1.0985710620880127,-1.5035433769226074,-1.2740941047668457,-1.0505681037902832,-2.466020107269287,-0.3742852210998535,-1.136488676071167,-1.1789665222167969,-1.6505439281463623,-1.7899041175842285,-5.457506209611893,-6.75737264752388,-3.7575883865356445,-9.869871676433831,-10.792267054319382,0.0,-10.421294640284032,-10.334588892757893,-0.8367499709129333,-10.37843974865973,-10.076837126165628,-11.540642953012139,-10.494252781383693
R,0.16568541526794434,0.5828104019165039,-0.22339653968811035,0.1612398624420166,-0.8761633634567261,-2.2314348220825195,-5.852061666548252,-5.229977130889893,-5.819006115198135,-7.525922905653715,-9.040767591446638,-4.527051091194153,-8.314260280691087,-9.540948934853077,-6.643103362061083,-8.927578568458557,-8.596275280695409,-7.621134862303734,-8.880735017359257,-9.192987769842148,-9.07036166312173,-5.779041528701782,-8.309526801109314,-8.202713638544083,-7.361314177513123,-4.803417444229126,-8.11922729946673,-9.61007821559906,-3.824034035205841,-3.9400562793016434,0.35536909103393555,-1.1277611255645752,1.2981295585632324,-0.5231971740722656,-5.667274333536625,-3.315755009651184,-7.963074775645509,-9.191227480769157,0.0,-4.53943894430995,-5.312045335769653,0.35083937644958496,-4.52558434009552,0.0,-5.916117025539279,-8.222994259558618,-8.043232191354036,-7.213077876716852,-7.54740446805954,-5.617212060838938,0.0,-6.546695187687874,-5.52416618168354,-5.687363773584366,0.0,-4.7433910220861435,1.2570509910583496,1.0966639518737793,-5.252174258232117,-3.7111315727233887,-4.249079465866089,-6.129980266094208,-9.054483093321323,-3.9991202354431152,-5.9519218020141125,-7.605461984872818,-3.5601540468633175,-0.9834694862365723,0.0,-10.534575454890728,-6.594544563442469,-7.716014176607132,-1.5138864517211914,-4.828430533409119,-9.470486517995596,-4.377480283379555,-5.145656567066908,-1.6815438270568848,-6.629691407084465,-4.954991742968559,-10.427170053124428,-8.899986062198877,-9.613118587993085,-3.2866487577557564,-9.269258272834122,0.443759024143219,-5.720125608146191,-10.451987389475107,-7.382073491811752,-7.355028882622719,-9.573459481820464,-11.564989186590537,-7.8458350002765656,-10.772429576143622,-7.3498911410570145,-11.138154532760382,-10.378708560019732,-8.91962315607816,-7.837228566408157,0.0,-0.2980499267578125,-0.48191988468170166,1.0906057357788086,0.5188877582550049,-0.3965301513671875,-0.29389262199401855,-0.34803247451782227,-2.067857265472412,-0.42023515701293945,-0.12981009483337402,-0.6713495254516602,-0.804755687713623,-1.5819201469421387,-4.510635405778885,-7.619722157716751,-3.5954408645629883,-7.194045126903802,-7.649156779050827,-3.250552721321583,-7.605703304987401,-8.740429766476154,-3.9317209124565125,-10.170878255739808,-7.868901316076517,-10.514281487558037,-9.067979435436428
S,-0.09753799438476562,0.5415973663330078,-0.4735572338104248,0.07451033592224121,-1.245529055595398,0.0,-5.569193281233311,-2.7508890628814697,-5.6486712992191315,-4.56196416541934,-8.358053129166365,-6.595777630805969,-6.015570915304124,0.0,-8.435257674194872,-1.846564769744873,-8.843201588373631,0.0,-9.105098344385624,-4.909104198217392,-8.051806021947414,-0.41167449951171875,-6.39436948299408,0.0,-6.166930556297302,-2.8306057453155518,0.0,-7.941189169883728,0.0,0.0,3.4510769844055176,1.6056098937988281,1.1856694221496582,1.63572359085083,-4.23327050358057,-0.5284315347671509,-8.868529411265627,-7.621310278773308,-7.934991059824824,-9.462681513279676,0.0,-2.972142219543457,0.0,-4.789274215698242,-5.432268930599093,-8.257400921545923,-8.446727979928255,-6.84175905957818,-8.554533660411835,-3.8710517920553684,-4.680491328239441,-3.6105300933122635,-4.371318891644478,-3.1008431017398834,-1.2199167609214783,0.0,3.0483486652374268,3.714863896369934,-3.407901167869568,-0.5771217346191406,-1.4834768772125244,-1.245736539363861,-3.4038151875138283,-1.728775978088379,0.0,-8.601285845041275,-6.576119270175695,0.0,-5.139637030661106,-7.850887767970562,-3.9731527902185917,-7.694257527589798,1.4746356010437012,-5.516766428947449,-7.199148532003164,-3.9451792389154434,0.0,-5.300322413444519,-3.889398619532585,-8.720836088061333,-6.319287076592445,0.0,-9.673459469340742,-7.028284080326557,-9.433788073249161,-0.9560513496398926,0.0,-10.639362458139658,-4.834744542837143,-2.260169044137001,-9.950837945565581,-10.286367513006553,-4.883945256471634,-6.680946936830878,-7.287641480565071,-7.681865718215704,-7.164332110434771,-7.443617601878941,-4.473321706056595,-4.19592822343111,0.0,-0.2344808578491211,1.8704242706298828,1.6082987785339355,0.20322275161743164,0.4599127769470215,0.1822509765625,-1.3402698040008545,0.5004777908325195,0.4253833293914795,0.48562026023864746,-0.3503115177154541,-0.282912015914917,-3.978681594133377,-6.686316281557083,-1.362755298614502,-7.785597861278802,-6.615227431058884,-6.53766281157732,-7.391522358637303,-5.280744440853596,-5.212015330791473,-9.179076040163636,-4.035850111395121,-10.258677697274834,0.0
T,-0.2314910888671875,0.40660619735717773,-0.6651849746704102,-0.06418108940124512,-1.4399389028549194,-2.781257390975952,-6.374524988234043,-3.26253604888916,-6.713042885065079,-6.376496445387602,-7.643721502274275,-3.3157793283462524,-7.502902305684984,-5.8517599776387215,-9.08733153436333,0.0,-10.743331860285252,-5.047470197081566,-10.841598130762577,0.0,-11.539249945897609,0.8938202857971191,-5.855057120323181,-3.894982248544693,-7.9364622831344604,-5.56039023399353,-5.321753391996026,-6.8369163274765015,-3.5032394528388977,-3.5371474772691727,1.491184949874878,-0.9610698223114014,-0.08649015426635742,0.16461610794067383,-6.241550303995609,-2.009682774543762,-11.140875907847658,-5.708143278956413,-9.734571633860469,-9.368725519627333,-3.6874277591705322,-3.0272068977355957,-4.334634900093079,-3.4619317054748535,-7.832705331966281,-9.315161160193384,-7.326053846627474,-8.827529285103083,-8.275985419750214,-6.715133909136057,-5.833369135856628,0.0,-5.183297708630562,-3.816883474588394,-2.523981034755707,-4.0578822940588,2.4781625270843506,3.199283719062805,-2.4930542707443237,-0.9882705211639404,-3.083744764328003,-2.213725984096527,-4.108898319303989,-2.735107898712158,-5.112707000225782,-6.35721293091774,-4.659601058810949,-2.1534175872802734,-7.255441702902317,-6.536150924861431,0.0,-5.619959622621536,3.3473387211561203,-5.5044931173324585,-7.735165949910879,0.0,-4.768827419728041,-3.719018340110779,-4.418770596385002,-8.297495290637016,-9.381610170006752,-6.7567088939249516,-11.418489872477949,-7.027184970676899,-10.606920969672501,-2.0541226863861084,-4.546678952872753,-9.135703209787607,0.0,-3.7896895557641983,-9.404829835519195,-10.973595715826377,0.0,-5.641343226656318,-4.006465390324593,-10.260844733566046,-10.72074480727315,-11.710022707469761,-3.3410744965076447,-3.666426546871662,-1.5970649719238281,-1.4053531885147095,0.9772586822509766,0.48946619033813477,0.0,0.22017335891723633,0.4208803176879883,-1.706289291381836,-0.045055389404296875,0.1971595287322998,-0.1263899803161621,-0.6060762405395508,-1.283052921295166,-4.434991866350174,-6.798461228609085,-1.7252798080444336,-9.82058483408764,-10.353616923093796,-6.603689976036549,-10.473441551905125,0.0,-3.0271286368370056,-7.543033922091126,0.0,-9.446188187692314,-6.00877199601382
V,0.0,0.6551082134246826,-0.4024195671081543,0.14284443855285645,-0.9733928442001343,-2.222311496734619,-6.065090574324131,-4.186739444732666,-5.714700847864151,-5.180231224745512,0.0,-7.929752945899963,-10.466191089712083,-8.998384542763233,-9.651721716858447,-9.65080988407135,-6.500368069391698,-8.702777966856956,-6.86930999904871,-7.915137141942978,-11.029666472692043,-2.2755088806152344,1.076445072889328,-8.851386696100235,-7.541847109794617,-4.662914037704468,-9.158177265897393,0.0,-7.485421001911163,-7.325199082493782,-1.6473965644836426,-2.228649854660034,0.7748403549194336,0.0,-6.2025211825966835,-0.362618088722229,-10.443675132701173,-3.5884485691785812,-11.045308290049434,-9.56403325125575,-7.190489053726196,2.150742828845978,-5.673426270484924,-5.178859233856201,-7.475494218990207,-5.937616757117212,-6.473230589181185,-7.5684040524065495,-3.6013965010643005,-6.256315473467112,-7.13125216960907,-4.401669457554817,-5.6206537038087845,-6.455015808343887,-5.358302056789398,-6.885828480124474,-0.519904613494873,-0.24566888809204102,-5.074998736381531,-4.676782608032227,-4.464141130447388,-5.4485360980033875,-4.771918453276157,4.981060791760683,-8.914469104260206,0.0,-8.307992782443762,0.3542957305908203,-9.21524242311716,-2.511722080409527,-5.969096813350916,-1.7577829658985138,-2.4565534591674805,-3.486514449119568,-6.917982932180166,-5.93506695330143,-7.394049149006605,-7.880677580833435,-7.325399681925774,-7.988851949572563,-3.6844225078821182,-8.510540757328272,-6.2950834622606635,-8.014525420963764,-5.320619356818497,-5.584746837615967,-9.018320493400097,0.0,-8.676364034414291,-7.939287438988686,-7.157208299264312,-8.5054980290588,-7.7370345890522,-5.344899287447333,0.0,-10.33567288145423,-9.854861933737993,-10.607874651439488,-2.151260882616043,-6.403452999889851,-0.5519461631774902,-2.0573054552078247,0.37345266342163086,0.073944091796875,-0.0965731143951416,0.0,1.0607142448425293,-1.260202169418335,0.0,0.2976672649383545,0.0,-0.0911405086517334,-0.44849705696105957,-4.134520560503006,-6.396675854921341,0.7892558574676514,-8.757563174236566,-7.8163706958293915,-8.194577522575855,-7.676032971125096,-6.681756861507893,-4.220799148082733,0.0,-7.112857881933451,0.0,-9.649952511303127
W,-1.500056266784668,-0.9725532531738281,-2.0419139862060547,-1.5658867359161377,-2.8341087102890015,0.726356565952301,-7.159907259047031,-7.210350513458252,-7.725237041711807,-8.692955147475004,-9.982820432633162,-9.491061806678772,-12.382193363271654,-8.87862402945757,-10.941459418274462,-12.052215218544006,-10.297718952875584,-9.884084805846214,-9.865669824182987,-13.233388274908066,-9.107751418370754,-9.7629234790802,-8.735513091087341,-8.755247741937637,-10.5699223279953,-8.396055936813354,-8.695821652188897,-11.118631720542908,-8.758271515369415,-8.78658290207386,-4.729635715484619,-2.713979959487915,6.324215304106474,-0.48272132873535156,0.0,0.8871488571166992,0.0,-11.576617762446404,-8.173646150156856,-10.299230318516493,-9.288825273513794,-6.400336742401123,-7.221959233283997,-5.973391532897949,-9.3522260915488,-9.103713444434106,-12.058754194527864,0.0,-9.37946766614914,-9.471752408891916,-6.815518736839294,-8.942024186253548,-6.805215910077095,-6.8343802988529205,-6.045828282833099,-7.352987751364708,-2.0497803688049316,0.0,-5.560350298881531,-5.786128044128418,-6.472112417221069,-7.564643561840057,-9.473878540098667,-5.972386837005615,-9.504186015576124,-10.052347093820572,-11.133136596530676,-4.3332037925720215,-7.837122477591038,-11.277008049190044,-11.040523681789637,-10.823483258485794,-6.084878921508789,-10.360582709312439,-12.775287505239248,-11.118364587426186,-8.812622051686049,-8.924145102500916,-11.244050785899162,-9.045195028185844,-9.065025582909584,-8.997390542179346,-10.181376873515546,-8.189023979008198,-9.548056376166642,-7.647881507873535,-9.65926592797041,-11.395925644785166,-12.206807225942612,-10.373934999108315,-11.621249055489898,-14.205770589178428,-13.095794469118118,-12.523500552400947,-10.251645043492317,-10.213673140853643,-8.952542025595903,-8.969307680614293,-8.638382703065872,-6.4792138412594795,-1.9675102233886719,-1.9653135538101196,0.5931034088134766,1.0188391208648682,-0.649254322052002,-0.7820520401000977,-0.5867624282836914,-2.119767665863037,-0.7365527153015137,0.38314366340637207,2.025212287902832,0.01978588104248047,0.8214766979217529,-1.6025858223438263,-7.461856633424759,-2.7940478324890137,0.0,-9.079708307981491,-8.86376316100359,-9.765932511072606,-12.425165064632893,-6.855578601360321,-11.70970424450934,-12.457011763006449,-11.410387253854424,-10.179883579723537
Y,-0.9076688289642334,-0.2993807792663574,-1.298001766204834,-1.0434486865997314,-2.1099265813827515,-3.2246949672698975,-7.2266611233353615,-6.528964042663574,-8.667115360498428,-10.23063100501895,-11.450696866959333,-8.717977166175842,-12.01887587364763,-7.580761022865772,-10.374370337463915,-10.901838898658752,-12.543604801874608,-8.159504994750023,-11.691224671900272,-11.06904348731041,-8.82298617484048,-9.348340272903442,-7.361883521080017,-3.8221448957920074,-10.056511759757996,-3.6472980976104736,-7.337941059842706,-9.66955029964447,-6.913022339344025,-6.549715951085091,0.0,2.498034417629242,1.9543843269348145,0.2568941116333008,-5.205073691904545,-2.1031709909439087,-8.917076202342287,-9.159961268305779,-10.045076547190547,-9.410713892430067,-5.714314699172974,-4.5675201416015625,-6.64274799823761,-7.16981315612793,-10.836265398189425,-10.730154446326196,-10.364403951913118,-5.33545384183526,-9.66319054365158,-9.886622671037912,-7.1275633573532104,-5.488790467381477,0.0,0.0,-4.616707742214203,-5.820856556296349,0.8607208728790283,1.5515170097351074,0.0,-0.583226203918457,-2.0780956745147705,0.0,-6.418047107756138,-3.994950771331787,-8.897372584789991,-9.21471682190895,-10.754310455173254,-4.226974010467529,-8.252749480307102,-10.364948265254498,-9.9166318513453,-10.332948476076126,-3.203718662261963,-10.14840829372406,-6.971432086080313,-8.573186174035072,-6.81815717741847,-9.827802062034607,-5.147415444254875,-8.522232457995415,-6.170846715569496,-6.490377698093653,-11.529405056498945,-7.775068290531635,-10.976344835944474,-4.691252708435059,-7.35270731896162,-12.561942223459482,-10.820529073476791,-9.343267694115639,-11.133689736947417,-9.174410916632041,-11.42592504620552,-12.555023303255439,-11.170698121190071,0.0,0.0,-8.304498453624547,-8.057075291872025,-7.846209175884724,-1.1995348930358887,-0.7204405069351196,2.755818247795105,2.4919958114624023,0.7372004985809326,0.23749995231628418,0.09746360778808594,-0.5605149269104004,0.840665340423584,0.7498941421508789,1.8551323413848877,1.045238733291626,2.867718905210495,-3.0845127403736115,-5.19783142209053,2.9012768268585205,-7.772164404857904,-10.99652311205864,-7.949889488518238,-11.324734162073582,-11.111425288021564,-8.26264637708664,-10.95458778180182,-10.592744413763285,-11.852752900216728,-8.401644329540431
