,1,2,3,4,5,6,7,8,9,10,11,12,13,14,15,16,17,18,19,20,21,22,23,24,25,26,27,28,29,30,31,32,33,34,35,36,37,38,39,40,41,42,43,44,45,46,47,48,49,50,51,52,53,54,55,56,57,58,59,60,61,62,63,64,65,66,67,68,69,70,71,72,73,74,75,76,77,78,79,80,81,82,83,84,85,86,87,88,89,90,91,92,93,94,95,96,97,98,99,100,101,102,103,104,105,106,107,108,109,110,111,112,113,114,115,116,117,118,119,120,121,122,123,124,125,126,127
A,-2.709349751472473,-2.598409190773964,-5.977457046508789,-8.290296422317624,-4.043212950229645,-5.937062829732895,-5.766824960708618,-4.7189087718725204,0.0,-5.124819964170456,-6.648438513278961,-4.496098697185516,-5.24320712685585,-4.319521032273769,-5.36114427447319,0.0,-4.6905113607645035,-4.51790614426136,-8.294218212366104,-5.469044268131256,-4.061921156942844,-7.793128851801157,-5.230043180286884,0.0,-5.569591350853443,-7.225452375598252,-6.59996223449707,2.5470004081726074,-8.074567630887032,-4.807712286710739,-3.6859042048454285,-6.8175316378474236,-0.9148373603820801,-5.18216609954834,-1.562476396560669,-10.614976610522717,-6.386261984705925,-7.916187047958374,-9.02582248300314,0.0,-4.864652764052153,-5.5749694630503654,-5.935948967933655,-4.647456619888544,-9.257818005979061,-7.543183445930481,-9.573974559083581,-3.8936398029327393,-1.0364274382591248,-1.7602930068969727,-5.026311010122299,-3.6625070571899414,0.2342228889465332,-0.9107232093811035,-1.615457534790039,-4.641762018203735,-0.46637439727783203,-4.337852284312248,-2.8669557571411133,-11.454199546482414,0.0,-4.0820683389902115,-4.174271911382675,-5.731728732585907,-5.630062997341156,-8.167214199900627,-4.263852000236511,-0.9417061805725098,-3.3568922132253647,-2.6536712646484375,-3.908854231238365,1.55707848072052,-6.200859010219574,-2.493574798107147,-2.258322760462761,-2.1511270999908447,-2.001098155975342,-5.091760650277138,4.288024947047234,-8.28090612590313,-6.981548935174942,-7.0412963926792145,-6.8031845688819885,0.8564910888671875,0.15428400039672852,-7.639145337045193,1.2248764038085938,-1.4362526535987854,-2.1758902072906494,-7.796284012496471,-3.8341755717992783,0.0,-4.631856977939606,-11.811571697238833,-10.272612683475018,-9.038766853511333,0.0,-5.078775450587273,-2.696569502353668,-1.1715012788772583,0.44568705558776855,0.3783571720123291,-0.7380502223968506,0.0,-0.006215095520019531,0.7580418586730957,-1.580812692642212,0.9447352886199951,-0.17611145973205566,-0.1714613437652588,0.3673439025878906,-0.7186770439147949,-1.172088861465454,0.06869053840637207,-5.205497294664383,0.7109184265136719,-5.542303308844566,-5.778394578024745,-2.5400819182395935,-6.905657640658319,-3.7527248077094555,-0.028853654861450195,-5.329847261309624,-4.618257135152817,-4.7514050751924515,-3.7441993355751038,-0.30859375
C,-6.007583737373352,-6.413413301110268,-9.634288311004639,-9.371050702407956,-9.016484797000885,-10.999190896749496,-7.626405954360962,-9.172718033194542,-8.002334713935852,-9.988899439573288,-9.934760630130768,-7.026340663433075,-9.373647838830948,-10.602213464677334,-9.491008967161179,-6.541083812713623,-6.5820471197366714,-10.262186482548714,-9.732166439294815,-8.92153936624527,-7.577340640127659,0.0,-11.45981765538454,-5.266426205635071,-10.363835640251637,-8.956973028369248,-5.0511932373046875,-4.115073204040527,-8.296785190701485,-9.212775439023972,-7.2004424929618835,-6.291091971099377,-3.3444576263427734,-6.896976947784424,-3.3520448207855225,-6.494032110553235,-11.117661520838737,-5.190191030502319,-10.00608428567648,-8.245969831943512,-11.150312554091215,-7.590431861579418,-8.417286038398743,-7.709644291549921,-9.55916192382574,-10.415188908576965,-6.556631037965417,-7.323700189590454,-3.8214632868766785,-3.7390761375427246,-6.3002773225307465,-5.202518463134766,-4.782560348510742,-5.536925792694092,-5.769937992095947,-7.795397043228149,-4.003671646118164,-8.099747464060783,-4.847812652587891,-9.546185248997062,-6.361524820327759,-10.583038702607155,-9.516995757818222,-8.0794398188591,-9.839281499385834,-9.682968899607658,-5.756626486778259,-5.8519065380096436,-8.69144855439663,-6.371365547180176,-8.867267355322838,-3.0353989601135254,-9.457571923732758,-8.885120570659637,-8.991484686732292,-7.096158742904663,-2.94242000579834,-10.483325973153114,-3.981808662414551,-6.543024942278862,-7.618564277887344,-11.518031030893326,-6.1582518219947815,-2.5346293449401855,-2.6589841842651367,-11.017350636422634,-3.120575428009033,-7.634556829929352,-8.400933027267456,-9.778417877852917,-9.020136579871178,-6.012177437543869,-7.977396070957184,-7.010106185916811,-5.734951131045818,0.0,-5.663246877491474,-4.988990351557732,-5.316922962665558,-3.6545273065567017,-1.865816354751587,-0.15038013458251953,-2.3759334087371826,-0.9814610481262207,-1.5768375396728516,0.6758313179016113,-1.6016809940338135,1.072669506072998,-1.5864346027374268,-1.2433156967163086,-1.2124385833740234,-1.8830070495605469,-1.4887855052947998,-1.0136394500732422,-5.8569126427173615,-0.6117444038391113,-5.55723212659359,-6.763562558218837,-7.274681985378265,-8.13132845517248,-8.363323610275984,-4.207093715667725,-8.324510499835014,-6.803942769765854,-7.029014423489571,-4.263352930545807,-4.859535574913025
D,-2.0405193567276,-5.097678914666176,-7.149421691894531,-10.923581944778562,-5.622549593448639,-7.653444856405258,-7.787179231643677,-3.8658113330602646,-4.263278126716614,-2.846159905195236,-8.738004267215729,-8.167968928813934,-6.792088657617569,-8.71793707460165,-2.252385586500168,-0.6924128532409668,-7.46785081923008,-11.092946484684944,-10.042078167200089,-11.789918005466461,-9.453241862356663,-8.285927657037973,-11.8519342020154,-7.4163066148757935,-7.237006016075611,-5.9745501996949315,-5.681735992431641,2.476522922515869,-10.48718436062336,-4.664793223142624,-2.257504880428314,-7.068250708281994,-1.740159511566162,-8.346936702728271,-2.092987298965454,-11.684830393176526,-8.994934126734734,-10.4284188747406,-10.08847888559103,-6.204495966434479,-9.66193975135684,-4.3674852177500725,-6.999968647956848,-5.89198586717248,-12.50060822814703,-5.782753109931946,-10.249059626832604,-6.796757936477661,-5.852606952190399,-2.232407808303833,-8.096455663442612,-1.9148166179656982,-2.63230562210083,-0.7358946800231934,-1.8584208488464355,-4.660795450210571,-0.8443994522094727,-8.568061634898186,-2.1158857345581055,-9.720773452427238,-2.165522813796997,-4.057269468903542,-5.309711784124374,-8.364398658275604,-7.551882207393646,-2.3767862766981125,-3.1274951696395874,-9.586625814437866,-6.185861453413963,-8.243017196655273,-7.871444448828697,-3.7849349975585938,0.0,-5.539444625377655,-4.824715659022331,-5.295466184616089,0.5048975944519043,-7.908274665474892,-3.470764636993408,-7.76130573451519,-11.77784314751625,-3.5601657927036285,-10.365188181400299,0.6924095153808594,1.9525377750396729,-11.777626477181911,2.0334908962249756,-5.654952108860016,0.0,0.0,-8.203009352087975,-4.841635674238205,-7.3332043290138245,-9.501559833530337,-8.468183629214764,-9.217941276729107,-6.981494672596455,-8.845599219202995,0.0,-0.4064871072769165,-0.5478098392486572,-0.5841670036315918,-1.5162756443023682,-0.1458282470703125,-0.3124680519104004,0.7061891555786133,-1.8457224369049072,0.18772053718566895,-0.7520115375518799,-0.54982590675354,-0.36097288131713867,-1.2877368927001953,-1.7281901836395264,-0.7840065956115723,0.0,-1.199303150177002,-6.254085764288902,-6.68967997841537,-5.169091165065765,-7.69077383633703,-9.03195421025157,-4.000908374786377,-10.043509408831596,-7.376812547445297,-7.794462516903877,-4.802847445011139,-1.5880955457687378
E,0.5276978015899658,-4.313549771904945,-4.443092346191406,-9.730763303115964,-2.6528308987617493,-1.6968006789684296,-8.220403909683228,-1.956439957022667,-3.4651304483413696,0.0,-6.710825502872467,-4.328641593456268,-4.350665718317032,-6.975547395646572,-2.486690014600754,0.39920949935913086,-8.68635381758213,-8.766275838017464,-7.803585201501846,-10.965852797031403,-8.860095538198948,-8.792426947504282,-9.251155622303486,-7.36872398853302,-8.224834747612476,-7.487279844470322,-8.162421226501465,0.17222261428833008,-10.673788860440254,-7.667250841856003,-4.997761905193329,-9.003828100860119,-3.149651527404785,-7.385721683502197,-3.673513174057007,-11.496684755664319,-8.218119665980339,-8.339812994003296,-5.765395008027554,-5.135962069034576,-8.73626722022891,-5.482768230140209,-3.0905309915542603,-5.90187070146203,-10.94738271087408,0.0,-10.950129458680749,-5.6987998485565186,-6.2473103404045105,-2.216343879699707,-7.582998842000961,-4.752625465393066,-2.492030620574951,-3.191952705383301,-3.258025646209717,-5.745350122451782,-1.8973627090454102,-8.608332440257072,-3.6878271102905273,-11.810009711887687,-3.8604109287261963,-3.9794615656137466,-4.0499065816402435,-8.896545112133026,-3.4237233996391296,-5.5326841324567795,-3.7292975187301636,-8.130846738815308,-5.596880301833153,-6.442575454711914,-8.1952855437994,-3.194051742553711,-4.200685918331146,-6.415741145610809,-6.176140829920769,-4.708113431930542,-3.4399571418762207,-3.5172872692346573,-1.6944961547851562,-7.993469640612602,-10.069090515375137,0.0,-11.775893747806549,-1.3683676719665527,-1.1937928199768066,-10.682116948068142,1.0779805183410645,-4.3271313309669495,3.653228309005499,-3.1100588366389275,-7.6144449561834335,-6.854378670454025,-6.679474413394928,-13.021087268833071,-11.014296643435955,-10.635412208735943,-6.317914254963398,-6.685818716883659,-1.7294242978096008,-1.9770828485488892,-0.5379989147186279,-1.1947393417358398,-1.4410221576690674,-0.407076358795166,-0.9059326648712158,0.33267879486083984,-2.0316033363342285,0.0,-0.510026216506958,-0.7872025966644287,-0.4060032367706299,-1.6194190979003906,-1.9456515312194824,-1.0272488594055176,-4.99216416478157,-0.3386039733886719,-6.273229345679283,-6.374282715842128,-0.9724807143211365,-7.2535685217007995,-8.680254381150007,-0.6079065799713135,-8.777314111590385,-6.034494489431381,-6.058196380734444,-3.93263441324234,-0.9360932111740112
F,-6.828439354896545,-5.233873143792152,-7.9464335441589355,-5.627166615799069,-4.778077185153961,-9.236116021871567,-4.556424379348755,-9.38579748570919,-8.871676564216614,-11.15357419848442,-6.439217627048492,-8.09566992521286,-8.557101398706436,-8.625767312943935,-8.162920206785202,-7.012009143829346,-5.241543427109718,-5.832944348454475,-10.833751827478409,-3.2124930024147034,-6.370222605764866,-5.342176798731089,-11.609049566090107,-6.4435282945632935,-4.8975685313344,-12.342528295703232,-0.6430578231811523,-2.6498098373413086,0.0,-7.6057150065898895,-5.6987335085868835,-4.229878477752209,-2.050628185272217,-4.685568809509277,-3.4204909801483154,-6.575801576953381,-7.799649283289909,-8.767359495162964,-10.66779788583517,-6.707370817661285,-9.186114441603422,-10.889167003333569,-9.258042454719543,-10.533058617264032,-4.872160218656063,-9.497182965278625,-5.083475539460778,-3.717273473739624,-7.369037330150604,-1.8277628421783447,-3.939396947622299,-4.095034599304199,-2.41257905960083,-4.111562252044678,-4.914590835571289,-7.317077875137329,-2.487621784210205,-8.341747090220451,-3.529587745666504,-5.456623786594719,-5.899729013442993,-11.152475729584694,-10.278992980718613,0.0,-10.665510594844818,-12.227076336741447,-6.211681246757507,-4.361790418624878,-6.743571147322655,-2.222564220428467,-7.08622382581234,-4.621456146240234,-9.598789155483246,-7.64356917142868,-7.640971228480339,-4.898494482040405,-3.4348044395446777,-9.60676957666874,-2.757996082305908,-3.079413339495659,-4.915366321802139,-10.657977968454361,-2.7332034707069397,0.22937583923339844,-1.833885669708252,-7.477141343057156,-3.4402976036071777,-8.366792738437653,-9.663126707077026,-9.751593880355358,-6.722265467047691,-7.7730874717235565,-4.619066774845123,-6.063838104251772,-3.3154126331210136,-7.952066890895367,-8.417890317738056,-8.453607603907585,-6.297903835773468,-0.9344955682754517,-1.2687480449676514,0.580864429473877,-1.4601497650146484,1.1153266429901123,-0.7499575614929199,0.0,-2.083756923675537,1.203566074371338,-0.8084313869476318,-0.04246044158935547,0.19949841499328613,0.024854183197021484,-1.076061487197876,0.0,-5.491351634263992,1.2302191257476807,-2.943895325064659,-9.30784117989242,-7.157956063747406,-10.288743845187128,-8.55331651493907,-2.913034439086914,-6.541869089007378,-6.3987084329128265,-6.008529499173164,-5.248300135135651,-6.140653491020203
G,-4.0533000230789185,-5.990968480706215,-5.925385475158691,-10.744761334732175,-6.434311926364899,-7.4080444276332855,-7.567241907119751,0.0,-1.1006512641906738,-4.532619684934616,-9.742238581180573,-5.652747809886932,-6.0746943056583405,-9.704311929643154,0.0,0.21973562240600586,-6.697955742478371,-7.447118237614632,-7.867166668176651,-9.289375364780426,-6.214937724173069,-6.382719878107309,-8.459676511585712,-1.9356480836868286,-5.8163879588246346,0.0,-7.382883071899414,1.047269344329834,-8.949450328946114,-4.863918513059616,-3.1239094138145447,-7.163975767791271,0.0,-7.407312870025635,-2.264270067214966,-8.062617983203381,-9.895412489771843,-7.071927785873413,-9.711873851716518,-4.693521559238434,-9.83500875160098,0.0,-5.041059136390686,0.0,-11.394347928464413,-8.470155835151672,-8.471237132325768,-7.510817766189575,0.0,-1.8729987144470215,-6.6855736672878265,-3.2726383209228516,-0.555269718170166,0.5837324857711792,-0.12662196159362793,0.0,-0.5098481178283691,-7.1269624680280685,-2.490203380584717,-12.69688963284716,-2.2189905643463135,-5.269106760621071,-4.76302894949913,-9.579414069652557,-5.647190034389496,0.0,-4.224360823631287,-4.765265226364136,-5.735012397170067,-4.934997081756592,-6.79381488263607,-1.7478127479553223,-6.125613152980804,-5.313280761241913,-3.510858580470085,-3.814075231552124,-1.197432518005371,-9.17706586420536,0.0,-11.01615945994854,-10.24883046746254,-7.6327365934848785,-6.422783434391022,0.9205632209777832,2.1713109016418457,-12.007838688790798,0.30107927322387695,-5.051294386386871,-2.3987514972686768,-8.032765679061413,-8.07873509824276,-2.194235771894455,-7.621257841587067,-12.241807559970766,-10.98084270209074,-6.902812473475933,-4.783112771809101,-5.264030501246452,-3.0801010727882385,-0.7732182741165161,1.014999270439148,1.3669573068618774,0.0,1.276944637298584,1.1382033824920654,2.03970730304718,0.0,2.2747738361358643,0.900037407875061,1.2145116329193115,0.7901833057403564,0.0,0.0,0.036902427673339844,-4.661275893449783,-0.7157802581787109,-4.429940924048424,0.0,-3.1062857508659363,0.0,-8.031628053635359,-3.551962375640869,-8.082733079791069,-6.42580184340477,-6.537962272763252,-3.0628607869148254,-0.422046422958374
H,-4.3136454820632935,-6.918434873223305,-4.683980464935303,-8.481206761673093,-4.6932016015052795,-5.392459481954575,-9.317487955093384,-8.308998093008995,-8.26718533039093,-9.998514384031296,-8.86741977930069,-6.112169444561005,-5.42462745308876,-7.454954229295254,-7.971003741025925,-6.579769611358643,-7.846315518021584,-6.532063916325569,-7.5525199472904205,-9.610608160495758,-8.871852435171604,-8.349484328180552,-7.520271547138691,-8.637481331825256,-6.881018944084644,-10.712211561389267,-4.2329912185668945,-1.172220230102539,-8.73143370449543,-7.320721358060837,-4.77580326795578,-5.004798464477062,-2.3047380447387695,-7.458466053009033,3.7510237246751785,-9.663400377612561,-10.678069159388542,-3.562042474746704,-5.811178050935268,-5.662874281406403,-7.313468109816313,-7.5676500126719475,-3.4482418298721313,-7.978112671524286,-8.097862981259823,-7.423057675361633,-8.627800891175866,-6.472543001174927,-7.192428767681122,-2.113931894302368,-6.645903676748276,-3.241738796234131,-0.9942708015441895,-3.3213815689086914,-4.11875057220459,-6.408533334732056,-0.6990518569946289,-9.20614604651928,-2.234332799911499,-6.795144313480705,-5.09806752204895,-6.291625872254372,-7.173036903142929,-5.648870646953583,-6.204375684261322,-7.490241810679436,-3.593122363090515,-10.390931844711304,-7.421743258833885,-7.440279006958008,-7.7482902854681015,-3.870321750640869,-7.304512917995453,-6.854210555553436,-7.979546591639519,-5.678594350814819,-1.148630142211914,-9.519627586007118,-5.248727798461914,-3.582803174853325,-8.104146629571915,-5.7407640516757965,-9.033200800418854,0.26889610290527344,0.12690496444702148,-10.400459729135036,-1.71368408203125,-8.12685877084732,-5.962477445602417,-6.783451370894909,-9.25096295773983,-9.18569990992546,-6.3131003975868225,-6.059601882938296,-5.616445653140545,-9.073015205562115,-9.109886892139912,-6.0803361386060715,-2.927777588367462,-1.612117886543274,-0.7160179615020752,-0.09303760528564453,-1.8598482608795166,-0.20619869232177734,0.28440308570861816,0.10911369323730469,-2.3194990158081055,0.3038139343261719,-1.121466875076294,-0.5983371734619141,-0.27278614044189453,-1.4120383262634277,-2.11842942237854,0.14719009399414062,-5.9669332802295685,-0.7905945777893066,-6.0926244109869,-9.881143448874354,-4.909446656703949,-10.556479326449335,-9.903661172837019,-3.465625286102295,-11.287725374102592,-6.221737951040268,-8.225782707333565,-4.4464245438575745,-5.343677401542664
I,-4.699281334877014,-2.4275500923395157,-6.95759391784668,-4.694736825302243,-3.4817190766334534,-9.574759095907211,-7.434934854507446,-9.70011518895626,-7.8971768617630005,-9.43588849902153,-2.627549707889557,-4.5000039935112,-6.578868538141251,-6.436417184770107,-9.84271451830864,-4.223909378051758,-7.192280903458595,-4.170136407017708,-8.515871196985245,-0.2781720757484436,-5.5075250044465065,-8.341990355402231,-7.258374460041523,-4.3582645654678345,-7.027580566704273,-11.685754728503525,-4.573475360870361,2.286240577697754,-2.8741145879030228,-6.0181529223918915,-6.007600963115692,-7.380579046905041,-3.5806174278259277,0.0,-4.196315050125122,-9.65258666453883,-1.4762378185987473,-6.984685659408569,-8.421918712556362,-5.509022295475006,-9.091422211378813,-10.950399570167065,-6.48290741443634,-9.239444229751825,-5.088362000882626,-8.690991520881653,-9.07058329321444,0.3481253981590271,-5.210838496685028,-2.1628453731536865,0.0,-5.4808125495910645,-1.225785732269287,-4.211968898773193,-4.737451553344727,-7.696954011917114,-1.415236473083496,-3.019769474864006,-3.817295551300049,-9.77220987668261,-5.149690866470337,-9.844494238495827,-6.937717288732529,-5.422158896923065,-7.740782201290131,-11.987188145518303,-4.080752730369568,-1.7963197231292725,-4.226780280470848,1.149976670742035,-4.415501818060875,-1.1959271430969238,-8.306963860988617,-3.236073672771454,-7.1220255345106125,-2.615565061569214,-2.683840751647949,-5.740692630410194,-1.585524082183838,-6.803688928484917,-4.218420177698135,-7.250471979379654,-0.7139421105384827,-1.311582088470459,-2.4008049964904785,-6.314393006265163,-1.0029125213623047,-7.456622660160065,-7.425646543502808,-10.203796677291393,-5.095561251044273,-7.951933354139328,-2.2806935906410217,-9.639168361667544,-7.206429116427898,-10.835760109126568,-5.816768415272236,-6.35971836745739,-5.380718529224396,-2.0818783044815063,0.21876263618469238,-0.24921417236328125,-1.5149285793304443,0.74625563621521,-0.33205461502075195,0.19708585739135742,-1.9238712787628174,0.7026305198669434,-0.526055097579956,-0.3689877986907959,0.0,-0.7534103393554688,-1.06911039352417,-0.2649388313293457,-5.197285205125809,2.636244773864746,-5.931319460272789,-7.617934105917811,-5.251151978969574,-9.694978586398065,-4.776953618973494,0.3661818504333496,-3.4829577654600143,-3.256338208913803,-3.268487051129341,-4.391921103000641,-5.8267210721969604
K,-2.627294659614563,-7.399616494774818,-3.0165717601776123,-10.346682416275144,-3.56595379114151,-6.511056035757065,-9.513500452041626,-6.27666948735714,-5.838737607002258,-8.200698107481003,-8.261515200138092,0.0,0.0,-9.494656167924404,-7.327554434537888,-5.79917573928833,-7.932781830430031,-10.627684071660042,0.0,-11.492282927036285,-8.218056239187717,-9.9517878331244,0.0,-7.674319863319397,-7.961065597832203,-9.7950410367921,-8.388532638549805,0.8017549514770508,-10.316984966397285,-6.687118738889694,-5.053026378154755,-8.532438330352306,-4.817235469818115,-6.780380725860596,-5.301303148269653,-11.720395769458264,-9.958138510584831,-1.2861170768737793,-3.0766726359725,-3.66924124956131,-8.237475525587797,-6.685946635901928,1.416425198316574,-5.116342518478632,-9.220089696347713,-6.5377117395401,-9.955614039674401,-6.708783388137817,-7.92385071516037,-2.6421637535095215,-5.571039289236069,-3.8663415908813477,-1.0826787948608398,-3.3209967613220215,-2.908374786376953,-4.722475290298462,0.6242713928222656,-5.779116913676262,-1.376110315322876,-12.024886840488762,-4.021012544631958,-4.446200743317604,0.0,-8.392620742321014,-1.6765698790550232,-7.631013676524162,-2.1971296072006226,-9.104429006576538,-5.981299266219139,-6.618478775024414,-5.773180708289146,0.8817262649536133,-8.350906312465668,-1.777044951915741,-6.823095366358757,-2.0296857357025146,-0.3150339126586914,-5.359364524483681,-3.382185459136963,-10.394682332873344,-8.881292968988419,-6.296804815530777,-10.10561329126358,-0.5727949142456055,-0.5503354072570801,-12.766454182565212,-1.0472207069396973,-7.402704298496246,-4.206212759017944,-9.444990448653698,-6.867276415228844,-9.056333988904953,-4.698742926120758,-13.870350460056216,-10.692590825259686,-10.20526122301817,-7.3634007051587105,-3.7719204872846603,-3.1268299221992493,-2.130393147468567,-0.9841973781585693,-1.0045652389526367,-1.4351234436035156,-0.42832279205322266,-1.1868038177490234,0.20253467559814453,-1.6741082668304443,3.814697265625e-06,-0.12428116798400879,-0.5582213401794434,0.53645920753479,-0.7173745632171631,-1.6099178791046143,-0.874199628829956,-6.211020976305008,0.15608644485473633,-5.321447595953941,-8.691051362082362,-0.5764672160148621,-8.801227441988885,-7.8172201327979565,-0.5122039318084717,-10.330586358904839,-4.406493276357651,-6.396999195218086,-3.2582722306251526,-2.764297366142273
L,-4.135773777961731,-3.4727513939142227,-4.848776340484619,0.0,-2.954510271549225,-5.754800885915756,-5.154303789138794,-7.873496040701866,-6.700353741645813,-8.252751559019089,-2.6458669304847717,-4.799720942974091,-5.636939197778702,-3.6841081008315086,-7.343926638364792,-4.802626609802246,-4.623352661728859,-1.507597878575325,-8.50093188881874,-0.5306411385536194,-6.451672591269016,-7.017907980829477,-8.05163837224245,-4.654262661933899,-4.721462078392506,-11.459276151843369,-4.0344367027282715,-1.1981239318847656,-2.460756853222847,-8.193047732114792,-5.614323794841766,-7.701603941619396,-3.719527244567871,-0.712388277053833,-3.5826189517974854,-7.200573171954602,-5.604882761836052,-5.853870153427124,-6.2912715300917625,-3.9628835320472717,-4.403980862349272,-9.728342227637768,-5.454401135444641,-8.953716728836298,0.0,-8.400330662727356,-5.683279940858483,-0.408949613571167,-6.036997973918915,-1.5132851600646973,-3.861325830221176,-5.364080429077148,-0.4554448127746582,-4.021981716156006,-3.950347423553467,-6.488006830215454,-1.7703728675842285,-6.907634541392326,-3.222102165222168,-8.957052940037102,-5.766498804092407,-7.43120039999485,-7.227644771337509,-0.8066477179527283,-6.074028432369232,-12.007981106638908,-3.099124312400818,-3.6141183376312256,-5.233365401625633,0.4316520690917969,-6.790783151984215,-2.140899658203125,-9.334636628627777,-5.081563651561737,-6.416767165064812,-3.9671390056610107,-3.5028672218322754,-7.0451769977808,-0.9703488349914551,-6.888486310839653,-1.1531801521778107,-6.444417387247086,0.0,-0.42333316802978516,-2.562720775604248,0.0,-1.1876740455627441,-5.588957369327545,-5.867865324020386,-9.015971474349499,-5.900955900549889,-7.886292904615402,-0.9387784600257874,-8.199111560825258,-6.203881375491619,-9.84306525439024,-5.937031991779804,-5.6508598774671555,-4.923882305622101,-1.9175430536270142,-0.2140216827392578,0.48212528228759766,-1.0456328392028809,1.301943302154541,-0.3226311206817627,0.3324861526489258,-1.3791882991790771,1.0914568901062012,-0.4437382221221924,0.0,0.616417407989502,-0.3366966247558594,-0.9514434337615967,-0.08704710006713867,-5.711735755205154,0.8169028759002686,-4.704102262854576,-8.36049353890121,-3.316647946834564,-9.649493089877069,-6.001860540360212,0.0,-3.6731809824705124,-5.596974939107895,-3.656714752316475,-3.8123016953468323,-3.9007004499435425
M,-2.236071228981018,-5.016002431511879,-5.945986270904541,-5.350792752578855,-4.769160807132721,-8.060057252645493,-9.546472787857056,-9.111124023795128,-8.056168675422668,-9.018375605344772,-3.618054687976837,-4.774853408336639,-5.06928363442421,-8.373181901872158,-7.4803487956523895,-4.077887535095215,-8.149161472916603,-5.0224494487047195,-7.478134304285049,-4.340066015720367,-7.312439002096653,-9.58036220446229,-7.690096624195576,-5.375207543373108,-8.512217827141285,-12.800325346179307,-6.093626499176025,-0.9745340347290039,-4.383511379361153,-8.29535886645317,-7.372137725353241,-9.24319463223219,-4.971368312835693,2.154639318585396,-5.249321222305298,-10.575728144031018,-5.892028853297234,-6.9801270961761475,-7.462893806397915,-5.496415674686432,-9.375640045851469,-10.966734103858471,-3.3138595819473267,-9.239642594009638,-3.8356502279639244,-8.924858212471008,-8.733367869630456,0.0,-6.863504588603973,-2.6656861305236816,-3.3348353803157806,-7.199094772338867,-3.5383052825927734,-5.742790222167969,-5.514999866485596,-8.096553087234497,-3.0966758728027344,-5.499163910746574,-4.801298141479492,-11.914294952061027,-7.025210618972778,-9.72452487051487,-6.425572246313095,-5.083275020122528,-6.828677594661713,-12.916795536875725,-5.041157603263855,-4.24875807762146,-5.560481891036034,0.0,-5.792120203375816,-1.2738947868347168,-10.919390618801117,-4.732006251811981,-8.14877800643444,-4.666141748428345,-4.608078479766846,-5.1237120777368546,-2.5316433906555176,-9.588222905993462,0.0,-8.314235597848892,-1.2813158631324768,-2.4840569496154785,-3.472263813018799,-3.9796509370207787,-1.8541321754455566,-7.443991720676422,-6.452498197555542,-9.689073853194714,-4.480002626776695,-8.243006199598312,-2.7556517720222473,-12.984365085605532,-9.701058499515057,-12.812969200313091,-6.247124440968037,-6.387867972254753,-6.3558695912361145,-3.404835343360901,-1.5032708644866943,-0.7130985260009766,-2.0643808841705322,0.4322037696838379,-1.6445608139038086,-1.0918011665344238,-2.9164469242095947,-0.9306118488311768,-1.3608219623565674,-1.5915803909301758,-0.8858866691589355,-2.0264511108398438,-2.383910894393921,-1.1618919372558594,-7.069186240434647,0.34349775314331055,-6.117896303534508,-9.185039399191737,-4.601918160915375,-10.735604158602655,-6.030661504715681,-0.9499716758728027,-4.924122735857964,-5.346144765615463,-5.392893150448799,-5.421593248844147,-5.852422595024109
N,-4.265604615211487,-6.857753053307533,-6.101468086242676,-10.304151402786374,-7.255666792392731,-9.467897027730942,-8.428720712661743,-7.410302147269249,-6.506549954414368,-8.168856829404831,-8.097889482975006,-5.615372836589813,-4.336325794458389,-8.951615892350674,-5.496874064207077,-4.4641432762146,-6.22755254805088,-9.64277882874012,-5.74956813454628,-11.522319853305817,-5.402726210653782,-10.12656581774354,-8.911020047962666,-7.504155278205872,-5.219883747398853,-6.674173307605088,-5.587318420410156,1.9299488067626953,-9.824203327298164,-2.92034313082695,-1.0765604376792908,-4.847770743072033,-3.9975695610046387,-5.560459613800049,1.254634141921997,-11.888723101001233,-8.433334395289421,-6.5092504024505615,-7.684085689485073,-5.840771734714508,-9.135624062269926,-4.5933105275034904,-3.3295623064041138,-6.273692104965448,-10.683387540280819,-7.6163517236709595,-9.156749675050378,-7.361088037490845,-6.741618812084198,-2.9777283668518066,-7.2858906686306,-0.20708346366882324,-2.2631163597106934,0.23402225971221924,0.0,-5.40381646156311,0.0,-6.273233696818352,0.0,-7.949401610996574,0.5886878371238708,-4.026626482605934,-2.8427716195583344,-7.475268542766571,-5.595575273036957,-3.0489898175001144,-4.313959002494812,-9.163941144943237,-6.59508453309536,-7.690476417541504,-4.3738138526678085,-3.8893918991088867,-4.630748689174652,-4.756684958934784,-5.403183028101921,-4.8546059131622314,4.6280147433280945,-6.396812930703163,-3.9991493225097656,-6.119307443499565,-9.33618226647377,-6.515555769205093,-8.371234476566315,4.769608974456787,4.4357035756111145,-14.12109800428152,1.7246553897857666,-6.676609098911285,-6.562601804733276,-6.900340847671032,-6.770904764533043,-7.48025318980217,-6.388489782810211,-9.68157825851813,-7.569226376712322,-8.979394905269146,-6.967500455677509,-6.79993300139904,-3.266057550907135,-1.22661554813385,-0.2973034381866455,0.21226811408996582,-1.1256506443023682,0.3386859893798828,-0.26178407669067383,0.7430243492126465,-1.8343493938446045,0.5830667018890381,-0.33655285835266113,-0.32413458824157715,0.11745834350585938,-0.4677755832672119,-0.8807659149169922,-0.07461714744567871,-3.7337208092212677,0.0,-5.841209635138512,-7.853298543021083,-4.568854749202728,-8.966359010897577,-7.666516225785017,-3.243649959564209,-10.26216022670269,-5.17400798201561,-8.747689560055733,-2.8184834122657776,-2.869714617729187
P,-6.788398385047913,-8.107009187340736,-7.583250999450684,-6.303707944229245,-7.408628523349762,-5.3404222428798676,-3.907021999359131,-5.907776340842247,-1.3548617362976074,-9.730707377195358,-9.158417284488678,-7.752729594707489,-6.4835197031497955,0.0,-8.275841921567917,-5.142637729644775,-4.362194195389748,-9.604019597172737,-9.215912014245987,-8.538393080234528,-8.278183497488499,-7.961540583521128,-10.66560722142458,-4.369753479957581,-7.751649685204029,-10.230788183398545,-8.544382095336914,0.0,-7.614127472043037,-6.1782858073711395,-5.388927638530731,-8.559776358306408,-3.9728894233703613,-7.513277530670166,-4.748255968093872,-10.769382204394788,-11.298588797450066,-7.38515830039978,-7.705462776124477,-2.1610777974128723,0.0,-10.011216334998608,-8.627300381660461,-6.4760756231844425,-5.037705205380917,-10.784277081489563,-10.31843371130526,-7.723074197769165,-6.868668735027313,-4.989713191986084,-9.146563619375229,-5.919938564300537,4.711061857640743,-3.392294406890869,-4.174273490905762,-5.658437013626099,-1.7462248802185059,-4.662040516734123,-5.144091606140137,-11.17500471463427,-5.319588899612427,-3.5458694845438004,-5.275618880987167,-8.520642936229706,-9.284574925899506,-9.256945416331291,-6.823564887046814,-7.033949613571167,-6.9340542405843735,-5.543230056762695,-6.643025621771812,-1.0592694282531738,-9.783237397670746,-4.096654117107391,-5.540838286280632,-5.18523383140564,-3.787087917327881,-10.899662032723427,-2.256167411804199,-10.319134160876274,-7.27620854973793,-9.123608499765396,-9.384897768497467,-1.0827412605285645,-0.5994524955749512,-6.458866082131863,-2.3983893394470215,-2.421521246433258,-6.165186643600464,-9.44213705509901,-7.698811754584312,-6.6110720336437225,-8.716383039951324,-11.68238220596686,-10.602008931338787,-10.054683677852154,-8.309068448841572,-7.716619059443474,-5.487918674945831,-2.983819603919983,-0.25394654273986816,-0.3584456443786621,-1.475649118423462,-0.5035948753356934,-0.3525867462158203,0.09275627136230469,-1.5229597091674805,0.5336759090423584,0.04276728630065918,-0.1421952247619629,0.6450374126434326,-0.10456991195678711,-1.597337007522583,-0.9889020919799805,-5.460253268480301,-0.9859352111816406,-5.7503397315740585,-9.983528016135097,-2.845605790615082,-9.680657259188592,-6.779938619583845,-1.2326693534851074,-9.318100854754448,-6.877636045217514,-5.509817436337471,-4.335738718509674,0.2855701446533203
Q,0.0,-5.150682702660561,0.0,-7.018823968246579,-1.4010785222053528,0.0,-9.03853726387024,-5.252802833914757,-6.2015300989151,-6.52725812792778,-7.029293596744537,-2.979129731655121,-2.111874967813492,-5.642313562333584,-7.326340883970261,-2.1962432861328125,-7.682456627488136,-6.604181244969368,-5.212996631860733,-9.397480070590973,-7.176387824118137,-9.38141429796815,-5.128432996571064,-8.571488976478577,-7.1375244334340096,-8.99463934917003,-7.575586318969727,0.8384180068969727,-9.046688869595528,-6.256627291440964,-5.23401802778244,-8.017243437469006,-3.3644943237304688,-5.939453601837158,0.19124770164489746,-9.89844962535426,-9.499522253870964,-3.53545880317688,0.0,-4.241905748844147,-5.934280049055815,-7.545145682990551,0.0,-6.761511776596308,-7.907331727445126,-3.14177143573761,-9.504087397828698,-4.922695875167847,-7.839862525463104,-2.2387681007385254,-7.208109945058823,-4.41699743270874,-0.6666436195373535,-3.2643485069274902,-2.7885665893554688,-5.8116295337677,-0.162567138671875,-8.33100013434887,-0.8384613990783691,-10.808380836155266,-4.188207387924194,0.0,-2.633286327123642,-7.229183852672577,0.0,-7.544409558176994,-1.1574156284332275,-9.781305074691772,-5.4971765130758286,-5.3776936531066895,-7.647528871893883,-1.1837563514709473,-7.337462365627289,-5.293940722942352,-5.951166197657585,-3.506894826889038,-2.7984862327575684,-5.1013965755701065,-3.6732778549194336,-8.101654455065727,-7.569253116846085,-2.175473600625992,-10.158706247806549,0.9243435859680176,-0.1997675895690918,-8.165445767343044,0.7761693000793457,-4.253847181797028,-0.889397382736206,-5.373705677688122,-8.198796972632408,-9.324335545301437,-5.725831568241119,-11.217971424106508,-9.262696377933025,-9.94870089739561,-7.427146203815937,-5.0243692845106125,-3.244603216648102,-2.2809444665908813,-0.48084330558776855,-0.6587710380554199,-1.581695795059204,-0.4524197578430176,-0.1714637279510498,-0.25129175186157227,-1.6434614658355713,-0.11346983909606934,-0.7488939762115479,-0.22061824798583984,-0.05718207359313965,-1.0515449047088623,-1.7835228443145752,-0.5082519054412842,-6.318546324968338,-0.363955020904541,-5.944917902350426,-9.257820008322597,0.0,-10.21575819607824,-8.596097391098738,-1.1630992889404297,-9.304720804095268,-5.2288757264614105,-5.803701713681221,-2.5304766297340393,-2.617583155632019
R,-3.949541687965393,-8.022794976830482,-3.49601411819458,-8.34244524128735,-3.9714751839637756,-7.165286630392075,-7.88629937171936,-6.178311809897423,-5.666703820228577,-10.495697230100632,-8.530199587345123,-1.0067214369773865,-1.9039205610752106,-8.438277803361416,-5.839319437742233,-5.838267803192139,-6.512613907456398,-9.34611363708973,-1.2649603188037872,-11.375742971897125,-7.654658831655979,-6.0278524197638035,-2.5865874364972115,-6.098631978034973,-6.968686409294605,-7.066683244891465,-7.55610466003418,-0.2978630065917969,-8.989794567227364,-5.814690321683884,-4.7959625124931335,-7.1655445620417595,-2.3379530906677246,-6.822657108306885,-3.0630462169647217,-7.298997129779309,-10.181528136134148,0.0,-3.5911160334944725,-2.893642008304596,-6.742025505751371,-4.362669162452221,-1.649499535560608,-3.9267873503267765,-7.2041361555457115,-8.013439297676086,-6.516817042604089,-6.54799485206604,-5.625968635082245,-0.9388988018035889,-5.312560170888901,-3.7967185974121094,0.17792749404907227,-3.0570626258850098,-2.6986913681030273,-3.883061647415161,2.3156343698501587,-5.7965181320905685,-0.7616701126098633,-11.331391090061516,-5.15277886390686,-5.677811041474342,-3.318081706762314,-8.991875350475311,-3.278155267238617,-6.250204846262932,0.0,-9.854230642318726,-6.407789096236229,-6.057685852050781,-5.565181002020836,1.8513613939285278,-10.440079629421234,-3.3725163340568542,-6.087312743067741,-2.4099624156951904,-2.180588722229004,-7.546212688088417,-3.5274438858032227,-9.18857042491436,-7.889973312616348,-8.299846559762955,-9.624451220035553,0.0,0.0,-11.28448148816824,0.0,-6.069596350193024,-5.0045506954193115,-10.20869093388319,-6.831983789801598,-7.349228352308273,-3.9939871430397034,-11.316164592746645,-8.683321110904217,-5.953175060451031,-7.212521322071552,0.0,-3.2454829812049866,-1.7984527349472046,-0.5510718822479248,0.0,-1.2146058082580566,0.20120000839233398,-0.5181965827941895,0.43416261672973633,-1.484856128692627,0.18530941009521484,-0.2975482940673828,-0.33877015113830566,0.9434711933135986,-0.8794772624969482,-1.4457190036773682,0.003675699234008789,-5.207987815141678,0.7552549839019775,-3.7938911765813828,-6.754477379843593,-2.3910598158836365,-6.184205404482782,-8.152052324265242,0.2542881965637207,-10.020648881793022,-3.7145794332027435,-6.939530208706856,-3.3790436387062073,-2.9379276037216187
S,-3.8067742586135864,-5.048341527581215,-4.6738128662109375,-7.86354766972363,-3.8897863030433655,-7.247568219900131,0.0,-5.17899988591671,-2.4119220972061157,-8.168925493955612,-8.73615700006485,-4.635301291942596,-4.411252170801163,-4.679935060441494,-4.094746321439743,-1.4047720432281494,0.0,-8.454876378178596,-6.233585029840469,-8.743270933628082,0.0,-6.778311613947153,-6.664232976734638,-2.8590322732925415,0.0,-4.9013971807435155,-5.144221305847168,4.84287691116333,-7.415664032101631,-0.8490571677684784,0.0,-4.880020193755627,-1.6330633163452148,-6.162181377410889,0.0,-8.492485727649182,-8.145359084010124,-4.611875295639038,-7.234546504914761,-3.3738842606544495,-5.198702942579985,-4.3657528683543205,-5.0292640924453735,-4.858144257217646,-9.04482438415289,-8.53354275226593,-7.882478663697839,-6.389919996261597,-1.4408506751060486,-1.959740161895752,-5.9196763932704926,0.0,0.8675644397735596,1.0921815633773804,1.1505784392356873,-1.9215185642242432,0.1666560173034668,-5.093050763010979,-1.6539859771728516,-9.633390182163566,-2.376781702041626,-3.4673620611429214,-3.073031038045883,-5.837232768535614,-5.126010835170746,-4.061284825205803,-2.50927197933197,-4.879716634750366,-1.7863617986440659,-3.4074316024780273,-2.09749935567379,-0.598330020904541,-5.645930707454681,-2.3445867896080017,0.0,2.579057700932026,3.6676266193389893,-4.303230777382851,-0.3520994186401367,-5.435109540820122,-7.4819819033145905,-7.153097540140152,-7.2294188141822815,6.506766349077225,3.723076581954956,-9.064259968698025,4.978099346160889,0.0,-3.137580633163452,-8.883246712386608,-2.2394022792577744,-3.5743739306926727,-5.463741838932037,-9.726029972080141,-6.901332966983318,-6.045727722346783,-4.607149846851826,-4.358183905482292,-2.5655508637428284,-0.6872235536575317,0.41634154319763184,1.2223408222198486,-0.16870808601379395,1.3154489994049072,0.9350812435150146,1.780677318572998,-0.40394318103790283,1.8575265407562256,0.0,0.5891122817993164,1.1133167743682861,0.23112106323242188,-0.42998528480529785,0.3837103843688965,-4.317801982164383,1.3042938709259033,-4.542018637061119,-6.100084660574794,-3.7863535284996033,-6.647374979220331,-4.7541217021644115,-0.591956615447998,-8.308747217059135,-3.2633939683437347,-6.298152759671211,0.0,0.0
T,-3.497212052345276,-4.787059560418129,-3.62447190284729,-7.725664483383298,-2.7665465474128723,-8.463738054037094,-4.162025690078735,-7.605546459555626,-3.5156151056289673,-8.15010091662407,-6.02349716424942,-2.833894670009613,-3.2056693136692047,-4.837087236344814,-5.544939249753952,-1.0082988739013672,-4.044607296586037,-5.8366207629442215,-5.784668117761612,-6.96112447977066,-2.5711851492524147,-8.548354033380747,-4.761645086109638,-1.4588346481323242,-4.361263103783131,-9.199288320727646,-6.823069095611572,6.914213255047798,-7.275115326046944,0.0,-1.9181167483329773,-6.561317972838879,-2.359161376953125,-2.8270301818847656,-2.6980464458465576,-10.842936243396252,-6.351286932826042,-7.140409231185913,-7.6626327857375145,-3.1914761662483215,-6.180670868605375,-7.639759235084057,-4.423006653785706,-6.5495314337313175,-8.159461759030819,-7.594172120094299,-9.375729510560632,-4.296830415725708,-4.256278216838837,-2.4549508094787598,-4.557089418172836,-3.616483688354492,0.0,-0.7566208839416504,-1.0463042259216309,-4.504867792129517,-0.8191661834716797,0.0,-2.8807296752929688,-11.035444015171379,-3.730247735977173,-5.432089224457741,-3.4129126965999603,-6.670339286327362,-5.942711293697357,-7.997605130076408,-3.8186038732528687,-3.1241602897644043,0.0,-2.2796149253845215,0.0,0.0,-7.571743428707123,0.0,-2.431563898921013,0.0,0.0,0.0,0.33403587341308594,-6.092386171221733,-6.24400869011879,-6.221928030252457,-6.537881433963776,3.8764901161193848,0.2767462730407715,-7.759335480630398,4.874308109283447,-1.4849162697792053,-2.520796060562134,-9.722189240157604,0.0,-4.577693909406662,-1.720872938632965,-11.93322620773688,-9.251452557742596,-9.579627983272076,-4.252206571400166,-4.756635710597038,-3.984641373157501,-0.9608699083328247,0.0,0.30083656311035156,-0.8082077503204346,0.5701570510864258,0.830176830291748,0.8583111763000488,-1.1919898986816406,0.9386622905731201,-0.06372427940368652,-0.041136741638183594,0.5970921516418457,-0.39774060249328613,-0.8079540729522705,0.21379590034484863,-4.441867858171463,2.0320239067077637,-5.77059768140316,-7.631275055930018,-3.8175577521324158,-9.163222185336053,0.0,2.676506519317627,-7.179675504565239,0.0,-5.388506725430489,-0.7463460564613342,-2.147678256034851
V,-2.6552120447158813,0.0,-5.214389324188232,-5.023615704849362,0.0,-7.583540052175522,-8.02236294746399,-6.502935394644737,-4.130953907966614,-5.5906088054180145,0.0,-3.6329981684684753,-6.068618923425674,-5.2409644946455956,-7.905076235532761,-2.0253872871398926,-7.20912279188633,0.0,-9.627713352441788,0.0,-5.050361193716526,-7.1707919873297215,-5.153006322681904,-2.0969353914260864,-6.662456817924976,-8.91631789226085,-5.8157453536987305,2.49617338180542,-3.8402536660432816,-6.782222002744675,-5.788237750530243,-7.365932039916515,-2.776921272277832,-0.3584861755371094,-4.628151178359985,-9.052560533862561,0.0,-7.468350172042847,-8.607839427888393,-3.226694881916046,-7.3840967528522015,-7.8889767453074455,-6.3250123262405396,-6.697261784225702,-5.861985944211483,-6.111377835273743,-9.458545634523034,-0.48317432403564453,-4.351532161235809,-1.7676687240600586,-2.0070014894008636,-5.339802265167236,-1.4886183738708496,-3.3369593620300293,-4.0093817710876465,-6.593218088150024,-0.4039731025695801,-4.616652771830559,-3.901188850402832,-10.410293334629387,-3.543484926223755,-7.1234806925058365,-6.980376094579697,-4.041855037212372,-7.179015100002289,-10.250031277537346,-3.9561532735824585,0.0,-3.7752617448568344,-0.8072807788848877,-5.750344499945641,0.5921063423156738,-6.255153119564056,-4.394695460796356,-6.044925734400749,-3.447713613510132,-3.4297327995300293,-4.7042408138513565,1.752657175064087,-6.143668577075005,-4.45642676949501,-6.684332758188248,-3.238948404788971,-1.6406350135803223,-3.142482280731201,-4.4917192086577415,-1.2256555557250977,-4.429347097873688,-4.0832765102386475,-8.10116034001112,-5.79304812848568,-5.074333637952805,0.0,-9.211208919528872,-7.998104207217693,-10.69521140307188,-2.8279910162091255,-6.440959021449089,-4.672925770282745,-1.9738279581069946,1.2353068590164185,0.11623692512512207,-1.0433156490325928,0.3524751663208008,-0.04448413848876953,0.4730038642883301,-1.6055810451507568,1.206695795059204,-0.36300110816955566,-0.16952252388000488,0.05048775672912598,-0.8547916412353516,-0.6447241306304932,0.20681190490722656,-4.68353608250618,3.8712313771247864,-5.636836275458336,-5.891775010153651,-4.695711076259613,-7.4698866521939635,-4.618667524307966,1.588369369506836,0.0,-4.354685872793198,0.0,-4.259203493595123,-3.546957850456238
W,-5.803077816963196,-6.787187352776527,-6.583495140075684,-8.783510075882077,-4.361075460910797,-8.62575301527977,-8.258812189102173,-7.97533605992794,-7.902239918708801,-10.399259775876999,-8.060031473636627,-5.2910982966423035,-6.122439056634903,-11.204552255570889,-5.410326689481735,-7.432308673858643,-7.795680657029152,-8.677648976445198,-8.76257148385048,-8.644557058811188,-8.926260508596897,-6.065979842096567,-10.897767789661884,-8.874724984169006,-6.477117367088795,-10.377448034472764,-5.400254726409912,-4.037080764770508,-5.502218082547188,-8.104547709226608,-5.2901803851127625,-4.677513651549816,3.1127778440713882,-5.942850589752197,-4.519086122512817,0.0,-11.446857497096062,-4.450895071029663,-7.02512963861227,-7.857359945774078,-11.218119751662016,-8.420225314795971,-6.949544072151184,-8.058172676712275,-7.531876347959042,-10.34695827960968,0.0,-4.845227956771851,-7.7482516169548035,0.0,-6.322162240743637,-3.6576766967773438,-1.3190007209777832,-2.449336528778076,-3.3989853858947754,-4.9955198764801025,-1.1928014755249023,-9.063631817698479,-3.224097728729248,-9.920627349521965,-6.47859263420105,-8.77298678457737,-9.0235455930233,-7.3393442034721375,-6.800807416439056,-9.624131008982658,-5.3365525007247925,-8.91080641746521,-8.776726111769676,-6.133600234985352,-9.49357770383358,-4.403343200683594,-11.446970880031586,-8.665115535259247,-7.7014699429273605,-6.315070867538452,-5.784506320953369,-10.870521560311317,-4.718635559082031,-7.534601137042046,-6.174942642450333,-9.87443533539772,-5.053138792514801,-2.6339497566223145,-1.2824535369873047,-10.636448346078396,-3.3733391761779785,-7.310512125492096,-5.675316572189331,-12.044657044112682,-8.620322927832603,-8.973959416151047,-6.525284826755524,-10.622928241733462,-8.816392056643963,-7.441066734492779,-8.797380216419697,-5.785668417811394,-5.152865707874298,-2.095981240272522,-1.7183716297149658,-0.7827258110046387,-1.8309457302093506,1.4890210628509521,0.0,0.7895240783691406,-1.6834065914154053,0.653059720993042,-1.0329229831695557,0.5954275131225586,1.065920352935791,-0.31545114517211914,-0.7313416004180908,0.7137875556945801,-6.319595366716385,0.05554962158203125,0.0,-8.029949067160487,-7.538707673549652,-8.152444711886346,-10.278456132858992,-3.5475754737854004,-10.312212869524956,-7.520914644002914,-7.677947834134102,-5.819843828678131,-5.626608729362488
Y,-5.227372765541077,-6.044374719262123,-6.272460460662842,-9.352433072403073,-4.760569155216217,-8.234255403280258,-6.264864206314087,-9.316238388419151,-9.319034695625305,-10.414237231016159,-8.459821283817291,-7.877175509929657,-7.864201694726944,-9.77149160951376,-7.374181479215622,-7.159959316253662,-6.285041943192482,-6.465689614415169,-9.036525875329971,-7.85278993844986,-6.84222225099802,-3.8444727696478367,-10.249027974903584,-6.830999970436096,-4.417865581810474,-10.952592802233994,0.0,-1.0185527801513672,-5.774166896939278,-5.326989382505417,-3.1876572966575623,0.0,0.45281171798706055,-7.460529804229736,-1.4874260425567627,-7.669378485064954,-9.231502577662468,-5.836166143417358,-9.081508480012417,-6.879182398319244,-10.822674881666899,-9.53078954666853,-7.717664837837219,-9.871593926101923,-9.341552518308163,-8.315868496894836,-6.303845355287194,-5.640000104904175,-6.441419780254364,-0.4461226463317871,-5.112639993429184,-0.15662360191345215,-0.46859312057495117,0.0,-1.1199593544006348,-3.510701894760132,1.2322341203689575,-8.111380383372307,0.5699558854103088,0.0,-3.2446601390838623,-7.129263296723366,-8.708807319402695,-2.226527154445648,-8.981045186519623,-8.764620587229729,-6.2265766859054565,-6.66594386100769,-6.871679171919823,-5.243660926818848,-5.794489607214928,-4.854597091674805,-7.030253350734711,-6.5233442187309265,-6.7015896290540695,-4.8675477504730225,-0.7901315689086914,-8.939471259713173,-4.132089614868164,0.0,-7.141623169183731,-7.428308397531509,-6.550963938236237,0.621300220489502,0.1128854751586914,-11.260460339486599,-2.0615973472595215,-7.081242144107819,-6.289879560470581,-7.8632557913661,-8.230104193091393,-7.411231964826584,-4.5823522210121155,0.0,0.0,-4.528800956904888,-7.923299558460712,-6.728248164057732,-2.9949145913124084,0.0,-0.3892548084259033,1.442726731300354,-0.5332555770874023,1.3487882614135742,0.23143744468688965,1.1009769439697266,-1.671020269393921,1.3750319480895996,-0.7620565891265869,0.7027401924133301,0.5718564987182617,0.41777825355529785,-0.32552433013916016,1.6367015838623047,-4.022212535142899,1.6920087337493896,-3.746453508734703,-9.215587494894862,-6.800424039363861,-10.18462263699621,-9.976353090256453,-2.9958205223083496,-9.3677748888731,-5.763680547475815,-7.790531471371651,-4.311251699924469,-5.483890891075134
