,1,2,3,4,5,6,7,8,9,10,11,12,13,14,15,16,17,18,19,20,21,22,23,24,25,26,27,28,29,30,31,32,33,34,35,36,37,38,39,40,41,42,43,44,45,46,47,48,49,50,51,52,53,54,55,56,57,58,59,60,61,62,63,64,65,66,67,68,69,70,71,72,73,74,75,76,77,78,79,80,81,82,83,84,85,86,87,88,89,90,91,92,93,94,95,96,97,98,99,100,101,102,103,104,105,106,107,108,109,110,111,112,113,114,115,116,117,118,119,120,121,122,123,124,125,126,127,128,129
A,-2.775134563446045,-3.8617242872714996,-3.5646263360977173,-9.732586424797773,-4.4569936990737915,-6.201223306357861,-6.75576860178262,-6.259377199225128,-2.1247321367263794,-2.2342111319303513,-7.018667444586754,-4.796201691031456,-3.0429810285568237,-5.55676725320518,-5.3569035194814205,-2.660022646188736,-4.779766157269478,-5.86319125443697,-4.78151398897171,-6.535292714834213,-4.065423965454102,-9.072022370994091,0.0,0.0,-6.105944516137242,-7.4090646347031,-6.7407509088516235,-2.7818455696105957,-2.34989857673645,-2.2065006494522095,-0.726287841796875,1.6462607383728027,-0.3057582378387451,-2.484675407409668,1.3241710662841797,-10.88760010804981,-3.3912564516067505,-10.83217316120863,-8.521364010870457,0.0,-3.379361741244793,-6.279650781303644,-7.134360432624817,-3.019297294318676,-10.088155783712864,-5.8658848367631435,-8.497279927134514,-5.457702815532684,0.7174155712127686,0.18309664726257324,-1.3713488578796387,-1.348692536354065,-1.5350912809371948,-3.1223759055137634,-2.545695722103119,-0.9912492036819458,0.983004093170166,-2.5325214862823486,-4.784063875675201,0.0,-2.417895257472992,-3.2570641562342644,-4.340689167380333,-6.7959059327840805,-5.706990867853165,-9.44058983027935,-1.1216518878936768,-3.057429790496826,-1.9803653955459595,-4.3912032544612885,-4.959396481513977,-7.4872627928853035,-2.7964959144592285,-3.9028154462575912,-1.6699824333190918,-5.444222837686539,0.0,0.4233834743499756,-7.198374971747398,-7.179460309445858,-5.688740372657776,-5.275408126413822,-2.887007236480713,-4.283615484833717,-5.611619859933853,-5.93751260638237,3.2942943572998047,-3.740534022450447,-9.979425531346351,-4.709376364946365,4.058877011761069,-3.3245749473571777,-12.67525692959316,-10.690833654254675,-9.830568360397592,0.0,-4.428722649812698,-3.1810485124588013,-1.3549437522888184,0.27671098709106445,0.9304838180541992,-0.013854742050170898,-1.0320050716400146,0.04724407196044922,-0.16900873184204102,-0.5582146644592285,-0.6561322212219238,0.10950803756713867,0.15387487411499023,-0.767170786857605,-0.23931002616882324,-0.6184835433959961,0.8144497871398926,-0.498429536819458,0.0,-1.4887161254882812,-6.047530509531498,-1.9046134948730469,-7.515985198318958,-5.907602854073048,-3.2125843167304993,-6.819630440324545,-5.567858103662729,-2.0483858585357666,-7.2842570170760155,-4.06257289648056,-6.7449483927339315,-2.722995162010193,-3.8923384249210358
C,-2.7994346618652344,-6.747331529855728,-7.39934504032135,-10.1439242772758,-10.129892945289612,-11.46874325722456,-10.449294869787991,-8.443876462988555,-8.575981736183167,-9.64806716144085,-12.3385641425848,-7.550468429923058,-8.782715678215027,-11.537144927307963,-9.992328133434057,-8.306135326623917,-9.337512567639351,-9.726731427013874,-7.327314674854279,-9.671054929494858,-6.478740215301514,0.0,-9.279244661331177,-4.029993236064911,-10.806524636223912,-8.833928450010717,-5.5039602518081665,-7.7350709438323975,-4.630298376083374,-6.931440472602844,-4.505901336669922,1.1126999855041504,-1.912024974822998,-2.7786149978637695,-0.7064085006713867,-4.994224234484136,-7.971593499183655,-7.691123776137829,-11.601045407354832,-9.52970041334629,-11.135295502841473,-8.506094548851252,-7.29700767993927,-7.811417751014233,-12.763568915426731,-12.409729536622763,-5.840117737650871,-7.723134696483612,-2.4032483100891113,-1.2114927768707275,-4.51311731338501,-2.3296552896499634,-7.004239201545715,-7.262634217739105,-6.389034450054169,-7.078173995018005,-4.453512191772461,-5.2847864627838135,-4.929343283176422,-9.163346886634827,-13.726263701915741,-7.457469277083874,-9.594158634543419,-10.396751269698143,-7.79032102227211,-6.971053048968315,-5.952930450439453,-8.551399230957031,-3.576786160469055,-9.891250938177109,-7.32344925403595,-11.231126375496387,-9.619983673095703,-11.312991246581078,-9.002899169921875,-9.033916383981705,-2.5432891845703125,-1.9454948902130127,-6.415470823645592,-9.027220986783504,-9.11090099811554,-10.640397883951664,-9.735988140106201,-9.171790972352028,-9.878619104623795,-8.186308592557907,-5.58419132232666,-10.459516242146492,-12.44600496860221,-9.19131425023079,-5.999435901641846,-7.8455400466918945,-6.83280488033779,-7.234172906726599,0.0,-6.137315720319748,-3.4273610413074493,-4.4189125299453735,-2.267418622970581,-1.4141974449157715,-0.9788880348205566,-0.08252906799316406,-1.3273568153381348,-0.47528934478759766,-0.918811559677124,-1.2680902481079102,-1.7525064945220947,-1.1848528385162354,-2.3619914054870605,-2.0829116106033325,-2.088024377822876,-2.3195290565490723,-1.2414541244506836,-2.4905025959014893,-2.1170477867126465,-3.5365538597106934,-7.3784254565835,-4.5828492641448975,-6.576768107712269,-8.461397238075733,-7.875574886798859,-8.858507927507162,-10.864250544458628,-5.232372999191284,-11.582533441483974,-9.145368039608002,-9.85705185495317,-8.081699252128601,-6.269841104745865
D,-1.577207088470459,-2.6838649809360504,-1.7490469217300415,-10.992322485893965,-6.317906498908997,-3.4648792073130608,-6.898410146124661,-6.322962480597198,-5.807082772254944,-4.593112155795097,-10.145542368292809,-9.409721836447716,-5.2427977323532104,-11.698808936402202,-5.5400724075734615,-3.7495042383670807,-5.865636423230171,-9.787675984203815,-7.467928230762482,-11.447310537099838,-5.927271366119385,-10.887521676719189,-4.524672746658325,-6.038626849651337,-9.104162575677037,-6.065972193144262,-6.041223168373108,-1.5030734539031982,-4.3475072383880615,-2.3510767221450806,1.3978396654129028,1.3768835067749023,-1.4401273727416992,-6.233077049255371,1.5557560920715332,-13.239126368425786,-6.646166920661926,-11.650076679885387,-8.735107220709324,-7.297918453812599,-8.057908646762371,-5.466075990349054,-10.005178093910217,-5.950639896094799,-13.927206076681614,-3.6308873258531094,-10.822994038462639,-9.883790671825409,-2.567190647125244,-0.07803869247436523,-2.7143468856811523,-1.365305781364441,-0.9450656175613403,-1.0675603747367859,-2.2150554060935974,-0.9596387147903442,0.0,-2.3009650707244873,-5.191051542758942,-6.159424901008606,0.0,-7.68849640339613,-8.733977779746056,-8.022061213850975,-4.5039054453372955,-8.99351017177105,-7.228104591369629,-3.3888278007507324,-5.451844811439514,-2.3083597123622894,-5.576695561408997,0.0,0.6232492327690125,-6.4057222455739975,-4.615120887756348,-2.2671643793582916,-2.885038375854492,-4.839899778366089,-6.2337286323308945,-11.570450089871883,-2.9252673387527466,-10.308496333658695,-1.3791818618774414,-6.134667292237282,-12.128860384225845,-10.07905837893486,-1.6239171028137207,-2.5883245021104813,0.0,-8.92580845952034,-6.184205532073975,-6.1236066818237305,-8.799836359219626,-8.684547986835241,-10.580891655990854,-6.941629379987717,-5.847097188234329,0.0,-2.103440046310425,-0.5379414558410645,-0.004705905914306641,0.06803464889526367,-1.7935807704925537,0.0,-0.39471936225891113,-0.8078145980834961,-0.7375719547271729,-0.32195591926574707,-1.2332870960235596,-0.7718149423599243,-0.49846482276916504,-0.5544588565826416,0.8941299915313721,-0.6505651473999023,0.10349893569946289,-2.8487586975097656,0.0,-3.7233994007110596,-8.973445601761341,-6.75022704154253,-4.876118957996368,-7.710157211869955,-11.023207072168589,-6.356729745864868,-10.599411569535732,-8.486795842647552,-9.305618291720748,-6.581895709037781,-5.786519914865494
E,0.0,-2.4649478495121,-0.6936213970184326,-10.567580740898848,-3.624047875404358,0.0,-8.308358971960843,-6.327619749121368,-4.703838467597961,-3.7915000170469284,-8.917603716254234,-6.796762451529503,-3.0051392316818237,-9.490807799622416,-5.629718746989965,-4.5497638285160065,-7.628483846783638,-7.740417130291462,-6.362630665302277,-12.413615316152573,-7.052065372467041,-12.169666223227978,-2.0610435009002686,-6.318329036235809,-8.596717240288854,-6.472869738005102,-7.884538292884827,-4.15176796913147,-4.379342794418335,-4.609197735786438,-0.23221874237060547,0.14958953857421875,-2.22794771194458,-5.057693958282471,-0.507850170135498,-12.696396037004888,-6.652657628059387,-9.622001461684704,-5.0837085619568825,-6.262861385941505,-6.242991082370281,-5.408521745353937,-6.5515137910842896,-5.979377917945385,-12.803630866110325,0.0,-10.581079289317131,-9.463108718395233,-2.944380760192871,-0.07289767265319824,-2.759091377258301,-1.894511103630066,-1.66851007938385,-3.628914773464203,-3.2689005732536316,-2.125897765159607,0.3576059341430664,-2.8210289478302,-5.376263201236725,-6.212391972541809,-1.4633652567863464,-7.89803009480238,-8.234995350241661,-5.508962497115135,-6.178810268640518,-9.184724733233452,-7.92714786529541,-2.007012367248535,-5.3215252161026,-4.412065833806992,-4.066919445991516,-2.5255766585469246,-3.5764875411987305,-8.185549840331078,-3.667621612548828,-5.716337114572525,1.2033765316009521,-3.843780755996704,-7.995018228888512,-10.821565888822079,-0.5833702087402344,-8.350134707987309,-3.5638232231140137,-7.272632494568825,-10.631316095590591,-7.367047995328903,-2.0728049278259277,0.0,-6.004640680272132,-9.713471919298172,-7.518240451812744,-6.50694465637207,-12.462563715176657,-11.121609296649694,-12.047609376022592,-6.838676422834396,-4.386024743318558,-1.3253117799758911,-2.708106279373169,-0.5273604393005371,0.0,-0.3357264995574951,-0.9363291263580322,0.18238282203674316,-0.6686174869537354,-0.6221640110015869,-0.8244225978851318,-0.7082154750823975,-1.462244987487793,-0.8169041872024536,-0.783705472946167,-0.5268287658691406,0.4558753967285156,-0.9924919605255127,-0.03690791130065918,-2.7766494750976562,-4.035348750650883,-3.473813772201538,-8.426130957901478,-7.277394361793995,-3.1155079007148743,-7.341991242021322,-9.988456133753061,-3.305870771408081,-10.258314691483974,-7.237244546413422,-8.962376600131392,-5.180662035942078,-5.981638342142105
F,-5.849180221557617,-5.459834009408951,-8.782344460487366,-6.92130808159709,-6.232239842414856,-10.531074456870556,-8.184440438635647,-11.576433378271759,-9.783246636390686,-10.028901740908623,-6.2505228370428085,-5.519611343741417,-7.660072207450867,-10.241717604920268,-11.395306076854467,-9.871055752038956,-6.617201879620552,-5.464583046734333,-7.380318462848663,-6.164596647024155,-5.394026756286621,-7.48434441536665,-6.704484224319458,-4.875188529491425,-8.456694962456822,-12.232687338255346,0.0,-5.662928342819214,3.4481526017189026,-5.274027466773987,-3.333220958709717,1.9316537380218506,-1.7179484367370605,-0.9201550483703613,-1.198371410369873,-6.185774012468755,-4.066683411598206,-11.504675678908825,-9.32521227747202,-7.389773979783058,-8.871473900973797,-12.053554151207209,-9.772946953773499,-10.594251327216625,-6.667861022055149,-12.983783300966024,-5.183137223124504,-4.296262443065643,-3.9091973304748535,-0.2253117561340332,-1.2515819072723389,-2.054366707801819,-4.56993305683136,-5.122308194637299,-3.6012741923332214,-3.4828895330429077,0.5182554721832275,-1.8469312191009521,-3.353570282459259,-7.792051911354065,-9.618201911449432,-5.945591740310192,-5.06593082845211,-9.641272410750389,-8.608919769525528,-9.725328370928764,0.0,-4.734406471252441,-0.4422764778137207,-5.4128402173519135,-7.600157380104065,-10.843135423958302,-6.286213397979736,-7.575892552733421,-5.879005432128906,-8.625442415475845,0.117889404296875,-0.47708654403686523,-2.153616890311241,-4.985635541379452,-8.165759205818176,-7.7968791499733925,-6.2195963859558105,-7.197051897644997,-7.4953087866306305,-10.667396277189255,-2.7556581497192383,-11.134720519185066,-11.609886270482093,-8.767428904771805,-8.740360736846924,-5.984375,-6.910710535245016,-3.363833274692297,-8.514416741440073,-6.55639311671257,-5.718187600374222,-3.637239098548889,-1.6120121479034424,-1.6201934814453125,-1.1611104011535645,-0.7584314346313477,-2.137600898742676,-1.1759977340698242,-0.7873599529266357,-1.5535273551940918,-1.5125830173492432,-0.47004270553588867,-1.3860344886779785,-1.5618785619735718,-0.6465504169464111,-1.3597345352172852,-0.13228297233581543,-1.0806007385253906,0.4102902412414551,0.0,-6.174974299967289,-1.1876583099365234,-2.7472879365086555,-11.179782934486866,-7.133547604084015,-12.36332493647933,-10.585654620081186,-4.8008506298065186,-8.148637376725674,-5.600820481777191,-7.573189741000533,-6.594976305961609,-6.793736845254898
G,-1.4148805141448975,-5.009045988321304,-2.877033829689026,-10.071752112358809,-6.498236298561096,-6.414542131125927,-6.197643582709134,0.0,0.0,0.0,-9.806501612067223,-6.837172493338585,-4.668696284294128,-10.208477286621928,0.0,0.0,-5.740607813000679,-8.239262707531452,-5.643083870410919,-9.151764005422592,-5.746091842651367,-8.015318803489208,-2.670746088027954,-1.8540937304496765,-7.399344326928258,0.0,-7.082279801368713,-3.8915021419525146,-4.155834913253784,-0.5224671363830566,1.1268539428710938,0.7409253120422363,0.8370691537857056,-3.869727611541748,1.1333680152893066,-9.2340699872002,-6.324385285377502,-8.04621010273695,-8.597945965826511,-5.139979496598244,-7.135199181735516,0.0,-5.489943623542786,0.0,-12.289459265768528,-7.061317976564169,-8.065325543284416,-8.079833686351776,2.5172838270664215,0.7989699840545654,-2.4370908737182617,-1.1924740076065063,-1.5876413583755493,0.0,0.0,-0.3657034635543823,-0.16741943359375,-1.5058069229125977,-6.544900000095367,-3.0788718461990356,-4.4498297572135925,-4.498742870986462,-8.038350567221642,-7.1904653161764145,0.0,-7.277836725115776,-3.6168127059936523,-3.8826026916503906,-3.905300259590149,-4.569999545812607,-5.025092244148254,-6.322055883705616,-4.157343864440918,-5.714573010802269,-2.678546905517578,-3.2883152067661285,-2.2290782928466797,-2.1877071857452393,-7.264705881476402,-8.766064904630184,-4.962774395942688,-6.687123157083988,-2.9493250846862793,-3.265414133667946,-8.845993906259537,-5.755130022764206,-2.064568519592285,-2.103482201695442,-8.381173234898597,-6.807983428239822,0.0,-6.524304389953613,-11.081844530301169,-10.523310270160437,-8.199810074875131,-3.7923750579357147,-3.696013242006302,-2.5480276346206665,-1.862598180770874,-0.0068531036376953125,1.1720213890075684,0.7004475593566895,-0.8134644031524658,1.2119940519332886,0.12168407440185547,0.2760622501373291,0.0,0.2329084873199463,0.12457513809204102,0.0,0.5873768329620361,0.28664231300354004,2.2647221088409424,0.0,0.427976131439209,-2.6698312759399414,-5.31449780613184,-4.644635915756226,-6.670238204300404,0.0,-3.4584725499153137,0.0,-8.971211794763803,-4.202565908432007,-10.089318834245205,-7.704635560512543,-7.987979894503951,-4.460111975669861,-3.9543332159519196
H,-2.9818549156188965,-6.289556413888931,-4.0404030084609985,-9.393743079155684,-4.442002892494202,-8.068049363791943,-8.921510522253811,-10.289327817969024,-7.340735554695129,-7.682735130190849,-8.612228617072105,-6.07770536839962,-4.129612326622009,-8.98133590631187,-7.413117852061987,-5.589310318231583,-7.574108198285103,-4.54824984818697,-4.124920189380646,-10.131135076284409,-6.248952388763428,-10.341615609824657,-5.798438787460327,-7.707342326641083,-8.35167539305985,-8.82302890624851,-3.288237690925598,-5.649207353591919,-3.226327657699585,-5.285042881965637,-2.764779567718506,2.2312419414520264,-1.7907524108886719,-3.9214940071105957,3.3456395864486694,-11.746531649492681,-6.627214550971985,-6.155141644179821,-4.0850561037659645,-5.74322284758091,-6.382066838443279,-8.906104657799006,-4.484676003456116,-9.098877601325512,-9.814883269369602,-7.724606569856405,-7.812969967722893,-9.700229346752167,-3.972846508026123,0.5826756954193115,-2.4572134017944336,-1.206821322441101,-3.5253254175186157,-4.617909371852875,-3.994968593120575,-2.9436219930648804,-0.7473664283752441,-2.057032346725464,-1.905114233493805,-6.363097310066223,-6.761480987071991,-7.714809708297253,-7.387598976492882,-6.465834483504295,-6.695502907037735,-4.535712167620659,-6.938560485839844,-4.08518648147583,-3.260921597480774,-4.985344260931015,-4.185065865516663,-6.691542215645313,-6.457916259765625,-8.957617864012718,-3.7361483573913574,-6.670494943857193,-0.5645351409912109,-2.723281145095825,-3.5051643699407578,-9.60666873306036,-3.536063313484192,-11.246883250772953,-6.1522932052612305,-5.897914305329323,-8.9882792532444,-6.648086756467819,-2.984510898590088,-7.777542784810066,-7.1125470218248665,-9.89332726597786,-9.734970569610596,-7.623712539672852,-7.095752916531637,-5.500895585864782,-10.760254906723276,-8.90372034907341,-3.463190585374832,-2.037877678871155,0.2905540466308594,0.012143135070800781,-0.4960484504699707,1.0648400783538818,-1.2040886878967285,0.4818081855773926,0.0,-0.014902591705322266,-0.21879887580871582,0.0,-0.6109719276428223,-0.8973459005355835,-0.2887382507324219,-0.7393045425415039,0.2158069610595703,-0.9301798343658447,0.7349238395690918,-1.4206867218017578,-4.372390605509281,-2.239384651184082,-7.517159171402454,-9.579557485878468,-3.253873646259308,-9.696081932634115,-10.92952573671937,-5.2204930782318115,-12.162273965775967,-6.355056703090668,-10.042427068576217,-6.278039336204529,-6.880495935678482
I,-5.167339324951172,-1.3293040096759796,-7.278395771980286,-6.764169257134199,-3.3385125398635864,-10.265048913657665,-9.73529512155801,-10.403363424353302,-9.406306862831116,-8.828702613711357,-5.463624224066734,-4.543007358908653,-6.735570788383484,-9.79280593805015,-10.508591141551733,-9.047167927026749,-6.657306268811226,-5.781275875866413,-6.005177795886993,-2.5219307839870453,-5.265726566314697,-10.176996164023876,-2.9679110050201416,-3.4139549136161804,-8.716324212029576,-11.335162504576147,-4.608224511146545,-4.074909448623657,1.0954501628875732,-4.4542495012283325,-3.9219040870666504,-0.5077114105224609,-2.4698753356933594,0.34932756423950195,-1.9886937141418457,-10.185477419756353,-0.35532045364379883,-9.747045330703259,-10.33234766870737,-5.809269085526466,-9.085839860141277,-11.667184446007013,-9.582183480262756,-9.01696079224348,-6.61895564943552,-9.231934126466513,-7.303744599223137,-0.03815460205078125,-3.701850414276123,-0.12494301795959473,2.143207550048828,-2.468149781227112,-3.8231087923049927,-5.277181565761566,-4.453533828258514,-3.079206347465515,1.0486729145050049,-1.9188475608825684,-3.686111032962799,-6.5909377336502075,-9.104183852672577,-7.227632336318493,-2.7194046825170517,-8.918747767806053,-9.035566955804825,-8.452153131365776,-2.4269185066223145,-3.0897247791290283,0.0,-5.466795772314072,-6.004146695137024,-8.246454782783985,-4.154539585113525,-8.99086008965969,-3.311532974243164,-7.622290521860123,1.7373499870300293,0.3652787208557129,-5.841913923621178,-4.665366910398006,-6.803132176399231,-6.314231254160404,-4.9276814460754395,-6.781730070710182,-6.679509073495865,-6.652001589536667,-1.4063754081726074,-9.13602800667286,-11.558802705723792,-5.285582572221756,-8.961022853851318,-1.8941371440887451,-11.354316911892965,-8.816308584064245,-11.074335145065561,-5.29266020655632,-4.996002942323685,-3.976143479347229,-1.703547716140747,-0.6757469177246094,-0.8762035369873047,-0.7036261558532715,-1.9981937408447266,-0.8607769012451172,-0.6532995700836182,-1.5878653526306152,-1.8747799396514893,-0.6141128540039062,-0.970421552658081,-1.7367550134658813,-0.6662776470184326,-1.2592158317565918,-0.2803053855895996,-1.449509859085083,0.3954286575317383,-1.4694573879241943,-7.263936378061771,0.0,-6.805735774338245,-10.171493597328663,-5.997535526752472,-11.018243607133627,-6.1194380559027195,-2.428865671157837,-2.6322604045271873,-2.995233476161957,-4.200896745547652,-3.991709589958191,-7.56337633728981
K,-2.2671122550964355,-5.520318895578384,-2.1403127908706665,-10.501252692192793,-2.6098777055740356,-7.9478825852274895,-9.160488908179104,-9.05179615598172,-7.288436055183411,-5.78203646838665,-10.486257776618004,-5.397329792380333,-1.581497073173523,-10.686099318787456,-6.442625489085913,-6.387493282556534,-8.338878229260445,-7.702550537884235,-0.8583577275276184,-11.74472627043724,-7.244213104248047,-12.473916940391064,0.48605895042419434,-7.216707408428192,-7.586288811638951,-8.205273970030248,-8.356317162513733,-4.362911939620972,-4.235495328903198,-4.858341336250305,-2.8380184173583984,0.0,-3.6393423080444336,-4.589062213897705,-3.189486503601074,-11.214823885820806,-7.307730317115784,-2.4977164790034294,-6.630937375128269,-4.593047276139259,-6.815980069339275,-7.924523923546076,0.0,-7.566618137061596,-11.214162863790989,-6.760625418275595,-9.576682850718498,-9.827281653881073,-4.807491779327393,-1.302354097366333,-2.2967844009399414,-2.343699097633362,-4.942134976387024,-4.885018289089203,-3.628503978252411,-1.2760361433029175,0.2816479206085205,-2.1533899307250977,-2.558127462863922,-1.4189406633377075,-5.934091746807098,-5.628819279372692,-9.098882183432579,0.0,-5.728170543909073,-3.0058726519346237,-8.72916316986084,-4.57228946685791,-5.6403056383132935,-7.039001792669296,-1.1987175941467285,-9.006738252937794,-5.6375226974487305,-10.029611691832542,0.0,-5.262881189584732,0.477325439453125,-4.426066637039185,-9.937917932868004,-10.416688226163387,-4.930963635444641,-8.58792481571436,-5.872856140136719,-5.119060888886452,-11.975370317697525,-2.0454873740673065,-1.976435661315918,-5.797560408711433,-12.638493638951331,-7.6013422310352325,-9.237234592437744,-6.6643218994140625,-13.14783116360195,-11.377946462482214,-11.999218033859506,-8.721114605665207,-3.1727443039417267,-4.019096493721008,-1.9732654094696045,-1.2463245391845703,-1.1092348098754883,-1.009636402130127,-0.4029691219329834,-0.23813295364379883,-0.8107588291168213,-0.6688694953918457,-1.808211088180542,-1.0366849899291992,-1.4414775371551514,-1.5429946184158325,-0.31121373176574707,-0.12902069091796875,0.07855057716369629,-1.7309730052947998,-0.12133598327636719,-2.880007743835449,-6.807825900614262,-3.8424055576324463,-7.786332316696644,-8.866725988686085,-0.4096141457557678,-8.705863770097494,-8.05667531862855,-1.5904734134674072,-10.843349061906338,-6.0508922934532166,-9.74346542917192,-2.9040497541427612,-6.243863016366959
L,-3.10270357131958,-2.521726042032242,-5.699279427528381,0.0,-0.22856974601745605,-8.538093499839306,-7.772013490088284,-9.632884222082794,-6.111533761024475,-7.118916675448418,0.0,-1.8870544284582138,-3.9210528135299683,-5.607108859345317,-8.897907700389624,-8.5319062769413,-6.58245475590229,0.0,-5.65659886598587,0.0,-4.989704132080078,-9.103073053061962,-2.7373173236846924,-3.324161469936371,-7.184814335778356,-10.4805978378281,-3.7038689851760864,-4.736583948135376,2.1211326122283936,-4.356557011604309,-3.4455833435058594,0.6522407531738281,-1.4655742645263672,0.3818087577819824,-1.5602288246154785,-7.333912058733404,-1.7619291543960571,-7.940773777663708,-4.350684441626072,-3.725467100739479,-4.288084141910076,-10.259145352989435,-6.132635235786438,-8.687280349433422,0.0,-9.58272510394454,-5.87569884955883,-1.1323441863059998,-3.027500629425049,0.5612697601318359,0.0,-2.3056355714797974,-3.8892589807510376,-5.258434236049652,-4.192456424236298,-3.4801801443099976,1.4578697681427002,-2.443359851837158,-3.477985203266144,-6.720192074775696,-7.590908706188202,-6.6984308287501335,-2.2416639178991318,-6.5450771898031235,-8.306266456842422,-7.24349682033062,-2.200269937515259,-3.2809059619903564,-1.3325077295303345,-6.434225887060165,-5.04313862323761,-9.885858125984669,-4.334785461425781,-6.5780292600393295,-4.021240234375,-7.739002138376236,2.801321029663086,0.0,-4.864229902625084,0.0,-4.979773163795471,-3.310024119913578,-5.78740119934082,-6.979577913880348,0.0,-6.77685472369194,-0.3948245048522949,-8.417392447590828,-11.610374551732093,-8.136928111314774,-7.854219913482666,-3.680781364440918,-9.483203134732321,-5.623489942401648,-9.970781373092905,-5.707828491926193,-4.132622510194778,-3.361568570137024,-1.2469165325164795,0.42023515701293945,-0.04363250732421875,0.4040215015411377,-0.8077986240386963,0.2703373432159424,0.31196117401123047,-0.4355201721191406,-0.011064291000366211,0.22067689895629883,-0.5320310592651367,-0.9054919481277466,-0.203505277633667,-0.648179292678833,0.2628023624420166,-0.9998481273651123,0.7345433235168457,-0.4542815685272217,-6.749432422220707,-1.3903932571411133,-5.035482592880726,-9.734081335365772,-3.509038269519806,-10.833784874528646,-8.074467066675425,1.2982895374298096,-4.627723298966885,-3.4717225432395935,-6.17793751321733,-4.691813826560974,-5.765578657388687
M,-1.8699889183044434,-4.373065382242203,-7.097204804420471,-4.921433489769697,-3.2934151887893677,-9.532283715903759,-10.849464242346585,-10.837054449133575,-9.000741600990295,-7.620243236422539,-5.884798273444176,-4.6735410541296005,-6.254764914512634,-9.479498175904155,-10.112869706004858,-9.138523250818253,-7.498488500714302,-6.22195590287447,-4.911861717700958,-3.371633619070053,-6.04443883895874,-12.050640992820263,-2.787933588027954,-3.565309703350067,-9.247855545952916,-11.260461195372045,-6.4843374490737915,-5.361732244491577,1.2566015720367432,-6.025945782661438,-6.200619220733643,-1.111422061920166,-2.7131271362304688,0.0,-1.887204647064209,-10.428298159502447,-2.937503457069397,-8.168929867446423,-8.140670575201511,-6.293694153428078,-8.747433297336102,-11.296767804771662,-6.147713780403137,-9.183108024299145,-5.2812042608857155,-10.235837515443563,-7.882612034678459,-2.2955068945884705,-3.6131410598754883,-0.2833216190338135,-0.575171709060669,-3.102737069129944,-5.651806950569153,-6.655557096004486,-5.461217105388641,-4.962449908256531,0.12940073013305664,-4.03511643409729,-4.219757616519928,-7.005240559577942,-9.896874129772186,-9.324964337050915,-4.501232132315636,-6.946387633681297,-10.068066269159317,-7.635506555438042,-3.103759765625,-4.847442626953125,-1.5740739107131958,-8.024641364812851,-5.610764145851135,-11.662086077034473,-5.195374965667725,-10.252048596739769,-4.5013837814331055,-8.23131838440895,3.808753252029419,-0.9862563610076904,-7.343092188239098,-4.312380574643612,-7.121390461921692,0.0,-6.5893144607543945,-7.534306421875954,-5.041959673166275,-5.4774825274944305,-1.3381223678588867,-8.635978415608406,-13.99013338657096,-5.963210612535477,-7.7914137840271,-2.552304744720459,-12.304558000760153,-8.904871549457312,-12.64850621134974,-6.267806023359299,-3.9538157284259796,-4.709052205085754,-3.2117674350738525,-1.1302785873413086,-0.7421188354492188,-1.7065777778625488,-2.1748437881469727,-2.096989631652832,-2.262359142303467,-2.420527458190918,-3.2360403537750244,-2.5023555755615234,-2.3439254760742188,-3.01109516620636,-2.069840669631958,-2.2053771018981934,-1.1930608749389648,-2.600719690322876,-0.8085470199584961,-2.4434890747070312,-7.835821010172367,-1.945934772491455,-6.974932856857777,-10.682636328041553,-4.498705685138702,-11.287748154252768,-6.968408469110727,0.0,-6.825010381639004,-3.7975286841392517,-6.869029527530074,-5.113263010978699,-8.484865576028824
N,-3.4086875915527344,-5.487093836069107,-3.2918463945388794,-10.895133536309004,-7.474766373634338,-7.65380185097456,-5.829176251776516,-8.347253042273223,-7.354608654975891,-6.747289821505547,-10.366920694708824,-8.726162418723106,-3.54027783870697,-11.745863227173686,-8.86373945698142,-5.419291168451309,-4.358707025647163,-9.81476128846407,-5.841757595539093,-11.162628263235092,-3.5613975524902344,-11.02249901741743,-5.769747972488403,-6.824640452861786,-6.747881295159459,-8.216587408445776,-5.689575791358948,-2.538520097732544,-4.100722074508667,-2.012501835823059,0.41988563537597656,1.9338676929473877,-3.7320752143859863,-4.789780139923096,2.8722130060195923,-11.570788546465337,-5.980950951576233,-8.883106045424938,-9.429221905767918,-6.5400668531656265,-8.514575593173504,-6.842357251793146,-7.081888318061829,-7.0987192913889885,-12.450609244406223,-7.75560861453414,-8.915203854441643,-8.600118339061737,-3.169588565826416,0.15394186973571777,-3.3878984451293945,-0.5647038221359253,-1.5948363542556763,-3.52136367559433,-1.7270609736442566,-0.30994200706481934,1.3951613903045654,-1.252216100692749,-2.9466009736061096,-5.094671368598938,-2.391664206981659,-5.076196007430553,-7.952292904257774,-7.0481008142232895,-2.9769507944583893,-9.647879526019096,-6.6731767654418945,-3.3921098709106445,-4.254733204841614,-2.7962022721767426,-4.0921550989151,-6.724059171974659,0.0,-6.1857515424489975,0.11605525016784668,0.0,-0.40363216400146484,-2.4344284534454346,-5.178626760840416,-9.616180680692196,-4.268550992012024,-10.8552902713418,0.0,-2.8706995397806168,-11.486774355173111,-6.518314570188522,-0.1308436393737793,-5.449685767292976,-6.476920228917152,-5.092376738786697,-7.345247745513916,-5.973526954650879,-9.170528612332419,-7.700273599475622,-10.496559189865366,-7.113310784101486,-6.25069597363472,-3.1608039140701294,-1.9408190250396729,-1.265986442565918,-0.6768012046813965,-0.15366601943969727,-1.5624737739562988,-0.1544184684753418,-0.5330920219421387,-1.0593125820159912,-1.7185413837432861,-0.59732985496521,-1.1906001567840576,-1.4527746438980103,0.05329537391662598,-0.24335289001464844,1.6584398746490479,-0.32631516456604004,0.8053004741668701,-2.160261631011963,-3.747714139521122,-2.5831310749053955,-8.24740094691515,-7.499500818550587,-4.875067055225372,-8.891525086015463,-7.901758078485727,-5.474718809127808,-10.682057939469814,-7.6226319670677185,-10.587049489840865,-4.432523608207703,-5.877991586923599
P,-3.224301338195801,-5.221150308847427,-5.771945118904114,-6.375316184014082,-5.408573269844055,-8.826377801597118,-7.113870923407376,-8.653036314062774,-1.1126351356506348,-7.122206851840019,-7.38685105741024,-6.295720085501671,-2.098358988761902,0.0,-8.819250550121069,-9.132663875818253,-5.548986032605171,-6.4215966537594795,-4.769229233264923,-8.266198247671127,-5.455361366271973,-12.57138817757368,-5.4195921421051025,-5.596412837505341,-7.391694428399205,-9.277120932005346,-6.971208214759827,-3.0960581302642822,-2.377037763595581,-4.421672940254211,-3.623624324798584,-1.5111823081970215,-1.8618907928466797,-2.9116344451904297,-3.4871621131896973,-10.897909327410161,-7.931381821632385,-8.38498192280531,-6.544112004339695,-2.298791781067848,0.0,-10.096475217491388,-8.660522103309631,-6.7452294155955315,-5.137065924704075,-10.082609709352255,-8.388726994395256,-8.887068450450897,-5.755724906921387,-4.610379457473755,-2.974461555480957,-4.087181210517883,-2.607336640357971,-4.990229547023773,-5.040475070476532,-2.9739941358566284,1.0584402084350586,-3.777451753616333,-4.429035246372223,-4.61028254032135,-2.49660462141037,-4.394750885665417,-8.074366077780724,-7.929545268416405,-6.155999332666397,-9.458872720599174,-6.549431800842285,-3.630743980407715,-3.658074975013733,-6.926967948675156,-5.509116291999817,-9.773945398628712,-4.957849502563477,-3.275223359465599,-7.182803153991699,-7.4006127417087555,-4.949763298034668,-4.004199266433716,-8.210191950201988,-7.218587659299374,-7.797228932380676,-11.40555176883936,-4.312606334686279,-5.360652342438698,-5.8383592665195465,-9.103466719388962,1.677518606185913,-8.109188750386238,-13.564479928929359,-6.78226712346077,-6.942587375640869,-6.670022964477539,-11.514772615628317,-10.16525610908866,-12.571916626999155,-7.183008164167404,-7.126536160707474,-4.2501407861709595,-0.5547835826873779,-0.8979182243347168,-0.7934484481811523,0.3390383720397949,-0.35580992698669434,0.13415193557739258,0.0775752067565918,0.0,-0.8765947818756104,-0.42059803009033203,0.0,-1.4306761026382446,-0.47814249992370605,-0.5879731178283691,0.5023636817932129,-0.9718506336212158,-0.36611342430114746,-2.276674747467041,-6.546806193888187,-4.285053014755249,-7.694561667740345,-10.983657903969288,-3.1885021328926086,-10.18489247187972,-9.104006174951792,-4.643155336380005,-10.774388872087002,-7.721609055995941,-10.04563713632524,-6.3124226331710815,-3.996178060770035
Q,2.342582494020462,-3.172598749399185,0.0,-7.95472864434123,-1.0391242504119873,-4.044748239219189,-9.337218110449612,-9.023966032080352,-5.410883545875549,-4.4195567816495895,-7.025396570563316,-5.404805168509483,0.0,-7.049269465729594,-5.993461575359106,-3.916448265314102,-7.6790104657411575,-4.256450302898884,-3.6305068135261536,-9.151249021291733,-6.615438461303711,-12.215829782187939,-1.904327392578125,-7.5499250292778015,-7.589829804375768,-7.284620149992406,-6.832154870033264,-4.03895115852356,-2.9913618564605713,-4.368367314338684,-1.4827256202697754,0.34741973876953125,-2.1857857704162598,-3.046337127685547,0.10434389114379883,-10.378783388994634,-6.5277053117752075,-6.429674915969372,0.0,-4.2211944013834,-4.631622426211834,-7.414165589958429,-2.541844964027405,-7.566669635474682,-8.213558234274387,-4.0063572488725185,-7.989409253001213,-8.517998397350311,-4.13089656829834,0.7014071941375732,-1.7233104705810547,-1.3178049325942993,-3.1341129541397095,-4.54998916387558,-3.554048240184784,-1.8782280683517456,0.9779617786407471,-2.4104907512664795,-3.1159844994544983,-5.189387917518616,-2.363581597805023,-7.398373894393444,-7.526567444205284,-1.9905873388051987,-6.068791538476944,-5.067857190966606,-7.553074836730957,-1.9230997562408447,-4.275298237800598,-5.7248395383358,-3.191895604133606,-6.382209368050098,-5.893549919128418,-8.173932179808617,-1.0199599266052246,-6.009118944406509,3.329582929611206,-1.2244517803192139,-6.850529417395592,-8.465431474149227,0.0,-8.596385814249516,-4.418458461761475,-7.052156820893288,-7.502497106790543,-4.339130610227585,-2.5485544204711914,-4.538102343678474,-10.222326379735023,-10.720996409654617,-8.753722667694092,-7.146024703979492,-11.489451608853415,-8.5467630289495,-12.543679284164682,-8.408216923475266,-2.2774453461170197,-2.4820224046707153,-1.4899494647979736,0.33838415145874023,-0.36046361923217773,0.0810537338256836,-0.595949649810791,0.15755939483642578,-0.2353804111480713,-0.31394100189208984,-0.5275185108184814,-0.3737921714782715,-0.8980765342712402,-1.1158949136734009,-0.4107973575592041,-0.6810729503631592,0.2783632278442383,-1.4688777923583984,0.895287036895752,-2.11171555519104,-5.575104095041752,-3.1934053897857666,-7.015546031296253,-9.425206251442432,0.0,-9.615358170121908,-10.052337054163218,-1.7335002422332764,-11.757510744035244,-6.22369521856308,-10.116101270541549,-4.4307907819747925,-6.303949266672134
R,-1.690201759338379,-5.862144380807877,-3.17017662525177,-8.179779570549726,-3.0060120820999146,-9.455089502036572,-8.064533059485257,-6.294501501135528,-4.469252228736877,-5.397900268435478,-8.126667246222496,-5.236413463950157,-1.1644742488861084,-8.707859305664897,-4.869305100291967,-4.396572262048721,-6.697056844830513,-5.67036784440279,0.0,-9.931757062673569,-5.000063419342041,-7.777467183768749,-0.44298481941223145,-6.801819980144501,-6.446051957085729,-6.124319895170629,-7.129820466041565,-4.8668506145477295,-3.798638105392456,-3.7852174043655396,-2.121176242828369,1.3320541381835938,-1.884962558746338,-3.838329792022705,-1.9977011680603027,-8.142073794268072,-6.694907307624817,0.0,-5.576249875128269,-3.2771107107400894,-5.510780923068523,-4.148033235222101,-0.38520050048828125,-5.201432399451733,-8.747605361044407,-8.645700987428427,-6.13945560157299,-8.973155677318573,-2.6055989265441895,0.9451968669891357,-2.301723003387451,-0.6233507394790649,-4.930238842964172,-4.214654386043549,-3.0955085158348083,-1.6332405805587769,-0.40735960006713867,-0.9969942569732666,-2.138917028903961,-3.988319993019104,-7.062975585460663,-5.413553528487682,-9.235393986105919,-2.0726586431264877,-4.702216297388077,0.0,-8.021587371826172,-4.820997714996338,-5.192270398139954,-6.704794734716415,0.0,-10.129538126289845,-6.392064094543457,-7.98882494866848,-0.5351331233978271,-6.462304025888443,0.6266326904296875,-4.486464262008667,-7.769117578864098,-9.35545089095831,-5.6574946641922,-8.284772731363773,-5.246353626251221,-3.529403105378151,-9.844885736703873,0.0,-1.6481375694274902,-6.740765288472176,-13.05744467349723,-7.107997447252274,-5.942210674285889,-6.261574745178223,-10.308766565518454,-9.047622289508581,-8.046561287948862,-7.950899571180344,0.0,-3.057930111885071,-0.9581716060638428,0.08223724365234375,0.48439931869506836,0.8346014022827148,0.0,0.8321022987365723,0.23429369926452637,0.6532951593399048,-0.19452524185180664,0.37478041648864746,-0.2392594814300537,-0.6345394849777222,0.0,-0.4357423782348633,0.6709437370300293,-1.1792893409729004,0.4477241039276123,-2.469010829925537,-7.016353465616703,-3.9702746868133545,-5.464448161423206,-6.759288854897022,-1.15487939119339,-5.883543308824301,-8.054989222437143,-1.5695788860321045,-10.22988947480917,-5.253200471401215,-9.315104490146041,-3.8377779722213745,-4.784271150827408
S,-2.3489904403686523,-5.655464082956314,-3.845710873603821,-8.094975989311934,-4.061574101448059,-6.368400506675243,0.0,-5.286594110541046,-3.7767149209976196,-3.7187527865171432,-6.8872063010931015,-5.383835777640343,-1.7629445791244507,-4.9588582795113325,-4.356571163982153,-3.078332334756851,0.0,-7.54537308961153,-1.9026876091957092,-8.105992406606674,0.0,-6.787978582084179,-0.9333217144012451,-2.1364755034446716,0.0,-5.88004098739475,-3.983789086341858,0.0,-2.5387918949127197,0.0,2.5283247232437134,1.7010321617126465,-0.49393367767333984,-3.8026604652404785,3.030068516731262,-8.674573107622564,-5.600525975227356,-8.043201260268688,-8.185239590704441,-3.3335260301828384,-4.131295315921307,-5.707339379936457,-6.0349637269973755,-3.743308238685131,-8.918725050985813,-7.960570868104696,-7.41426257789135,-7.227966010570526,0.0,1.3774538040161133,-1.0466790199279785,-0.2647804021835327,0.0,-1.0430907607078552,-0.789644181728363,0.0,1.8428030014038086,-1.413886308670044,-4.153334677219391,-0.6552972793579102,-2.575741708278656,0.0,-7.7417077869176865,-6.596605643630028,-1.487057238817215,-6.724166318774223,-3.694753646850586,-0.898930549621582,-2.582344174385071,0.0,-4.237567067146301,-6.677048273384571,-1.420598030090332,0.0,0.02986764907836914,-0.927832156419754,0.7393417358398438,-3.411170721054077,-3.867202028632164,-7.970938943326473,-5.424937844276428,-7.75321850925684,0.7954854369163513,0.0,-8.072877794504166,-4.958188742399216,3.3645002841949463,-4.449736788868904,-9.453144174534827,-0.8608417809009552,-1.4866352081298828,-4.2130045890808105,-8.441637239651754,-6.648167695850134,-7.12316088587977,-3.5385811030864716,-3.4324765503406525,-2.3019243478775024,0.0,0.0,1.1813726425170898,1.1434400081634521,-0.01241922378540039,0.5640802383422852,0.47893309593200684,0.03631877899169922,-0.5727295875549316,0.7081599235534668,0.23143315315246582,-0.46598803997039795,0.6727545261383057,0.0,1.734894037246704,-0.21073508262634277,1.102804183959961,-1.8551506996154785,-5.479324199259281,-2.041846990585327,-5.94300002604723,-4.292335100471973,-1.6099041104316711,-6.585583504289389,-3.9674249924719334,-2.565875291824341,-10.21211489289999,-1.9298016428947449,-8.793756490573287,0.0,0.0
T,-3.3250889778137207,-4.845680147409439,-4.747726559638977,-8.85505060479045,-2.399537205696106,-8.241640023887157,-5.590788667090237,-9.205322462134063,-5.827216744422913,-5.853342697024345,-6.9067680686712265,-5.735719665884972,-3.0466994047164917,-6.0933845322579145,-6.1277775429189205,-5.827249199151993,-2.7046452313661575,-6.67544711381197,-2.9244897961616516,-6.441454499959946,-0.757197380065918,-10.720615319907665,-0.20252084732055664,-1.5458316206932068,-4.6804407853633165,-9.08142505493015,-5.952221035957336,0.2490437626838684,-1.8448865413665771,0.09656882286071777,0.0,-0.16613149642944336,-1.284092903137207,-0.9495820999145508,0.0,-12.407496615312994,-3.4606000185012817,-8.648383907973766,-9.680869854986668,-4.503904476761818,-5.371254079043865,-8.822905156761408,-6.9111567735672,-5.800960712134838,-9.654645003378391,-7.105057295411825,-8.727107807993889,-5.295169532299042,-2.148324489593506,0.23024964332580566,-0.25888800621032715,-1.5739647150039673,-1.0311890840530396,-2.6596288084983826,-2.6753804087638855,-0.7113298177719116,3.2895310521125793,-1.796419382095337,-3.892381250858307,-3.3548561334609985,-4.765411078929901,-4.3460491225123405,-4.433852657675743,-7.0664723962545395,-5.048196941614151,-7.12323896586895,-2.6549313068389893,0.0,-2.1885238885879517,-1.5768308341503143,-4.510712265968323,-8.96860558539629,-0.6236789226531982,-5.27819262444973,-1.8186664581298828,-5.158369451761246,2.828855037689209,-2.725034475326538,-5.1450188010931015,-7.438101552426815,-5.783942341804504,-6.110067702829838,-1.6049187183380127,-3.8354505449533463,-7.552451521158218,-2.376649111509323,4.1333287358284,-5.858395293354988,-11.720543008763343,0.0,-3.2519803047180176,0.4818440079689026,-11.37722226162441,-9.117786016315222,-10.20445160777308,-3.096435993909836,-3.71664360165596,-3.1773968935012817,0.4301544427871704,0.861851692199707,1.6184924840927124,0.3080713748931885,0.017403364181518555,0.14045143127441406,-0.09061384201049805,-0.4618391990661621,-1.3903143405914307,-0.18259096145629883,-0.01573467254638672,-1.1944142580032349,0.1638047695159912,-0.39158177375793457,0.7870621681213379,-0.40315937995910645,0.6011922359466553,-2.005711793899536,-6.27699837833643,-0.05544614791870117,-7.035166926681995,-6.967900343239307,-3.3297699093818665,-9.262698944658041,0.0,0.9821655750274658,-7.13440664857626,0.0,-7.865734105929732,-1.769666075706482,-4.567814260721207
V,-3.659730911254883,0.0,-4.411890625953674,-5.738206904381514,0.0,-8.009666375815868,-10.127473657019436,-7.360367971472442,-5.8319984674453735,-5.382436439394951,-2.1285247653722763,0.0,-5.079279780387878,-7.825204638764262,-7.611922230571508,-5.571285396814346,-7.1672588139772415,-3.4558590725064278,-7.033220589160919,-1.7216949164867401,-6.478925704956055,-8.837497644126415,-0.7297790050506592,-1.1642243266105652,-8.289845826104283,-8.961041792295873,-5.289249539375305,-4.34587836265564,0.0,-4.682705521583557,-3.1330509185791016,0.17534971237182617,-1.8520054817199707,0.24527430534362793,-1.3340234756469727,-9.385379954241216,0.0,-9.953594021499157,-7.68657473474741,-3.5706404596567154,-6.087581269443035,-8.134360883384943,-8.483208298683167,-5.612465552985668,-6.9698896780610085,-5.263461168855429,-6.964045807719231,0.0,-1.4467663764953613,0.0,0.6123278141021729,-2.308183789253235,-3.2317615747451782,-4.5414199233055115,-3.9620439410209656,-2.321586489677429,1.1067681312561035,-2.2538375854492188,-4.146957457065582,-5.095873475074768,-6.747509658336639,-6.7828777357935905,0.0,-8.219173297286034,-8.475399643182755,-8.481914445757866,-1.6861672401428223,-2.796807050704956,-1.062292456626892,-6.21563133597374,-5.070915341377258,-6.2888518050313,-3.8730859756469727,-7.912870034575462,-3.6508846282958984,-7.92281237244606,1.1605794429779053,1.6592791080474854,-5.958550199866295,-3.9304714426398277,-5.5107375383377075,-5.080304481089115,-5.475747108459473,-7.179837122559547,-3.5620128214359283,-6.589484423398972,0.0,-6.395233824849129,-9.903228860814124,-8.553347140550613,-4.200527667999268,0.0,-10.5048257925082,-9.449933614581823,-9.956434296676889,-2.6219527423381805,-4.644024640321732,-3.0403186082839966,-1.7664415836334229,2.0220366716384888,1.4834975004196167,0.0,-1.679368495941162,-0.054715633392333984,-0.10223627090454102,-1.040656566619873,-0.5841383934020996,-0.24860453605651855,-0.6639072895050049,-0.8542712926864624,-0.25450944900512695,-0.8331632614135742,0.0,-0.9612724781036377,0.39276123046875,-0.939950704574585,-6.596062518656254,-0.32510828971862793,-6.794009871780872,-7.75752217322588,-5.222507297992706,-8.19832020625472,-7.616357687860727,-1.4960103034973145,0.0,-3.6151313185691833,0.0,-2.9796289205551147,-6.7872494757175446
W,-4.061312198638916,-7.761999040842056,-7.172711491584778,-9.082150977104902,-6.145401120185852,-11.329557351768017,-10.620917146094143,-9.379076200537384,-9.35365641117096,-10.549443885684013,-9.047847971320152,-8.402578815817833,-6.8645442724227905,-11.089226989075541,-9.443115677684546,-8.723016887903214,-8.957624033093452,-8.459027417004108,-5.941654026508331,-10.284393399953842,-7.184459686279297,-8.596634797751904,-6.328175783157349,-6.594737231731415,-8.76466596312821,-8.53660140838474,-5.756103157997131,-7.053926229476929,-3.1070258617401123,-4.891870141029358,-2.6737313270568848,1.0920357704162598,0.11773574352264404,0.20348691940307617,-2.7712435722351074,0.0,-6.431240200996399,-6.828521065413952,-7.336540497839451,-8.805594578385353,-10.342483155429363,-9.171545598655939,-7.0467435121536255,-9.98070877045393,-9.471564330160618,-14.15331607684493,0.0,-10.787454307079315,-4.950568675994873,0.5870025157928467,-3.663646697998047,-1.3136388063430786,-5.140119671821594,-4.394596040248871,-3.6193992495536804,-3.0371564626693726,-0.40064001083374023,-2.644254446029663,-5.791641294956207,-9.494123101234436,-9.752189338207245,-8.493606381118298,-9.173202022910118,-7.547064647078514,-9.72385373711586,-7.349720880389214,-6.570225238800049,-6.375344276428223,-3.3610111474990845,-6.978043407201767,-5.154171109199524,-11.849891252815723,-9.011228561401367,-9.80521784722805,-7.1407470703125,-10.75030317902565,-2.121173858642578,-3.248908758163452,-6.020014986395836,-8.501337312161922,-7.299763798713684,-10.891353465616703,-7.825602054595947,-8.562188997864723,-11.106474786996841,-6.806628435850143,-4.187398910522461,-8.42456503212452,-13.837291818577796,-10.750499278306961,-7.744334697723389,-8.547748565673828,-11.07632466335781,-9.664042081683874,-8.682317780563608,-8.732705563306808,-3.424860507249832,-3.2567611932754517,-2.4845216274261475,-0.8552031517028809,0.8603920936584473,-0.3811612129211426,-1.1351289749145508,-0.7271273136138916,-1.54852294921875,-1.1431000232696533,-1.9509360790252686,-1.212714672088623,-1.9726614952087402,-1.7632795572280884,-0.7596859931945801,-1.5163288116455078,0.10693931579589844,-1.2281453609466553,0.8296003341674805,-2.621735095977783,-7.9083670154213905,-5.461779356002808,0.0,-10.772950239479542,-8.805189907550812,-10.688388641923666,-13.172104243189096,-5.474525213241577,-13.414844118058681,-8.286615788936615,-10.792833333835006,-8.286051630973816,-8.133390814065933
Y,-4.901048183441162,-7.104193598031998,-8.057645440101624,-9.453458350151777,-7.847797989845276,-10.157443933188915,-9.004774873144925,-11.706108289770782,-11.301809906959534,-11.190345451235771,-10.990797266364098,-8.92904232442379,-7.5913180112838745,-11.358077315613627,-9.437912430614233,-9.357341915369034,-8.210200861096382,-8.443267948925495,-6.618352234363556,-10.514641851186752,-5.814986228942871,-7.28887265175581,-7.942784547805786,-5.993304908275604,-9.395306946709752,-11.136547430418432,0.8838134109973907,-4.95755934715271,-0.5197627544403076,-3.5276585817337036,-0.6571054458618164,5.610343307256699,0.0,-2.251842498779297,0.06359148025512695,-9.633108302019536,-5.703347325325012,-9.73216038197279,-7.515421189367771,-7.699226513504982,-9.686158768832684,-11.2481685616076,-8.357662796974182,-10.832821540534496,-11.559919394552708,-11.150010641664267,-5.509625241160393,-9.101358115673065,-3.7187952995300293,1.7509188652038574,-1.6229243278503418,0.0,-2.5842705965042114,-3.1444939970970154,-1.9360362887382507,-1.1445564031600952,-0.030986309051513672,0.0,0.0,-7.4775062799453735,-6.766941726207733,-7.412120155990124,-8.57984970510006,-9.458953723311424,-7.675741344690323,-8.913560792803764,-3.653113842010498,-5.277756690979004,-1.8386026620864868,-4.336976855993271,-6.09622585773468,-7.016095228493214,-6.140547275543213,-7.968455418944359,-4.892298698425293,-6.642716318368912,-1.1645078659057617,-1.783855676651001,0.0,-9.084443353116512,-6.195925354957581,-9.415530063211918,-6.368403911590576,-6.747101679444313,-12.831128031015396,-10.37301418185234,-3.252375602722168,-9.677273467183113,-7.864243608433753,-9.926867991685867,-10.550652027130127,-8.177109718322754,0.0,0.0,-7.672600316116586,-8.188827008008957,-4.455921918153763,-1.9197641611099243,-0.5095243453979492,-0.7028489112854004,-0.8144693374633789,0.05678844451904297,-1.6702070236206055,-0.8788399696350098,-1.2128374576568604,-1.1322360038757324,-1.3340365886688232,-0.011270523071289062,-0.7572124004364014,-1.3402496576309204,-0.15056681632995605,-0.7493612766265869,0.5177140235900879,-0.1073753833770752,1.436746597290039,0.7396054267883301,-4.438311912119389,0.5121939182281494,-5.381025023758411,-10.929220266640186,-6.847565472126007,-11.606945808976889,-12.587421778589487,-6.9709436893463135,-13.024690233170986,-7.0564441084861755,-9.672615056857467,-7.7618550062179565,-7.0210985243320465
