WP_237560107	WP_237560107
WP_237560107	WP_246867215
WP_237560107	WP_109105108
WP_237560107	WP_240946981
WP_237560107	WP_225622290
WP_237560107	WP_242754725
WP_237560107	WP_253937739
WP_237560107	WP_168364064
WP_237560107	WP_083961152
WP_237560107	WP_284602517
WP_237560107	WP_459607884
WP_237560107	WP_276217723
WP_237560107	WP_033575658
WP_237560107	WP_193747066
WP_237560107	WP_289431877
WP_237560107	WP_123252493
WP_237560107	WP_224062935
WP_237560107	WP_210182706
WP_237560107	WP_336676309
WP_237560107	WP_035346047
WP_237560107	WP_033568351
WP_237560107	WP_123250813
WP_237560107	WP_336680574
WP_237560107	WP_253940860
WP_237560107	WP_057083181
WP_237560107	WP_210194456
WP_237560107	WP_033111818
WP_237560107	WP_027712277
WP_237560107	WP_374069171
WP_237560107	WP_022633295
WP_237560107	WP_336684906
WP_237560107	WP_246871382
WP_237560107	WP_046830397
WP_237560107	WP_038927256
WP_237560107	WP_253001382
WP_237560107	WP_152486905
WP_237560107	WP_234424360
WP_237560107	WP_407336648
WP_237560107	WP_038659448
WP_237560107	WP_303314430
WP_237560107	WP_438900721
WP_237560107	WP_150434319
WP_237560107	WP_350313782
WP_237560107	WP_226054314
WP_237560107	WP_038911091
WP_237560107	WP_038922582
WP_237560107	WP_188726066
WP_237560107	WP_024105652
WP_237560107	WP_226102603
WP_237560107	WP_033581201
WP_237560107	WP_248587731
WP_237560107	WP_152426575
WP_237560107	WP_051125469
WP_237560107	WP_226093581
WP_237560107	WP_038914082
WP_237560107	WP_202438274
WP_237560107	WP_226053418
WP_237560107	WP_102801659
WP_237560107	WP_197724542
WP_237560107	WP_161128624
WP_237560107	WP_448623265
WP_237560107	WP_220178381
WP_237560107	WP_024108706
WP_237560107	WP_263065458
WP_237560107	WP_219953160
WP_237560107	WP_406619471
WP_237560107	WP_459581947
WP_237560107	WP_174213738
WP_237560107	WP_407321320
WP_237560107	WP_193745943
WP_237560107	WP_041164442
WP_237560107	WP_033581523
WP_237560107	WP_336700354
WP_237560107	WP_216282684
WP_237560107	WP_236614461
WP_237560107	WP_038926470
WP_237560107	WP_226860721
WP_237560107	WP_038901054
WP_237560107	WP_226510784
WP_237560107	WP_015853996
WP_237560107	WP_125259727
WP_237560107	WP_246236224
WP_237560107	WP_413723269
WP_237560107	WP_136990550
WP_237560107	WP_413739495
WP_237560107	WP_331119506
WP_237560107	WP_413737963
WP_237560107	WP_323476468
WP_237560107	WP_410014319
WP_237560107	WP_288144859
WP_237560107	WP_445463688
WP_237560107	WP_423732467
WP_237560107	WP_445612231
WP_237560107	WP_130994203
WP_237560107	WP_227660212
WP_237560107	WP_282806793
WP_237560107	WP_332538721
WP_237560107	WP_226228635
WP_237560107	WP_255999796
WP_237560107	WP_332542074
WP_237560107	WP_080939091
WP_237560107	WP_115348713
WP_237560107	WP_278426750
WP_237560107	WP_004096101
WP_237560107	WP_279204105
WP_237560107	WP_130955994
WP_237560107	WP_483098018
WP_237560107	WP_080950874
WP_237560107	WP_080764370
WP_237560107	WP_130934138
WP_237560107	WP_115103226
WP_237560107	WP_082790877
WP_237560107	WP_426762465
WP_237560107	WP_080737045
WP_237560107	WP_367300287
WP_237560107	WP_130971587
WP_237560107	WP_408877783
WP_237560107	WP_103009251
WP_237560107	WP_441681783
WP_237560107	WP_458926990
WP_237560107	WP_081250239
WP_237560107	WP_149226138
WP_237560107	WP_130984992
WP_237560107	WP_282107340
WP_237560107	WP_279155967
WP_237560107	WP_072309324
WP_237560107	WP_224452419
WP_237560107	WP_046449866
WP_237560107	WP_256385889
WP_237560107	WP_043492085
WP_237560107	WP_474513611
WP_237560107	WP_166492945
WP_237560107	WP_326490694
WP_237560107	WP_313883799
WP_237560107	WP_336191326
WP_237560107	WP_111329217
WP_237560107	WP_130997839
WP_237560107	WP_326490407
WP_237560107	WP_232036552
WP_237560107	WP_235432599
WP_237560107	WP_159567462
WP_237560107	WP_258554844
WP_237560107	WP_261821723
WP_237560107	WP_228397651
WP_237560107	WP_445494191
WP_237560107	WP_166285602
WP_237560107	WP_046975606
WP_237560107	WP_449591806
WP_237560107	WP_228940267
WP_237560107	WP_262978849
WP_237560107	WP_471805515
WP_237560107	WP_036837432
WP_237560107	WP_036850842
WP_237560107	WP_023046116
WP_237560107	WP_350304522
WP_237560107	WP_445374306
WP_237560107	WP_133815050
WP_237560107	WP_387463536
WP_237560107	WP_132352227
WP_237560107	WP_112894846
WP_237560107	WP_225814498
WP_237560107	WP_214055020
WP_237560107	WP_054475283
WP_237560107	WP_188093336
WP_237560107	WP_036777912
WP_237560107	WP_475848378
WP_237560107	WP_350387705
WP_237560107	WP_041380013
WP_237560107	WP_214089222
WP_237560107	WP_350404272
WP_237560107	WP_172909269
WP_237560107	WP_132344309
WP_237560107	WP_113042181
WP_237560107	WP_214067909
WP_237560107	WP_228901345
WP_237560107	WP_065391326
WP_237560107	WP_387492400
WP_237560107	WP_049583450
WP_237560107	WP_165577914
WP_237560107	WP_105398901
WP_237560107	WP_265514590
WP_237560107	WP_166303113
WP_237560107	WP_088372371
WP_237560107	WP_105396651
WP_237560107	WP_036814614
WP_237560107	WP_271867061
WP_237560107	WP_265380795
WP_237560107	WP_217471243
WP_237560107	WP_341498330
WP_237560107	WP_118985334
WP_237560107	WP_323836228
WP_237560107	WP_112876124
WP_237560107	WP_229000284
WP_237560107	WP_261830807
WP_237560107	WP_027272946
WP_237560107	WP_111740598
WP_237560107	WP_438624019
WP_237560107	WP_435134448
WP_237560107	WP_152138026
WP_237560107	WP_219257166
WP_237560107	WP_479535515
WP_237560107	WP_370598862
WP_237560107	WP_438641317
WP_237560107	WP_438646312
WP_237560107	WP_207542025
WP_237560107	WP_311756155
WP_237560107	WP_407091450
WP_237560107	WP_347811045
WP_237560107	WP_438635953
WP_237560107	WP_039045302
WP_237560107	WP_230432125
WP_237560107	WP_438642284
WP_237560107	WP_483728193
WP_237560107	WP_340614780
WP_237560107	WP_434465300
WP_237560107	WP_275381105
WP_237560107	WP_434473020
WP_237560107	WP_275373297
WP_237560107	WP_323865444
WP_237560107	WP_422645998
WP_237560107	WP_274724389
WP_237560107	WP_446469516
WP_237560107	WP_275367249
WP_237560107	WP_099109163
WP_237560107	WP_275387489
WP_237560107	WP_242425209
WP_237560107	WP_274727417
WP_237560107	WP_231571453
WP_237560107	WP_115827378
WP_237560107	WP_038223795
WP_237560107	WP_099134585
WP_237560107	WP_038264401
WP_237560107	WP_339384680
WP_237560107	WP_099121215
WP_237560107	WP_339389304
WP_237560107	WP_254852845
WP_237560107	WP_275350347
WP_237560107	WP_228863471
WP_237560107	WP_416776134
WP_237560107	WP_038248263
WP_237560107	WP_338114362
WP_237560107	WP_434467927
WP_237560107	WP_275378001
WP_237560107	WP_038203918
WP_237560107	WP_273578456
WP_237560107	WP_038253251
WP_237560107	WP_238097547
WP_237560107	WP_275391002
WP_237560107	WP_012987506
WP_237560107	WP_338882806
WP_237560107	WP_258086337
WP_237560107	WP_426577780
WP_237560107	WP_340621244
WP_237560107	WP_273550492
WP_237560107	WP_038218550
WP_237560107	WP_228858669
WP_237560107	WP_099124675
WP_237560107	WP_275353821
WP_237560107	WP_340610587
WP_237560107	WP_038187973
WP_237560107	WP_196245666
WP_237560107	WP_434525356
WP_237560107	WP_036774317
WP_237560107	WP_065823810
WP_237560107	WP_015835027
WP_237560107	WP_166686724
WP_237560107	WP_430261666
WP_237560107	WP_166685360
WP_237560107	WP_445575881
WP_237560107	WP_042846579
WP_237560107	WP_206227328
WP_237560107	WP_129466762
WP_237560107	WP_131680501
WP_237560107	WP_272692617
WP_237560107	WP_405127778
WP_237560107	WP_210846877
WP_237560107	WP_456254162
WP_237560107	WP_048606507
WP_237560107	WP_071547849
WP_237560107	WP_241540939
WP_237560107	WP_053908993
WP_237560107	WP_337265563
WP_237560107	WP_290097066
WP_237560107	WP_047255679
WP_237560107	WP_241542585
WP_237560107	WP_283318096
WP_237560107	WP_045424809
WP_237560107	WP_283294539
WP_237560107	WP_392405244
WP_237560107	WP_015461206
WP_237560107	WP_225857617
WP_237560107	WP_280977037
WP_237560107	WP_012848019
WP_237560107	WP_129985665
WP_237560107	WP_392454505
WP_237560107	WP_218465492
WP_237560107	WP_034164996
WP_237560107	WP_456176910
WP_237560107	WP_139354944
WP_237560107	WP_354666665
WP_237560107	WP_273821721
WP_237560107	WP_024236421
WP_237560107	WP_310509104
WP_237560107	WP_280937308
WP_237560107	WP_334468390
WP_237560107	WP_406937650
WP_237560107	WP_441833025
WP_237560107	WP_272690484
WP_237560107	WP_014657796
WP_237560107	WP_225574813
WP_237560107	WP_369427529
WP_237560107	WP_369476070
WP_237560107	WP_008912006
WP_237560107	WP_323084881
WP_237560107	WP_249999189
WP_237560107	WP_112860077
WP_237560107	WP_273827243
WP_237560107	WP_369509561
WP_237560107	WP_213913455
WP_237560107	WP_349422621
WP_237560107	WP_321157873
WP_237560107	WP_318706972
WP_237560107	WP_154600798
WP_237560107	WP_371007381
WP_237560107	WP_368877590
WP_237560107	WP_368884501
WP_237560107	WP_036965432
WP_237560107	WP_272657970
WP_237560107	WP_247046896
WP_237560107	WP_181480694
WP_237560107	WP_206085372
WP_237560107	WP_251464541
WP_237560107	WP_154604362
WP_237560107	WP_430236378
WP_237560107	WP_430251643
WP_237560107	WP_369462751
WP_237560107	WP_211884986
WP_237560107	WP_272674146
WP_237560107	WP_369308292
WP_237560107	WP_369487706
WP_237560107	WP_008915125
WP_237560107	WP_419210809
WP_237560107	WP_154610032
WP_237560107	WP_471871999
WP_237560107	WP_272521286
WP_237560107	WP_248467844
WP_237560107	WP_231131857
WP_237560107	WP_369471357
WP_237560107	WP_272680625
WP_237560107	WP_272687499
WP_237560107	WP_036949712
WP_237560107	WP_154630529
WP_237560107	WP_286270229
WP_237560107	WP_132494368
WP_237560107	WP_154631934
WP_237560107	WP_154633932
WP_237560107	WP_140180675
WP_237560107	WP_272689378
WP_237560107	WP_163862707
WP_237560107	WP_154599906
WP_237560107	WP_181478164
WP_237560107	WP_070925101
WP_237560107	WP_154622695
WP_237560107	WP_438872272
WP_237560107	WP_406935978
WP_237560107	WP_108479411
WP_237560107	WP_125893356
WP_237560107	WP_036974563
WP_237560107	WP_272581076
WP_237560107	WP_439653082
WP_237560107	WP_154625226
WP_237560107	WP_272679406
WP_237560107	WP_473742950
WP_237560107	WP_430224862
WP_237560107	WP_353243301
WP_237560107	WP_349492973
WP_237560107	WP_423140204
WP_237560107	WP_224060515
WP_237560107	WP_319068798
WP_237560107	WP_294103214
WP_237560107	WP_455430675
WP_237560107	WP_224050891
WP_237560107	WP_154628635
WP_237560107	WP_441829699
WP_237560107	WP_433587531
WP_237560107	WP_006660150
WP_237560107	WP_432701659
WP_237560107	WP_036979618
WP_237560107	WP_273804431
WP_237560107	WP_311007893
WP_237560107	WP_001508737
WP_237560107	WP_094907417
WP_237560107	WP_072617306
WP_237560107	WP_471723861
WP_237560107	WP_434311992
WP_237560107	WP_000440873
WP_237560107	WP_265747854
WP_237560107	WP_044722907
WP_237560107	WP_065227252
WP_237560107	WP_053921461
WP_237560107	WP_387321666
WP_237560107	WP_421005702
WP_237560107	WP_182110895
WP_237560107	WP_021517207
WP_237560107	WP_191651014
WP_237560107	WP_235398937
WP_237560107	WP_396013529
WP_237560107	WP_180389879
WP_237560107	WP_137439292
WP_237560107	WP_000440891
WP_237560107	WP_032294820
WP_237560107	WP_407822331
WP_237560107	WP_052892283
WP_237560107	WP_062875542
WP_237560107	WP_042003097
WP_237560107	WP_319790245
WP_237560107	WP_072646266
WP_237560107	WP_001458096
WP_237560107	WP_410403573
WP_237560107	WP_033554844
WP_237560107	WP_240747377
WP_237560107	WP_179149957
WP_237560107	WP_105271585
WP_237560107	WP_096880307
WP_237560107	WP_282656529
WP_237560107	WP_105263642
WP_237560107	WP_000440939
WP_237560107	WP_253168813
WP_237560107	WP_303751653
WP_237560107	WP_107533387
WP_237560107	WP_279748923
WP_237560107	WP_370966711
WP_237560107	WP_432224055
WP_237560107	WP_320684211
WP_237560107	WP_223561051
WP_237560107	WP_464356608
WP_237560107	WP_023619761
WP_237560107	WP_049008203
WP_237560107	WP_182930974
WP_237560107	WP_095452806
WP_237560107	WP_325820204
WP_237560107	WP_193806163
WP_237560107	WP_249564202
WP_237560107	WP_407223523
WP_237560107	WP_023325672
WP_237560107	WP_032652751
WP_237560107	WP_274240362
WP_237560107	WP_111965318
WP_237560107	WP_410387936
WP_237560107	WP_410384351
WP_237560107	WP_218655992
WP_237560107	WP_473713326
WP_237560107	WP_126330792
WP_237560107	WP_448160195
WP_237560107	WP_061709738
WP_237560107	WP_096989596
WP_237560107	WP_172614154
WP_237560107	WP_130053436
WP_237560107	WP_250275551
WP_237560107	WP_162676477
WP_237560107	WP_310994826
WP_237560107	WP_112935520
WP_237560107	WP_063116348
WP_237560107	WP_267604679
WP_237560107	WP_033801501
WP_237560107	WP_395003851
WP_237560107	WP_134892503
WP_237560107	WP_155018458
WP_237560107	WP_318838079
WP_237560107	WP_094317263
WP_237560107	WP_096249588
WP_237560107	WP_089632110
WP_237560107	WP_338315780
WP_237560107	WP_160456228
WP_237560107	WP_188152521
WP_237560107	WP_033805877
WP_237560107	WP_137562984
WP_237560107	WP_052903504
WP_237560107	WP_112042004
WP_237560107	WP_000440918
WP_237560107	WP_052975140
WP_237560107	WP_215715088
WP_237560107	WP_088551621
WP_237560107	WP_096314964
WP_237560107	WP_130076221
WP_237560107	WP_054495728
WP_237560107	WP_128456444
WP_237560107	WP_024242003
WP_237560107	WP_061309345
WP_237560107	WP_354666676
WP_237560107	WP_113519438
WP_237560107	WP_454974940
WP_237560107	WP_059242200
WP_237560107	WP_274545989
WP_237560107	WP_370975868
WP_237560107	WP_433644696
WP_237560107	WP_326467373
WP_237560107	WP_225285109
WP_237560107	WP_319878905
WP_237560107	WP_006811303
WP_237560107	WP_479985683
WP_237560107	WP_038416420
WP_237560107	WP_148752250
WP_237560107	WP_029740404
WP_237560107	WP_395995920
WP_237560107	WP_203121951
WP_237560107	WP_114977710
WP_237560107	WP_038984033
WP_237560107	WP_251109165
WP_237560107	WP_256066595
WP_237560107	WP_116338694
WP_237560107	WP_224065853
WP_237560107	WP_088127074
WP_237560107	WP_464355456
WP_237560107	WP_222566985
WP_237560107	WP_232947047
WP_237560107	WP_276349388
WP_237560107	WP_119937019
WP_237560107	WP_290093424
WP_237560107	WP_047652517
WP_237560107	WP_333032734
WP_237560107	WP_369496426
WP_237560107	WP_097364023
WP_237560107	WP_064186592
WP_237560107	WP_139619124
WP_237560107	WP_253172901
WP_237560107	WP_373446753
WP_237560107	WP_001723698
WP_237560107	WP_089703379
WP_237560107	WP_348918808
WP_237560107	WP_235256243
WP_237560107	WP_186213208
WP_237560107	WP_480004599
WP_237560107	WP_223345746
WP_237560107	WP_206355755
WP_237560107	WP_170969521
WP_237560107	WP_001497686
WP_237560107	WP_135941382
WP_237560107	WP_276334150
WP_237560107	WP_266226471
WP_237560107	WP_162943310
WP_237560107	WP_001520852
WP_237560107	WP_309204324
WP_237560107	WP_096946282
WP_237560107	WP_096984075
WP_237560107	WP_249573437
WP_237560107	WP_259429203
WP_237560107	WP_061348972
WP_237560107	WP_434413068
WP_237560107	WP_204084350
WP_237560107	WP_001504437
WP_237560107	WP_447322708
WP_237560107	WP_021567454
WP_237560107	WP_400247669
WP_237560107	WP_282517550
WP_237560107	WP_074500742
WP_237560107	WP_033553135
WP_237560107	WP_097433979
WP_237560107	WP_272471259
WP_237560107	WP_233073929
WP_237560107	WP_059273643
WP_237560107	WP_000440938
WP_237560107	WP_125399967
WP_237560107	WP_410034469
WP_237560107	WP_126814820
WP_237560107	WP_045343054
WP_237560107	WP_205922630
WP_237560107	WP_429863377
WP_237560107	WP_395029032
WP_237560107	WP_311392056
WP_237560107	WP_475682371
WP_237560107	WP_112012552
WP_237560107	WP_167211606
WP_237560107	WP_462072329
WP_237560107	WP_473719893
WP_237560107	WP_055321901
WP_237560107	WP_262815282
WP_237560107	WP_073396149
WP_237560107	WP_045418498
WP_237560107	WP_086532286
WP_237560107	WP_193051498
WP_237560107	WP_252032345
WP_237560107	WP_049000365
WP_237560107	WP_479434890
WP_237560107	WP_159514572
WP_237560107	WP_420293288
WP_237560107	WP_312773628
WP_237560107	WP_373225730
WP_237560107	WP_337278491
WP_237560107	WP_312978430
WP_237560107	WP_206970280
WP_237560107	WP_180395124
WP_237560107	WP_098717154
WP_237560107	WP_231822344
WP_237560107	WP_220411234
WP_237560107	WP_152925091
WP_237560107	WP_420979120
WP_237560107	WP_285255910
WP_237560107	WP_158137918
WP_237560107	WP_105907090
WP_237560107	WP_053901212
WP_237560107	WP_054630833
WP_237560107	WP_059327978
WP_237560107	WP_447094613
WP_237560107	WP_348905364
WP_237560107	WP_109550103
WP_237560107	WP_073714863
WP_237560107	WP_449262269
WP_237560107	WP_482517026
WP_237560107	WP_089608308
WP_237560107	WP_137585865
WP_237560107	WP_474296433
WP_237560107	WP_268648456
WP_237560107	WP_000440876
WP_237560107	WP_187200611
WP_237560107	WP_135258117
WP_237560107	WP_113456840
WP_237560107	WP_309212319
WP_237560107	WP_021576269
WP_237560107	WP_407231463
WP_237560107	WP_222695253
WP_237560107	WP_222678962
WP_237560107	WP_000440889
WP_237560107	WP_097423010
WP_237560107	WP_409221079
WP_237560107	WP_100733652
WP_237560107	WP_222691592
WP_237560107	WP_113640508
WP_237560107	WP_149454599
WP_237560107	WP_255121606
WP_237560107	WP_337057085
WP_237560107	WP_049012561
WP_237560107	WP_047053376
WP_237560107	WP_047746485
WP_237560107	WP_131634977
WP_237560107	WP_265460577
WP_237560107	WP_257260674
WP_237560107	WP_120157820
WP_237560107	WP_059347046
WP_237560107	WP_133549622
WP_237560107	WP_257830780
WP_237560107	WP_219983886
WP_237560107	WP_062934674
WP_237560107	WP_112779763
WP_237560107	WP_415347540
WP_237560107	WP_319875005
WP_237560107	WP_023338540
WP_237560107	WP_270292383
WP_237560107	WP_473718318
WP_237560107	WP_248214684
WP_237560107	WP_447857143
WP_237560107	WP_232929859
WP_237560107	WP_313046433
WP_237560107	WP_014884566
WP_237560107	WP_316379373
WP_237560107	WP_474209952
WP_237560107	WP_310823848
WP_237560107	WP_247154616
WP_237560107	WP_471723746
WP_237560107	WP_160467120
WP_237560107	WP_372604718
WP_237560107	WP_000440905
WP_237560107	WP_369774931
WP_237560107	WP_419772148
WP_237560107	WP_263308180
WP_237560107	WP_332970845
WP_237560107	WP_063103705
WP_237560107	WP_340518674
WP_237560107	WP_137553777
WP_237560107	WP_024226439
WP_237560107	WP_324668987
WP_237560107	WP_274763969
WP_237560107	WP_141222502
WP_237560107	WP_194849195
WP_237560107	WP_139534362
WP_237560107	WP_001679107
WP_237560107	WP_196067066
WP_237560107	WP_113813310
WP_237560107	WP_096322430
WP_237560107	WP_200931947
WP_237560107	WP_063086625
WP_237560107	WP_171872857
WP_237560107	WP_338389790
WP_237560107	WP_332152963
WP_237560107	WP_096179438
WP_237560107	WP_302300065
WP_237560107	WP_160177402
WP_237560107	WP_097714236
WP_237560107	WP_000440908
WP_237560107	WP_001510094
WP_237560107	WP_001592343
WP_237560107	WP_032298388
WP_237560107	WP_179312055
WP_237560107	WP_000440935
WP_237560107	WP_059258345
WP_237560107	WP_137654113
WP_237560107	WP_046076218
WP_237560107	WP_015572318
WP_237560107	WP_236315528
WP_237560107	WP_436438597
WP_237560107	WP_415342846
WP_237560107	WP_193939425
WP_237560107	WP_155023477
WP_237560107	WP_484611939
WP_237560107	WP_458592075
WP_237560107	WP_199028991
WP_237560107	WP_028016309
WP_237560107	WP_222168752
WP_237560107	WP_032675203
WP_237560107	WP_249456430
WP_237560107	WP_320733515
WP_237560107	WP_288447165
WP_237560107	WP_047366484
WP_237560107	WP_028013861
WP_237560107	WP_368277793
WP_237560107	WP_087529867
WP_237560107	WP_318594555
WP_237560107	WP_447221820
WP_237560107	WP_410378167
WP_237560107	WP_259389292
WP_237560107	WP_335245209
WP_237560107	WP_237425188
WP_237560107	WP_181593517
WP_237560107	WP_312816066
WP_237560107	WP_239638006
WP_237560107	WP_112021782
WP_237560107	WP_096194743
WP_237560107	WP_282649922
WP_237560107	WP_112871442
WP_237560107	WP_268556969
WP_237560107	WP_061093143
WP_237560107	WP_334361753
WP_237560107	WP_474257257
WP_237560107	WP_032179185
WP_237560107	WP_096859098
WP_237560107	WP_069904741
WP_237560107	WP_022645880
WP_237560107	WP_464288497
WP_237560107	WP_001475468
WP_237560107	WP_326388284
WP_237560107	WP_231361700
WP_237560107	WP_001621052
WP_237560107	WP_021539251
WP_237560107	WP_435392082
WP_237560107	WP_000440919
WP_237560107	WP_032259865
WP_237560107	WP_218066176
WP_237560107	WP_240766882
WP_237560107	WP_100209809
WP_237560107	WP_274515750
WP_237560107	WP_208484543
WP_237560107	WP_213855517
WP_237560107	WP_096122103
WP_237560107	WP_454078940
WP_237560107	WP_075861985
WP_237560107	WP_279281602
WP_237560107	WP_421647718
WP_237560107	WP_218662932
WP_237560107	WP_097475832
WP_237560107	WP_105275024
WP_237560107	WP_137325604
WP_237560107	WP_105175343
WP_237560107	WP_059219491
WP_237560107	WP_486509446
WP_237560107	WP_099543917
WP_237560107	WP_215771860
WP_237560107	WP_400454324
WP_237560107	WP_155031487
WP_237560107	WP_439184158
WP_237560107	WP_206227865
WP_237560107	WP_481241390
WP_237560107	WP_218400716
WP_237560107	WP_063440853
WP_237560107	WP_248766579
WP_237560107	WP_108090797
WP_237560107	WP_048979994
WP_237560107	WP_447855973
WP_237560107	WP_429802067
WP_237560107	WP_058683480
WP_237560107	WP_320736796
WP_237560107	WP_045629867
WP_237560107	WP_369904600
WP_237560107	WP_014170909
WP_237560107	WP_020883195
WP_237560107	WP_220425689
WP_237560107	WP_333178210
WP_237560107	WP_426728127
WP_237560107	WP_319874527
WP_237560107	WP_474483275
WP_237560107	WP_217479026
WP_237560107	WP_333891701
WP_237560107	WP_456172696
WP_237560107	WP_211068718
WP_237560107	WP_334611808
WP_237560107	WP_106719672
WP_237560107	WP_187200908
WP_237560107	WP_032288234
WP_237560107	WP_193125338
WP_237560107	WP_343484297
WP_237560107	WP_235239385
WP_237560107	WP_032179562
WP_237560107	WP_085452538
WP_237560107	WP_271711249
WP_237560107	WP_179151175
WP_237560107	WP_112047894
WP_237560107	WP_437591083
WP_237560107	WP_062870069
WP_237560107	WP_032197993
WP_237560107	WP_040234816
WP_237560107	WP_089180253
WP_237560107	WP_459246059
WP_237560107	WP_308400588
WP_237560107	WP_000440887
WP_237560107	WP_311032987
WP_237560107	WP_309186080
WP_237560107	WP_000440877
WP_237560107	WP_394746158
WP_237560107	WP_336417479
WP_237560107	WP_349399871
WP_237560107	WP_318069318
WP_237560107	WP_227473585
WP_237560107	WP_280087889
WP_237560107	WP_047624507
WP_237560107	WP_246977269
WP_237560107	WP_098030033
WP_237560107	WP_097483825
WP_237560107	WP_243051648
WP_237560107	WP_112886476
WP_237560107	WP_220400612
WP_237560107	WP_340441131
WP_237560107	WP_131109848
WP_237560107	WP_217188425
WP_237560107	WP_045141694
WP_237560107	WP_148419850
WP_237560107	WP_025756262
WP_237560107	WP_063138636
WP_237560107	WP_287810172
WP_237560107	WP_193131844
WP_237560107	WP_199008822
WP_237560107	WP_220119625
WP_237560107	WP_202761024
WP_237560107	WP_262788300
WP_237560107	WP_047174131
WP_237560107	WP_316371099
WP_237560107	WP_049120775
WP_237560107	WP_155020615
WP_237560107	WP_333164118
WP_237560107	WP_421627368
WP_237560107	WP_473711166
WP_237560107	WP_219986791
WP_237560107	WP_346720780
WP_237560107	WP_320727684
WP_237560107	WP_273905947
WP_237560107	WP_165715632
WP_237560107	WP_251848345
WP_237560107	WP_205915770
WP_237560107	WP_414235280
WP_237560107	WP_119915488
WP_237560107	WP_144130371
WP_237560107	WP_209192204
WP_237560107	WP_414671576
WP_237560107	WP_405073597
WP_237560107	WP_481985836
WP_237560107	WP_024044416
WP_237560107	WP_182116877
WP_237560107	WP_334287023
WP_237560107	WP_130570375
WP_237560107	WP_094337903
WP_237560107	WP_406584879
WP_237560107	WP_247834262
WP_237560107	WP_115209489
WP_237560107	WP_096835876
WP_237560107	WP_348968906
WP_237560107	WP_033816030
WP_237560107	WP_137415326
WP_237560107	WP_284570767
WP_237560107	WP_218684092
WP_237560107	WP_233336415
WP_237560107	WP_447304061
WP_237560107	WP_001526294
WP_237560107	WP_096985829
WP_237560107	WP_222699113
WP_237560107	WP_247150524
WP_237560107	WP_277967458
WP_237560107	WP_083576002
WP_237560107	WP_095092142
WP_237560107	WP_249768803
WP_237560107	WP_410225299
WP_237560107	WP_105278017
WP_237560107	WP_000440888
WP_237560107	WP_061089151
WP_237560107	WP_261633121
WP_237560107	WP_262019429
WP_237560107	WP_021548165
WP_237560107	WP_334288435
WP_237560107	WP_435625960
WP_237560107	WP_252857620
WP_237560107	WP_207610675
WP_237560107	WP_274416105
WP_237560107	WP_160863036
WP_237560107	WP_301239433
WP_237560107	WP_196348297
WP_237560107	WP_185846641
WP_237560107	WP_063150357
WP_237560107	WP_199160162
WP_237560107	WP_193543145
WP_237560107	WP_325827581
WP_237560107	WP_348574052
WP_237560107	WP_023336348
WP_237560107	WP_045328025
WP_237560107	WP_064672840
WP_237560107	WP_333111778
WP_237560107	WP_425973234
WP_237560107	WP_048972323
WP_237560107	WP_368528208
WP_237560107	WP_320697975
WP_237560107	WP_437255105
WP_237560107	WP_069602245
WP_237560107	WP_219373202
WP_237560107	WP_447840981
WP_237560107	WP_333060805
WP_237560107	WP_002463243
WP_237560107	WP_473721585
WP_237560107	WP_045354217
WP_237560107	WP_404599939
WP_237560107	WP_313083151
WP_237560107	WP_338383987
WP_237560107	WP_268605961
WP_237560107	WP_180465087
WP_237560107	WP_076486609
WP_237560107	WP_420514739
WP_237560107	WP_348829552
WP_237560107	WP_047645211
WP_237560107	WP_000440892
WP_237560107	WP_289689008
WP_237560107	WP_021579345
WP_237560107	WP_078267916
WP_237560107	WP_113708225
WP_237560107	WP_000440884
WP_237560107	WP_421515895
WP_237560107	WP_315680668
WP_237560107	WP_063105069
WP_237560107	WP_226169013
WP_237560107	WP_349420445
WP_237560107	WP_167820977
WP_237560107	WP_169788266
WP_237560107	WP_425675361
WP_237560107	WP_003921755
WP_237560107	WP_001766141
WP_237560107	WP_023144037
WP_237560107	WP_410225655
WP_237560107	WP_097467590
WP_237560107	WP_075330455
WP_237560107	WP_202791325
WP_237560107	WP_096950442
WP_237560107	WP_039076584
WP_237560107	WP_097495476
WP_237560107	WP_373964625
WP_237560107	WP_001607731
WP_237560107	WP_101984897
WP_237560107	WP_044720706
WP_237560107	WP_153275166
WP_237560107	WP_176258069
WP_237560107	WP_105197456
WP_237560107	WP_112024324
WP_237560107	WP_335042972
WP_237560107	WP_032654284
WP_237560107	WP_163293259
WP_237560107	WP_290319261
WP_237560107	WP_263609879
WP_237560107	WP_474079219
WP_237560107	WP_395036555
WP_237560107	WP_219984846
WP_237560107	WP_456157273
WP_237560107	WP_080328611
WP_237560107	WP_417313458
WP_237560107	WP_447551895
WP_237560107	WP_320731566
WP_237560107	WP_353797712
WP_237560107	WP_336209698
WP_237560107	WP_129995359
WP_237560107	WP_436324913
WP_237560107	WP_463704817
WP_237560107	WP_061097618
WP_237560107	WP_248180842
WP_237560107	WP_163305132
WP_237560107	WP_252043749
WP_237560107	WP_244047352
WP_237560107	WP_312804666
WP_237560107	WP_420278513
WP_237560107	WP_218726978
WP_237560107	WP_348561505
WP_237560107	WP_125291633
WP_237560107	WP_205438452
WP_237560107	WP_063118778
WP_237560107	WP_122224579
WP_237560107	WP_088545143
WP_237560107	WP_133286517
WP_237560107	WP_248787466
WP_237560107	WP_258315327
WP_237560107	WP_170890968
WP_237560107	WP_174623842
WP_237560107	WP_032209937
WP_237560107	WP_250790812
WP_237560107	WP_443432922
WP_237560107	WP_176258213
WP_237560107	WP_175284188
WP_237560107	WP_074512641
WP_237560107	WP_000440934
WP_237560107	WP_112872560
WP_237560107	WP_137420602
WP_237560107	WP_247121996
WP_237560107	WP_064055981
WP_237560107	WP_096982312
WP_237560107	WP_115728738
WP_237560107	WP_075843017
WP_237560107	WP_100017144
WP_237560107	WP_032287576
WP_237560107	WP_354019571
WP_237560107	WP_048239486
WP_237560107	WP_100039692
WP_237560107	WP_165469855
WP_237560107	WP_053883018
WP_237560107	WP_413177691
WP_237560107	WP_215462577
WP_237560107	WP_033545457
WP_237560107	WP_021541137
WP_237560107	WP_053898520
WP_237560107	WP_242816447
WP_237560107	WP_094252132
WP_237560107	WP_258291574
WP_237560107	WP_161525749
WP_237560107	WP_125059029
WP_237560107	WP_417930598
WP_237560107	WP_048229752
WP_237560107	WP_190268989
WP_237560107	WP_447629049
WP_237560107	WP_032648910
WP_237560107	WP_411306502
WP_237560107	WP_437748424
WP_237560107	WP_407601391
WP_237560107	WP_214593758
WP_237560107	WP_429054299
WP_237560107	WP_421002892
WP_237560107	WP_213729955
WP_237560107	WP_252008210
WP_237560107	WP_220421257
WP_237560107	WP_333074270
WP_237560107	WP_063428782
WP_237560107	WP_248218074
WP_237560107	WP_150146888
WP_237560107	WP_150057708
WP_237560107	WP_426021376
WP_237560107	WP_448637212
WP_237560107	WP_309949731
WP_237560107	WP_312316347
WP_237560107	WP_047647259
WP_237560107	WP_045402848
WP_237560107	WP_153688095
WP_237560107	WP_318068541
WP_237560107	WP_311215825
WP_237560107	WP_443463043
WP_237560107	WP_060616513
WP_237560107	WP_000440943
WP_237560107	WP_000440927
WP_237560107	WP_338390135
WP_237560107	WP_274757557
WP_237560107	WP_101151591
WP_237560107	WP_089637660
WP_237560107	WP_134710014
WP_237560107	WP_248890484
WP_237560107	WP_137556384
WP_237560107	WP_097759860
WP_237560107	WP_001494300
WP_237560107	WP_158179584
WP_237560107	WP_123178491
WP_237560107	WP_001665552
WP_237560107	WP_001708083
WP_237560107	WP_219394999
WP_237560107	WP_141219975
WP_237560107	WP_449402486
WP_237560107	WP_032241338
WP_237560107	WP_032224454
WP_237560107	WP_484613398
WP_237560107	WP_024216744
WP_237560107	WP_126851145
WP_237560107	WP_277108044
WP_237560107	WP_142436102
WP_237560107	WP_063625027
WP_237560107	WP_032190180
WP_237560107	WP_044068806
WP_237560107	WP_050016680
WP_237560107	WP_096883818
WP_237560107	WP_062865479
WP_237560107	WP_149844486
WP_237560107	WP_454768091
WP_237560107	WP_096885247
WP_237560107	WP_042014610
WP_237560107	WP_274545352
WP_237560107	WP_349333715
WP_237560107	WP_354016745
WP_237560107	WP_196359325
WP_237560107	WP_316377612
WP_237560107	WP_241512506
WP_237560107	WP_425968136
WP_237560107	WP_032623909
WP_237560107	WP_483543835
WP_237560107	WP_411777398
WP_237560107	WP_248100103
WP_237560107	WP_367071168
WP_237560107	WP_481229428
WP_237560107	WP_346395922
WP_237560107	WP_032663189
WP_237560107	WP_045334373
WP_237560107	WP_094916094
WP_237560107	WP_219358298
WP_237560107	WP_333107143
WP_237560107	WP_008500926
WP_237560107	WP_200924361
WP_237560107	WP_461718584
WP_237560107	WP_048962781
WP_237560107	WP_248208045
WP_237560107	WP_148052581
WP_237560107	WP_370883458
WP_237560107	WP_126786727
WP_237560107	WP_369398509
WP_237560107	WP_254486494
WP_237560107	WP_370553523
WP_237560107	WP_286616404
WP_237560107	WP_072662939
WP_237560107	WP_353524210
WP_237560107	WP_247148977
WP_237560107	WP_106475212
WP_237560107	WP_049589655
WP_237560107	WP_273662919
WP_237560107	WP_073507300
WP_237560107	WP_074463955
WP_237560107	WP_097759657
WP_237560107	WP_266184631
WP_237560107	WP_065898475
WP_237560107	WP_001561660
WP_237560107	WP_115423328
WP_237560107	WP_435940947
WP_237560107	WP_001610464
WP_237560107	WP_178890004
WP_237560107	WP_062883414
WP_237560107	WP_476701522
WP_237560107	WP_139523453
WP_237560107	WP_097470110
WP_237560107	WP_332131090
WP_237560107	WP_196325989
WP_237560107	WP_282987683
WP_237560107	WP_410232308
WP_237560107	WP_024222728
WP_237560107	WP_021553728
WP_237560107	WP_116836462
WP_237560107	WP_001410521
WP_237560107	WP_308072519
WP_237560107	WP_042091505
WP_237560107	WP_097477117
WP_237560107	WP_032296325
WP_237560107	WP_096842381
WP_237560107	WP_113495819
WP_237560107	WP_175964634
WP_237560107	WP_333950473
WP_237560107	WP_044710595
WP_237560107	WP_273823760
WP_237560107	WP_479416554
WP_237560107	WP_193035497
WP_237560107	WP_047062568
WP_237560107	WP_423400524
WP_237560107	WP_265186909
WP_237560107	WP_371897290
WP_237560107	WP_319854312
WP_237560107	WP_324286614
WP_237560107	WP_063137692
WP_237560107	WP_121931938
WP_237560107	WP_262822342
WP_237560107	WP_262820235
WP_237560107	WP_368525149
WP_237560107	WP_048975790
WP_237560107	WP_039025032
WP_237560107	WP_348570333
WP_237560107	WP_339274711
WP_237560107	WP_318155477
WP_237560107	WP_250128117
WP_237560107	WP_248038883
WP_237560107	WP_449506260
WP_237560107	WP_219321802
WP_237560107	WP_479441988
WP_237560107	WP_313070590
WP_237560107	WP_246946447
WP_237560107	WP_023312470
WP_237560107	WP_319876324
WP_237560107	WP_036114739
WP_237560107	WP_370558720
WP_237560107	WP_411931578
WP_237560107	WP_061357142
WP_237560107	WP_182410973
WP_237560107	WP_170896522
WP_237560107	WP_000440913
WP_237560107	WP_106708465
WP_237560107	WP_096961750
WP_237560107	WP_097513621
WP_237560107	WP_097430733
WP_237560107	WP_074523109
WP_237560107	WP_038988643
WP_237560107	WP_071549973
WP_237560107	WP_052929036
WP_237560107	WP_069914883
WP_237560107	WP_284996696
WP_237560107	WP_063090547
WP_237560107	WP_249563173
WP_237560107	WP_096971607
WP_237560107	WP_238924392
WP_237560107	WP_039080468
WP_237560107	WP_069914016
WP_237560107	WP_261635376
WP_237560107	WP_097603769
WP_237560107	WP_115200322
WP_237560107	WP_130055697
WP_237560107	WP_064559282
WP_237560107	WP_097759308
WP_237560107	WP_137459860
WP_237560107	WP_436932871
WP_237560107	WP_462124408
WP_237560107	WP_096939026
WP_237560107	WP_367613343
WP_237560107	WP_089575282
WP_237560107	WP_097425322
WP_237560107	WP_152079714
WP_237560107	WP_064244809
WP_237560107	WP_032357121
WP_237560107	WP_059218243
WP_237560107	WP_137650857
WP_237560107	WP_048247085
WP_237560107	WP_003859326
WP_237560107	WP_267589969
WP_237560107	WP_090278886
WP_237560107	WP_047353476
WP_237560107	WP_213748615
WP_237560107	WP_063199043
WP_237560107	WP_260659113
WP_237560107	WP_431642364
WP_237560107	WP_108416597
WP_237560107	WP_069720469
WP_237560107	WP_334751855
WP_237560107	WP_214554234
WP_237560107	WP_248201091
WP_237560107	WP_045351882
WP_237560107	WP_431648229
WP_237560107	WP_150319256
WP_237560107	WP_335252213
WP_237560107	WP_252015829
WP_237560107	WP_049137316
WP_237560107	WP_151887815
WP_237560107	WP_309264243
WP_237560107	WP_320716783
WP_237560107	WP_483944401
WP_237560107	WP_334140860
WP_237560107	WP_454543563
WP_237560107	WP_474213498
WP_237560107	WP_478347737
WP_237560107	WP_370557671
WP_237560107	WP_338384890
WP_237560107	WP_000440907
WP_237560107	WP_061353055
WP_237560107	WP_332965384
WP_237560107	WP_115776200
WP_237560107	WP_032181659
WP_237560107	WP_097435904
WP_237560107	WP_097730068
WP_237560107	WP_340577270
WP_237560107	WP_207382168
WP_237560107	WP_089646889
WP_237560107	WP_000440902
WP_237560107	WP_338388255
WP_237560107	WP_447323624
WP_237560107	WP_097333791
WP_237560107	WP_000440893
WP_237560107	WP_201514418
WP_237560107	WP_016243096
WP_237560107	WP_239593917
WP_237560107	WP_447328742
WP_237560107	WP_196106938
WP_237560107	WP_105955775
WP_237560107	WP_334286118
WP_237560107	WP_213279010
WP_237560107	WP_115176947
WP_237560107	WP_130564189
WP_237560107	WP_193328209
WP_237560107	WP_213847505
WP_237560107	WP_322882458
WP_237560107	WP_119160049
WP_237560107	WP_424257173
WP_237560107	WP_316420928
WP_237560107	WP_199397374
WP_237560107	WP_107200209
WP_237560107	WP_105454915
WP_237560107	WP_016158621
WP_237560107	WP_146713490
WP_237560107	WP_059234731
WP_237560107	WP_340502181
WP_237560107	WP_310821856
WP_237560107	WP_214586877
WP_237560107	WP_319858488
WP_237560107	WP_368745064
WP_237560107	WP_202773430
WP_237560107	WP_126503303
WP_237560107	WP_421767518
WP_237560107	WP_180243342
WP_237560107	WP_323344058
WP_237560107	WP_434924265
WP_237560107	WP_014832693
WP_237560107	WP_128347439
WP_237560107	WP_134347855
WP_237560107	WP_368278423
WP_237560107	WP_476696021
WP_237560107	WP_302218983
WP_237560107	WP_348582809
WP_237560107	WP_439198562
WP_237560107	WP_087855399
WP_237560107	WP_438369038
WP_237560107	WP_336223044
WP_237560107	WP_279258465
WP_237560107	WP_279749922
WP_237560107	WP_312581617
WP_237560107	WP_368743360
WP_237560107	WP_234650020
WP_237560107	WP_400444746
WP_237560107	WP_064595031
WP_237560107	WP_302528124
WP_237560107	WP_219388001
WP_237560107	WP_205853445
WP_237560107	WP_029392851
WP_237560107	WP_338300964
WP_237560107	WP_277108257
WP_237560107	WP_464350886
WP_237560107	WP_096097528
WP_237560107	WP_073446200
WP_237560107	WP_175202607
WP_237560107	WP_032281211
WP_237560107	WP_000440896
WP_237560107	WP_086217293
WP_237560107	WP_032228521
WP_237560107	WP_258314197
WP_237560107	WP_222902230
WP_237560107	WP_225402477
WP_237560107	WP_096986568
WP_237560107	WP_089563483
WP_237560107	WP_438443908
WP_237560107	WP_097444815
WP_237560107	WP_255072910
WP_237560107	WP_039080333
WP_237560107	WP_438387199
WP_237560107	WP_160513474
WP_237560107	WP_097480869
WP_237560107	WP_032251912
WP_237560107	WP_174270395
WP_237560107	WP_176261887
WP_237560107	WP_229982286
WP_237560107	WP_176316559
WP_237560107	WP_089698905
WP_237560107	WP_137506917
WP_237560107	WP_021522152
WP_237560107	WP_244756167
WP_237560107	WP_000440932
WP_237560107	WP_021544042
WP_237560107	WP_000440936
WP_237560107	WP_273822811
WP_237560107	WP_432276532
WP_237560107	WP_032659578
WP_237560107	WP_017383383
WP_237560107	WP_350360015
WP_237560107	WP_086598527
WP_237560107	WP_439196406
WP_237560107	WP_448854035
WP_237560107	WP_150312657
WP_237560107	WP_260662345
WP_237560107	WP_148400417
WP_237560107	WP_118282954
WP_237560107	WP_183169221
WP_237560107	WP_248244068
WP_237560107	WP_214576687
WP_237560107	WP_208594231
WP_237560107	WP_111986601
WP_237560107	WP_481219615
WP_237560107	WP_479983985
WP_237560107	WP_177317687
WP_237560107	WP_337253536
WP_237560107	WP_193052319
WP_237560107	WP_221709483
WP_237560107	WP_041909013
WP_237560107	WP_043864890
WP_237560107	WP_370732963
WP_237560107	WP_033146030
WP_237560107	WP_236347962
WP_237560107	WP_226571083
WP_237560107	WP_112045337
WP_237560107	WP_414137823
WP_237560107	WP_001530610
WP_237560107	WP_228594550
WP_237560107	WP_304407794
WP_237560107	WP_454078056
WP_237560107	WP_286506996
WP_237560107	WP_025693419
WP_237560107	WP_119170247
WP_237560107	WP_202790825
WP_237560107	WP_032258596
WP_237560107	WP_096308249
WP_237560107	WP_000440904
WP_237560107	WP_074484656
WP_237560107	WP_097519073
WP_237560107	WP_134810347
WP_237560107	WP_000440914
WP_237560107	WP_097342945
WP_237560107	WP_039064661
WP_237560107	WP_085457629
WP_237560107	WP_161402818
WP_237560107	WP_160437912
WP_237560107	WP_074525948
WP_237560107	WP_171460623
WP_237560107	WP_105287796
WP_237560107	WP_000440933
WP_237560107	WP_021556983
WP_237560107	WP_228244595
WP_237560107	WP_063611498
WP_237560107	WP_241325330
WP_237560107	WP_168249563
WP_237560107	WP_137543160
WP_237560107	WP_262035217
WP_237560107	WP_000440923
WP_237560107	WP_000440941
WP_237560107	WP_097727963
WP_237560107	WP_059267400
WP_237560107	WP_181811775
WP_237560107	WP_023295057
WP_237560107	WP_148384247
WP_237560107	WP_217202332
WP_237560107	WP_045337657
WP_237560107	WP_317457807
WP_237560107	WP_063146225
WP_237560107	WP_213328185
WP_237560107	WP_211449667
WP_237560107	WP_297121949
WP_237560107	WP_447629755
WP_237560107	WP_395999645
WP_237560107	WP_023616710
WP_237560107	WP_125364584
WP_237560107	WP_211944400
WP_237560107	WP_414670582
WP_237560107	WP_234099073
WP_237560107	WP_151413986
WP_237560107	WP_248210461
WP_237560107	WP_454528507
WP_237560107	WP_139936161
WP_237560107	WP_100169960
WP_237560107	WP_163347149
WP_237560107	WP_279256317
WP_237560107	WP_313714498
WP_237560107	WP_320717266
WP_237560107	WP_063408473
WP_237560107	WP_152081630
WP_237560107	WP_002439869
WP_237560107	WP_456195963
WP_237560107	WP_024522901
WP_237560107	WP_113417008
WP_237560107	WP_097307583
WP_237560107	WP_047600985
WP_237560107	WP_032352349
WP_237560107	WP_032234947
WP_237560107	WP_455467012
WP_237560107	WP_089667008
WP_237560107	WP_147699414
WP_237560107	WP_074464942
WP_237560107	WP_032358671
WP_237560107	WP_304478940
WP_237560107	WP_317569490
WP_237560107	WP_327744309
WP_237560107	WP_136747286
WP_237560107	WP_225383274
WP_237560107	WP_000440869
WP_237560107	WP_072662333
WP_237560107	WP_315689012
WP_237560107	WP_409033115
WP_237560107	WP_096888584
WP_237560107	WP_158145347
WP_237560107	WP_097479929
WP_237560107	WP_267660243
WP_237560107	WP_413932484
WP_237560107	WP_033871194
WP_237560107	WP_053291846
WP_237560107	WP_094029715
WP_237560107	WP_171854800
WP_237560107	WP_405072855
WP_237560107	WP_247172249
WP_237560107	WP_311022199
WP_237560107	WP_097292502
WP_237560107	WP_087890396
WP_237560107	WP_032343738
WP_237560107	WP_033553498
WP_237560107	WP_000440930
WP_237560107	WP_387343586
WP_237560107	WP_137650131
WP_237560107	WP_473777332
WP_237560107	WP_032609695
WP_237560107	WP_039270353
WP_237560107	WP_165465807
WP_237560107	WP_323307843
WP_237560107	WP_128339153
WP_237560107	WP_155024753
WP_237560107	WP_023300585
WP_237560107	WP_475683624
WP_237560107	WP_395300514
WP_237560107	WP_266178725
WP_237560107	WP_063143780
WP_237560107	WP_334762646
WP_237560107	WP_320737590
WP_237560107	WP_192983131
WP_237560107	WP_458727896
WP_237560107	WP_191979506
WP_237560107	WP_070534223
WP_237560107	WP_459921477
WP_237560107	WP_204624828
WP_237560107	WP_249576131
WP_237560107	WP_150343179
WP_237560107	WP_479442608
WP_237560107	WP_323633501
WP_237560107	WP_395304258
WP_237560107	WP_248233438
WP_237560107	WP_312073360
WP_237560107	WP_220710390
WP_237560107	WP_080954927
WP_237560107	WP_235637485
WP_237560107	WP_021559372
WP_237560107	WP_104768297
WP_237560107	WP_001641943
WP_237560107	WP_096777958
WP_237560107	WP_096210945
WP_237560107	WP_128484145
WP_237560107	WP_112046517
WP_237560107	WP_096959751
WP_237560107	WP_340543731
WP_237560107	WP_270343013
WP_237560107	WP_000440906
WP_237560107	WP_137659809
WP_237560107	WP_001600168
WP_237560107	WP_323630022
WP_237560107	WP_097769458
WP_237560107	WP_137465266
WP_237560107	WP_302315906
WP_237560107	WP_232192651
WP_237560107	WP_460208609
WP_237560107	WP_219411478
WP_237560107	WP_193112226
WP_237560107	WP_454543138
WP_237560107	WP_438898693
WP_237560107	WP_097737578
WP_237560107	WP_414225320
WP_237560107	WP_112915171
WP_237560107	WP_366949041
WP_237560107	WP_097336311
WP_237560107	WP_039061562
WP_237560107	WP_089558722
WP_237560107	WP_174144202
WP_237560107	WP_069912977
WP_237560107	WP_096843156
WP_237560107	WP_032292804
WP_237560107	WP_050946947
WP_237560107	WP_208631164
WP_237560107	WP_000440942
WP_237560107	WP_375601579
WP_237560107	WP_439190687
WP_237560107	WP_150317584
WP_237560107	WP_271040360
WP_237560107	WP_193527684
WP_237560107	WP_045620890
WP_237560107	WP_280005763
WP_237560107	WP_332986004
WP_237560107	WP_473359783
WP_237560107	WP_192544452
WP_237560107	WP_083020977
WP_237560107	WP_013097956
WP_237560107	WP_248058450
WP_237560107	WP_126303467
WP_237560107	WP_039266757
WP_237560107	WP_248225927
WP_237560107	WP_219368880
WP_237560107	WP_048960193
WP_237560107	WP_045259731
WP_237560107	WP_252068331
WP_237560107	WP_248094051
WP_237560107	WP_228176570
WP_237560107	WP_448868537
WP_237560107	WP_312386200
WP_237560107	WP_333016544
WP_237560107	WP_312312254
WP_237560107	WP_454541161
WP_237560107	WP_005759483
WP_237560107	WP_077482441
WP_237560107	WP_089521380
WP_237560107	WP_247862107
WP_237560107	WP_113449328
WP_237560107	WP_085008204
WP_237560107	WP_247175114
WP_237560107	WP_166431543
WP_237560107	WP_112919805
WP_237560107	WP_088129391
WP_237560107	WP_137565210
WP_237560107	WP_196615894
WP_237560107	WP_000440881
WP_237560107	WP_236530545
WP_237560107	WP_482515939
WP_237560107	WP_266105534
WP_237560107	WP_160465360
WP_237560107	WP_000440898
WP_237560107	WP_137489352
WP_237560107	WP_047672450
WP_237560107	WP_307897589
WP_237560107	WP_473418382
WP_237560107	WP_096978012
WP_237560107	WP_215261751
WP_237560107	WP_094770919
WP_237560107	WP_021539961
WP_237560107	WP_032177489
WP_237560107	WP_000440917
WP_237560107	WP_324628017
WP_237560107	WP_221054871
WP_237560107	WP_109746011
WP_237560107	WP_119152847
WP_237560107	WP_032184607
WP_237560107	WP_113355119
WP_237560107	WP_115444852
WP_237560107	WP_001516708
WP_237560107	WP_077137280
WP_237560107	WP_105233319
WP_237560107	WP_000440946
WP_237560107	WP_040117879
WP_237560107	WP_023324967
WP_237560107	WP_333115537
WP_237560107	WP_193033360
WP_237560107	WP_045285163
WP_237560107	WP_336196142
WP_237560107	WP_063163786
WP_237560107	WP_237844455
WP_237560107	WP_296228770
WP_237560107	WP_256063075
WP_237560107	WP_095427710
WP_237560107	WP_020690129
WP_237560107	WP_233002581
WP_237560107	WP_331395169
WP_237560107	WP_373993998
WP_237560107	WP_161669971
WP_237560107	WP_059354467
WP_237560107	WP_149366475
WP_237560107	WP_047367961
WP_237560107	WP_126345342
WP_237560107	WP_410376344
WP_237560107	WP_063155034
WP_237560107	WP_394245826
WP_237560107	WP_220397652
WP_237560107	WP_338234305
WP_237560107	WP_420298018
WP_237560107	WP_161660407
WP_237560107	WP_000440922
WP_237560107	WP_000440928
WP_237560107	WP_095140228
WP_237560107	WP_113401752
WP_237560107	WP_473718940
WP_237560107	WP_160393209
WP_237560107	WP_096945778
WP_237560107	WP_268632831
WP_237560107	WP_326395728
WP_237560107	WP_096930807
WP_237560107	WP_032171583
WP_237560107	WP_148900104
WP_237560107	WP_234694522
WP_237560107	WP_075319398
WP_237560107	WP_085454061
WP_237560107	WP_407221251
WP_237560107	WP_423709180
WP_237560107	WP_222700218
WP_237560107	WP_171869465
WP_237560107	WP_447330573
WP_237560107	WP_195752926
WP_237560107	WP_136766582
WP_237560107	WP_000440868
WP_237560107	WP_231369466
WP_237560107	WP_481245970
WP_237560107	WP_220401315
WP_237560107	WP_311016664
WP_237560107	WP_260225073
WP_237560107	WP_032294254
WP_237560107	WP_135113287
WP_237560107	WP_001578656
WP_237560107	WP_062892672
WP_237560107	WP_001764728
WP_237560107	WP_000440909
WP_237560107	WP_032340879
WP_237560107	WP_000440931
WP_237560107	WP_389309740
WP_237560107	WP_103053719
WP_237560107	WP_332679726
WP_237560107	WP_045343783
WP_237560107	WP_058689085
WP_237560107	WP_229226912
WP_237560107	WP_234979288
WP_237560107	WP_342698459
WP_237560107	WP_196094980
WP_237560107	WP_157507196
WP_237560107	WP_410975645
WP_237560107	WP_253179571
WP_237560107	WP_202770698
WP_237560107	WP_205923565
WP_237560107	WP_336668712
WP_237560107	WP_232943822
WP_237560107	WP_320713170
WP_237560107	WP_198885863
WP_237560107	WP_414747062
WP_237560107	WP_133294815
WP_237560107	WP_347485230
WP_237560107	WP_248070839
WP_237560107	WP_337280995
WP_237560107	WP_259364103
WP_237560107	WP_063437084
WP_237560107	WP_063214756
WP_237560107	WP_463727115
WP_237560107	WP_087823030
WP_237560107	WP_302223724
WP_237560107	WP_153681813
WP_237560107	WP_077999270
WP_237560107	WP_147723508
WP_237560107	WP_044316869
WP_237560107	WP_094171585
WP_237560107	WP_096176715
WP_237560107	WP_136698233
WP_237560107	WP_408585360
WP_237560107	WP_000440878
WP_237560107	WP_053276185
WP_237560107	WP_097487604
WP_237560107	WP_176264508
WP_237560107	WP_460217054
WP_237560107	WP_000440879
WP_237560107	WP_087895725
WP_237560107	WP_000440921
WP_237560107	WP_088563364
WP_237560107	WP_202794168
WP_237560107	WP_097345281
WP_237560107	WP_224083303
WP_237560107	WP_085458891
WP_237560107	WP_113350278
WP_237560107	WP_032173917
WP_237560107	WP_032209452
WP_237560107	WP_089644130
WP_237560107	WP_446848269
WP_237560107	WP_267320627
WP_237560107	WP_024017469
WP_237560107	WP_434916163
WP_237560107	WP_226148820
WP_237560107	WP_022296310
WP_237560107	WP_139482896
WP_237560107	WP_135121977
WP_237560107	WP_074517469
WP_237560107	WP_372570221
WP_237560107	WP_225104060
WP_237560107	WP_429933287
WP_237560107	WP_228192586
WP_237560107	WP_044316971
WP_237560107	WP_273809331
WP_237560107	WP_222701702
WP_237560107	WP_418250548
WP_237560107	WP_449261816
WP_237560107	WP_059385241
WP_237560107	WP_247824636
WP_237560107	WP_458670335
WP_237560107	WP_046619122
WP_237560107	WP_154051446
WP_237560107	WP_281959647
WP_237560107	WP_126817488
WP_237560107	WP_331411884
WP_237560107	WP_251999441
WP_237560107	WP_193148034
WP_237560107	WP_094943269
WP_237560107	WP_168979771
WP_237560107	WP_392410077
WP_237560107	WP_248244588
WP_237560107	WP_248036539
WP_237560107	WP_134211279
WP_237560107	WP_248200436
WP_237560107	WP_069733507
WP_237560107	WP_047355777
WP_237560107	WP_371005756
WP_237560107	WP_032642915
WP_237560107	WP_284556263
WP_237560107	WP_224979186
WP_237560107	WP_088208088
WP_237560107	WP_448891286
WP_237560107	WP_098143339
WP_237560107	WP_175984725
WP_237560107	WP_113446528
WP_237560107	WP_175055515
WP_237560107	WP_096169820
WP_237560107	WP_096260343
WP_237560107	WP_146368090
WP_237560107	WP_000440915
WP_237560107	WP_338893737
WP_237560107	WP_225856131
WP_237560107	WP_032178628
WP_237560107	WP_000440895
WP_237560107	WP_182623240
WP_237560107	WP_341768522
WP_237560107	WP_380111322
WP_237560107	WP_016244847
WP_237560107	WP_102218807
WP_237560107	WP_407986148
WP_237560107	WP_343494973
WP_237560107	WP_109551045
WP_237560107	WP_176252894
WP_237560107	WP_119176704
WP_237560107	WP_202785930
WP_237560107	WP_217609327
WP_237560107	WP_238873250
WP_237560107	WP_218076781
WP_237560107	WP_255864151
WP_237560107	WP_001739488
WP_237560107	WP_322267480
WP_237560107	WP_264821180
WP_237560107	WP_097415812
WP_237560107	WP_054575724
WP_237560107	WP_244345443
WP_237560107	WP_218071688
WP_237560107	WP_023908539
WP_237560107	WP_059319841
WP_237560107	WP_032225692
WP_237560107	WP_095574061
WP_237560107	WP_085456409
WP_237560107	WP_181199172
WP_237560107	WP_023304116
WP_237560107	WP_222656897
WP_237560107	WP_126765552
WP_237560107	WP_149121269
WP_237560107	WP_045349080
WP_237560107	WP_063841545
WP_237560107	WP_302215877
WP_237560107	WP_262182520
WP_237560107	WP_448668841
WP_237560107	WP_182381265
WP_237560107	WP_153907703
WP_237560107	WP_262750716
WP_237560107	WP_165556553
WP_237560107	WP_069598555
WP_237560107	WP_063453099
WP_237560107	WP_395291858
WP_237560107	WP_063957676
WP_237560107	WP_252051720
WP_237560107	WP_280027938
WP_237560107	WP_032641779
WP_237560107	WP_411763371
WP_237560107	WP_449541032
WP_237560107	WP_047363084
WP_237560107	WP_313438649
WP_237560107	WP_194400538
WP_237560107	WP_109845326
WP_237560107	WP_368777662
WP_237560107	WP_396464166
WP_237560107	WP_370557071
WP_237560107	WP_096293135
WP_237560107	WP_443462553
WP_237560107	WP_075320782
WP_237560107	WP_089558498
WP_237560107	WP_094322027
WP_237560107	WP_227264568
WP_237560107	WP_236281152
WP_237560107	WP_210648001
WP_237560107	WP_282318581
WP_237560107	WP_032251467
WP_237560107	WP_096990041
WP_237560107	WP_100620281
WP_237560107	WP_097477017
WP_237560107	WP_000440872
WP_237560107	WP_170886694
WP_237560107	WP_105076495
WP_237560107	WP_097439240
WP_237560107	WP_024704820
WP_237560107	WP_032267262
WP_237560107	WP_158121253
WP_237560107	WP_353804471
WP_237560107	WP_137471852
WP_237560107	WP_052988108
WP_237560107	WP_069354229
WP_237560107	WP_052998654
WP_237560107	WP_000440900
WP_237560107	WP_021569482
WP_237560107	WP_192959562
WP_237560107	WP_089620784
WP_237560107	WP_000440925
WP_237560107	WP_158114515
WP_237560107	WP_001531829
WP_237560107	WP_000440886
WP_237560107	WP_097745970
WP_237560107	WP_052894044
WP_237560107	WP_137598268
WP_237560107	WP_438425602
WP_237560107	WP_161537852
WP_237560107	WP_181588586
WP_237560107	WP_420256812
WP_237560107	WP_174402075
WP_237560107	WP_112791540
WP_237560107	WP_414190360
WP_237560107	WP_131636579
WP_237560107	WP_333051062
WP_237560107	WP_199126653
WP_237560107	WP_238459310
WP_237560107	WP_341495031
WP_237560107	WP_063426925
WP_237560107	WP_059311494
WP_237560107	WP_248078953
WP_237560107	WP_248248921
WP_237560107	WP_316961538
WP_237560107	WP_130626333
WP_237560107	WP_218307676
WP_237560107	WP_023293809
WP_237560107	WP_348574565
WP_237560107	WP_193532348
WP_237560107	WP_410299932
WP_237560107	WP_153852603
WP_237560107	WP_228338527
WP_237560107	WP_479981831
WP_237560107	WP_024908166
WP_237560107	WP_165459903
WP_237560107	WP_252002029
WP_237560107	WP_316287704
WP_237560107	WP_420299392
WP_237560107	WP_126722311
WP_237560107	WP_130562139
WP_237560107	WP_338894081
WP_237560107	WP_046608204
WP_237560107	WP_032283838
WP_237560107	WP_424703414
WP_237560107	WP_137491199
WP_237560107	WP_177309540
WP_237560107	WP_213831468
WP_237560107	WP_242425948
WP_237560107	WP_407907564
WP_237560107	WP_089618331
WP_237560107	WP_247169164
WP_237560107	WP_410995095
WP_237560107	WP_148245873
WP_237560107	WP_053265231
WP_237560107	WP_044697758
WP_237560107	WP_115448853
WP_237560107	WP_430993320
WP_237560107	WP_052985885
WP_237560107	WP_247151679
WP_237560107	WP_264689439
WP_237560107	WP_000440903
WP_237560107	WP_115438965
WP_237560107	WP_044865481
WP_237560107	WP_247166522
WP_237560107	WP_024250200
WP_237560107	WP_407984470
WP_237560107	WP_137505725
WP_237560107	WP_109963202
WP_237560107	WP_001461228
WP_237560107	WP_113842085
WP_237560107	WP_001538987
WP_237560107	WP_366995805
WP_237560107	WP_032182622
WP_237560107	WP_105289954
WP_237560107	WP_021501187
WP_237560107	WP_059238887
WP_237560107	WP_104919420
WP_237560107	WP_407205736
WP_237560107	WP_058652847
WP_237560107	WP_192459951
WP_237560107	WP_328763675
WP_237560107	WP_169722591
WP_237560107	WP_287655473
WP_237560107	WP_395314436
WP_237560107	WP_333065305
WP_237560107	WP_212473516
WP_237560107	WP_312972496
WP_237560107	WP_320386789
WP_237560107	WP_059359342
WP_237560107	WP_309176357
WP_237560107	WP_058678817
WP_237560107	WP_048224115
WP_237560107	WP_473706341
WP_237560107	WP_236278197
WP_237560107	WP_483862983
WP_237560107	WP_279261477
WP_237560107	WP_223579967
WP_237560107	WP_214600079
WP_237560107	WP_333078885
WP_237560107	WP_256027459
WP_237560107	WP_312296404
WP_237560107	WP_059444958
WP_237560107	WP_202560892
WP_237560107	WP_457842573
WP_237560107	WP_370549023
WP_237560107	WP_370546880
WP_237560107	WP_113398248
WP_237560107	WP_072643308
WP_237560107	WP_416044465
WP_237560107	WP_126716411
WP_237560107	WP_324701053
WP_237560107	WP_315965629
WP_237560107	WP_213789527
WP_237560107	WP_063069948
WP_237560107	WP_135122220
WP_237560107	WP_032296511
WP_237560107	WP_069916529
WP_237560107	WP_460201174
WP_237560107	WP_239352954
WP_237560107	WP_062872477
WP_237560107	WP_000440912
WP_237560107	WP_264831528
WP_237560107	WP_032175508
WP_237560107	WP_102353735
WP_237560107	WP_395531589
WP_237560107	WP_137582633
WP_237560107	WP_124052691
WP_237560107	WP_001711995
WP_237560107	WP_277563349
WP_237560107	WP_480941511
WP_237560107	WP_052920577
WP_237560107	WP_106486365
WP_237560107	WP_096846557
WP_237560107	WP_112004792
WP_237560107	WP_097736006
WP_237560107	WP_021516288
WP_237560107	WP_000440924
WP_237560107	WP_000440945
WP_237560107	WP_243046471
WP_237560107	WP_089579013
WP_237560107	WP_322470889
WP_237560107	WP_105269524
WP_237560107	WP_095575860
WP_237560107	WP_025238718
WP_237560107	WP_181673121
WP_237560107	WP_213761099
WP_237560107	WP_273902430
WP_237560107	WP_208283901
WP_237560107	WP_023306607
WP_237560107	WP_449506499
WP_237560107	WP_126490488
WP_237560107	WP_410022628
WP_237560107	WP_010433536
WP_237560107	WP_312959639
WP_237560107	WP_334399507
WP_237560107	WP_058680888
WP_237560107	WP_248059864
WP_237560107	WP_248089418
WP_237560107	WP_128311470
WP_237560107	WP_252451379
WP_237560107	WP_230136396
WP_237560107	WP_262770789
WP_237560107	WP_059372064
WP_237560107	WP_348575150
WP_237560107	WP_348571595
WP_237560107	WP_323282192
WP_237560107	WP_414743406
WP_237560107	WP_125915187
WP_237560107	WP_148242273
WP_237560107	WP_320741249
WP_237560107	WP_217071578
WP_237560107	WP_337285094
WP_237560107	WP_032291960
WP_237560107	WP_180485412
WP_237560107	WP_104774428
WP_237560107	WP_072657459
WP_237560107	WP_181027712
WP_237560107	WP_094308665
WP_237560107	WP_254521276
WP_237560107	WP_096849763
WP_237560107	WP_225383566
WP_237560107	WP_097402273
WP_237560107	WP_097346694
WP_237560107	WP_042014903
WP_237560107	WP_103743224
WP_237560107	WP_000440901
WP_237560107	WP_326380441
WP_237560107	WP_217290938
WP_237560107	WP_284564314
WP_237560107	WP_220410291
WP_237560107	WP_154305625
WP_237560107	WP_113450545
WP_237560107	WP_073691079
WP_237560107	WP_094316568
WP_237560107	WP_407985069
WP_237560107	WP_115202809
WP_237560107	WP_136828682
WP_237560107	WP_227472291
WP_237560107	WP_000440899
WP_237560107	WP_447354860
WP_237560107	WP_021552063
WP_237560107	WP_412728222
WP_237560107	WP_052895353
WP_237560107	WP_021565828
WP_237560107	WP_115241249
WP_237560107	WP_327643431
WP_237560107	WP_192951640
WP_237560107	WP_000440929
WP_237560107	WP_003564344
WP_237560107	WP_262929989
WP_237560107	WP_181669020
WP_237560107	WP_176609886
WP_237560107	WP_476587868
WP_237560107	WP_058663023
WP_237560107	WP_094919125
WP_237560107	WP_254308327
WP_237560107	WP_447723686
WP_237560107	WP_471725256
WP_237560107	WP_182400976
WP_237560107	WP_316383458
WP_237560107	WP_047361064
WP_237560107	WP_395998704
WP_237560107	WP_126324866
WP_237560107	WP_423946648
WP_237560107	WP_029883075
WP_237560107	WP_090392964
WP_237560107	WP_196354917
WP_237560107	WP_454532247
WP_237560107	WP_334351679
WP_237560107	WP_446489289
WP_237560107	WP_049011393
WP_237560107	WP_248270268
WP_237560107	WP_050737103
WP_237560107	WP_301508427
WP_237560107	WP_148768825
WP_237560107	WP_320720910
WP_237560107	WP_333486390
WP_237560107	WP_474797952
WP_237560107	WP_063120901
WP_237560107	WP_264120181
WP_237560107	WP_042038175
WP_237560107	WP_087902672
WP_237560107	WP_001559456
WP_237560107	WP_112043814
WP_237560107	WP_274473166
WP_237560107	WP_063073683
WP_237560107	WP_414022689
WP_237560107	WP_048972042
WP_237560107	WP_407237076
WP_237560107	WP_096851529
WP_237560107	WP_258133607
WP_237560107	WP_064225534
WP_237560107	WP_000440897
WP_237560107	WP_097310322
WP_237560107	WP_233336066
WP_237560107	WP_032215453
WP_237560107	WP_038431087
WP_237560107	WP_109554965
WP_237560107	WP_223724114
WP_237560107	WP_308733317
WP_237560107	WP_096998057
WP_237560107	WP_113328670
WP_237560107	WP_001425812
WP_237560107	WP_049036224
WP_237560107	WP_032261012
WP_237560107	WP_135560649
WP_237560107	WP_039020527
WP_237560107	WP_001525055
WP_237560107	WP_000440944
WP_237560107	WP_115763041
WP_237560107	WP_148496671
WP_237560107	WP_049094542
WP_237560107	WP_042092378
WP_237560107	WP_021551060
WP_237560107	WP_059225367
WP_237560107	WP_059275208
WP_237560107	WP_046080761
WP_237560107	WP_032669481
WP_237560107	WP_045340319
WP_237560107	WP_064489657
WP_237560107	WP_057059758
WP_237560107	WP_032658966
WP_237560107	WP_251843400
WP_237560107	WP_196366432
WP_237560107	WP_481977649
WP_237560107	WP_049084334
WP_237560107	WP_032646559
WP_237560107	WP_335276526
WP_237560107	WP_039263161
WP_237560107	WP_023344548
WP_237560107	WP_274452928
WP_237560107	WP_252074886
WP_237560107	WP_136195430
WP_237560107	WP_271368646
WP_237560107	WP_126307605
WP_237560107	WP_121528072
WP_237560107	WP_410380972
WP_237560107	WP_115875850
WP_237560107	WP_196358259
WP_237560107	WP_447615268
WP_237560107	WP_312724954
WP_237560107	WP_262129548
WP_237560107	WP_241174661
WP_237560107	WP_282483826
WP_237560107	WP_438333876
WP_237560107	WP_370555776
WP_237560107	WP_416850598
WP_237560107	WP_473048173
WP_237560107	WP_001468969
WP_237560107	WP_072666594
WP_237560107	WP_097731766
WP_237560107	WP_137480638
WP_237560107	WP_032141904
WP_237560107	WP_104457579
WP_237560107	WP_021570365
WP_237560107	WP_061356407
WP_237560107	WP_167580404
WP_237560107	WP_126772542
WP_237560107	WP_247145313
WP_237560107	WP_089576607
WP_237560107	WP_074523654
WP_237560107	WP_000440880
WP_237560107	WP_103809334
WP_237560107	WP_152935782
WP_237560107	WP_096001912
WP_237560107	WP_305854768
WP_237560107	WP_273883192
WP_237560107	WP_316418689
WP_237560107	WP_260913578
WP_237560107	WP_042097430
WP_237560107	WP_053286917
WP_237560107	WP_063611722
WP_237560107	WP_021523185
WP_237560107	WP_264717085
WP_237560107	WP_222902909
WP_237560107	WP_373361131
WP_237560107	WP_033803914
WP_237560107	WP_139509188
WP_237560107	WP_001688727
WP_237560107	WP_174246320
WP_237560107	WP_121378042
WP_237560107	WP_176242217
WP_237560107	WP_125317514
WP_237560107	WP_256877407
WP_237560107	WP_253174788
WP_237560107	WP_045330731
WP_237560107	WP_102750712
WP_237560107	WP_316361636
WP_237560107	WP_484826953
WP_237560107	WP_252060933
WP_237560107	WP_022648696
WP_237560107	WP_423397587
WP_237560107	WP_473212683
WP_237560107	WP_447288429
WP_237560107	WP_096927557
WP_237560107	WP_196372628
WP_237560107	WP_063622100
WP_237560107	WP_094934144
WP_237560107	WP_348592092
WP_237560107	WP_420300658
WP_237560107	WP_058654872
WP_237560107	WP_095439723
WP_237560107	WP_252462597
WP_237560107	WP_479984294
WP_237560107	WP_207968436
WP_237560107	WP_032680592
WP_237560107	WP_155026308
WP_237560107	WP_063156647
WP_237560107	WP_431624774
WP_237560107	WP_346806112
WP_237560107	WP_313827086
WP_237560107	WP_252067570
WP_237560107	WP_001551362
WP_237560107	WP_001618722
WP_237560107	WP_187765877
WP_237560107	WP_110991426
WP_237560107	WP_115186361
WP_237560107	WP_136691719
WP_237560107	WP_096306902
WP_237560107	WP_350425258
WP_237560107	WP_366989094
WP_237560107	WP_407808757
WP_237560107	WP_180437999
WP_237560107	WP_180487839
WP_237560107	WP_000440911
WP_237560107	WP_000440910
WP_237560107	WP_062895941
WP_237560107	WP_203396642
WP_237560107	WP_001625503
WP_237560107	WP_096261181
WP_237560107	WP_260252425
WP_237560107	WP_262928745
WP_237560107	WP_089564052
WP_237560107	WP_106907377
WP_237560107	WP_161620299
WP_237560107	WP_421168074
WP_237560107	WP_252332584
WP_237560107	WP_000440874
WP_237560107	WP_441012551
WP_237560107	WP_000440890
WP_237560107	WP_063081206
WP_237560107	WP_435955160
WP_237560107	WP_137485670
WP_237560107	WP_053811545
WP_237560107	WP_406541148
WP_237560107	WP_139615327
WP_237560107	WP_071342943
WP_237560107	WP_275363310
WP_237560107	WP_256879031
WP_237560107	WP_414132902
WP_237560107	WP_223666313
WP_237560107	WP_252067133
WP_237560107	WP_336219293
WP_237560107	WP_063946225
WP_237560107	WP_048973476
WP_237560107	WP_333120936
WP_237560107	WP_143346733
WP_237560107	WP_250116314
WP_237560107	WP_462825148
WP_237560107	WP_447206554
WP_237560107	WP_194515702
WP_237560107	WP_248062545
WP_237560107	WP_129324305
WP_237560107	WP_348554340
WP_237560107	WP_276853059
WP_237560107	WP_325849425
WP_237560107	WP_473209413
WP_237560107	WP_223536660
WP_237560107	WP_248110546
WP_237560107	WP_163332488
WP_237560107	WP_032678573
WP_237560107	WP_104440144
WP_237560107	WP_121425319
WP_237560107	WP_161177090
WP_237560107	WP_219366284
WP_237560107	WP_047744322
WP_237560107	WP_248196234
WP_237560107	WP_213770326
WP_237560107	WP_097454108
WP_237560107	WP_223647931
WP_237560107	WP_160191226
WP_237560107	WP_000440894
WP_237560107	WP_448068569
WP_237560107	WP_164475610
WP_237560107	WP_149448983
WP_237560107	WP_370558378
WP_237560107	WP_052935770
WP_237560107	WP_439664956
WP_237560107	WP_440235490
WP_237560107	WP_257244188
WP_237560107	WP_205859920
WP_237560107	WP_001543475
WP_237560107	WP_473000512
WP_237560107	WP_223374879
WP_237560107	WP_000440920
WP_237560107	WP_114211874
WP_237560107	WP_308784911
WP_237560107	WP_268605366
WP_237560107	WP_097510976
WP_237560107	WP_442671199
WP_237560107	WP_302784932
WP_237560107	WP_130057198
WP_237560107	WP_447326397
WP_237560107	WP_374068441
WP_237560107	WP_096187456
WP_237560107	WP_059341938
WP_237560107	WP_061344111
WP_237560107	WP_137496099
WP_237560107	WP_460199775
WP_237560107	WP_152071507
WP_237560107	WP_097481885
WP_237560107	WP_262203586
WP_237560107	WP_032355963
WP_237560107	WP_225762451
WP_237560107	WP_269695136
WP_237560107	WP_059214341
WP_237560107	WP_333000720
WP_237560107	WP_242172123
WP_237560107	WP_059371044
WP_237560107	WP_302615571
WP_237560107	WP_252088259
WP_237560107	WP_271074991
WP_237560107	WP_063853855
WP_237560107	WP_407597680
WP_237560107	WP_440668440
WP_237560107	WP_369604337
WP_237560107	WP_315620861
WP_237560107	WP_269772633
WP_237560107	WP_044597901
WP_237560107	WP_316463139
WP_237560107	WP_252108381
WP_237560107	WP_395313108
WP_237560107	WP_463701448
WP_237560107	WP_421140874
WP_237560107	WP_227879032
WP_237560107	WP_439207999
WP_237560107	WP_431618084
WP_237560107	WP_324279680
WP_237560107	WP_059306320
WP_237560107	WP_371183460
WP_237560107	WP_048992530
WP_237560107	WP_102890472
WP_237560107	WP_101737280
WP_237560107	WP_253383592
WP_237560107	WP_236936518
WP_237560107	WP_224504805
WP_237560107	WP_135424097
WP_237560107	WP_097472743
WP_237560107	WP_266242863
WP_237560107	WP_243187341
WP_237560107	WP_318838365
WP_237560107	WP_332850773
WP_237560107	WP_462601154
WP_237560107	WP_257866006
WP_237560107	WP_113001992
WP_237560107	WP_174611475
WP_237560107	WP_169781159
WP_237560107	WP_052894883
WP_237560107	WP_139947049
WP_237560107	WP_097511990
WP_237560107	WP_242813372
WP_237560107	WP_213199048
WP_237560107	WP_063120246
WP_237560107	WP_063625179
WP_237560107	WP_024218800
WP_237560107	WP_044782663
WP_237560107	WP_032249177
WP_237560107	WP_137511288
WP_237560107	WP_205941369
WP_237560107	WP_073544177
WP_237560107	WP_136148018
WP_237560107	WP_196084809
WP_237560107	WP_270382118
WP_237560107	WP_021513720
WP_237560107	WP_103556539
WP_237560107	WP_136787941
WP_237560107	WP_218073493
WP_237560107	WP_200146305
WP_237560107	WP_237999856
WP_237560107	WP_181478292
WP_237560107	WP_000440940
WP_237560107	WP_054410618
WP_237560107	WP_375090127
WP_237560107	WP_164691793
WP_237560107	WP_063450319
WP_237560107	WP_059444778
WP_237560107	WP_370971528
WP_237560107	WP_045333656
WP_237560107	WP_248226806
WP_237560107	WP_058677663
WP_237560107	WP_221552756
WP_237560107	WP_447852654
WP_237560107	WP_181531295
WP_237560107	WP_343645618
WP_237560107	WP_248192249
WP_237560107	WP_110915284
WP_237560107	WP_264880781
WP_237560107	WP_063435763
WP_237560107	WP_129344907
WP_237560107	WP_277737778
WP_237560107	WP_178327528
WP_237560107	WP_088204794
WP_237560107	WP_458659722
WP_237560107	WP_117581202
WP_237560107	WP_113656071
WP_237560107	WP_023330923
WP_237560107	WP_061714755
WP_237560107	WP_248161827
WP_237560107	WP_006176421
WP_237560107	WP_104950510
WP_237560107	WP_239911338
WP_237560107	WP_112920543
WP_237560107	WP_322265779
WP_237560107	WP_200997215
WP_237560107	WP_219370598
WP_237560107	WP_407992648
WP_237560107	WP_097742611
WP_237560107	WP_264114669
WP_237560107	WP_097448473
WP_237560107	WP_045174145
WP_237560107	WP_197344608
WP_237560107	WP_330202047
WP_237560107	WP_227478342
WP_237560107	WP_136697531
WP_237560107	WP_089513614
WP_237560107	WP_206355220
WP_237560107	WP_475695670
WP_237560107	WP_089590328
WP_237560107	WP_464289510
WP_237560107	WP_332104187
WP_237560107	WP_115424771
WP_237560107	WP_247205722
WP_237560107	WP_280078672
WP_237560107	WP_137579108
WP_237560107	WP_281986266
WP_237560107	WP_337455748
WP_237560107	WP_001602954
WP_237560107	WP_139493055
WP_237560107	WP_366959163
WP_237560107	WP_410293126
WP_237560107	WP_218790449
WP_237560107	WP_088541312
WP_237560107	WP_000440885
WP_237560107	WP_105453635
WP_237560107	WP_000440882
WP_237560107	WP_187229242
WP_237560107	WP_262932825
WP_237560107	WP_204620087
WP_237560107	WP_222700535
WP_237560107	WP_045347850
WP_237560107	WP_023314543
WP_237560107	WP_251994145
WP_237560107	WP_047959103
WP_237560107	WP_275151070
WP_237560107	WP_417648080
WP_237560107	WP_320678404
WP_237560107	WP_475684932
WP_237560107	WP_126796652
WP_237560107	WP_270783672
WP_237560107	WP_193139708
WP_237560107	WP_431615857
WP_237560107	WP_021241506
WP_237560107	WP_320725622
WP_237560107	WP_445350575
WP_237560107	WP_047346562
WP_237560107	WP_023337545
WP_237560107	WP_126326824
WP_237560107	WP_060571610
WP_237560107	WP_302232676
WP_237560107	WP_410394902
WP_237560107	WP_154849106
WP_237560107	WP_313773039
WP_237560107	WP_325759509
WP_237560107	WP_332951796
WP_237560107	WP_474212142
WP_237560107	WP_267215077
WP_237560107	WP_100152940
WP_237560107	WP_230610443
WP_237560107	WP_329958615
WP_237560107	WP_130593661
WP_237560107	WP_140917960
WP_237560107	WP_275075064
WP_237560107	WP_432652733
WP_237560107	WP_219244235
WP_237560107	WP_349490780
WP_237560107	WP_273839128
